day,tx_count,sum_sent,sum_fees
2016-02-08,2037,2150962.87437115,84.46511999
2016-02-09,8939,1482425.54973677,426.94270000
2016-02-10,4214,317700.59360521,235.42523003
2016-02-11,6960,225285.20473320,369.59019000
2016-02-12,4225,314305.00411660,203.50090000
2016-02-13,1590,134811.79798227,64.88115000
2016-02-14,1925,174099.57925509,97.94890000
2016-02-15,2098,133571.98550323,100.93960000
2016-02-16,2352,86567.54880255,109.72655000
2016-02-17,1734,303538.21045581,75.77060000
2016-02-18,1506,192534.66546234,62.33965000
2016-02-19,1242,85105.49527759,50.29595000
2016-02-20,5482,141883.08899649,110.62190000
2016-02-21,3386,717819.41388529,135.47000000
2016-02-22,4646,1514187.46105577,13.21142000
2016-02-23,7146,1910139.06631933,18.62862001
2016-02-24,7941,1097605.85169071,16.02541023
2016-02-25,4424,586869.07016851,4.26325023
2016-02-26,3575,360235.52222501,4.16990005
2016-02-27,2951,332116.50216955,1.51706003
2016-02-28,4178,234248.90027543,5.18092009
2016-02-29,4214,150754.63101998,4.03860605
2016-03-01,4308,353297.96691300,2.69714009
2016-03-02,2706,223956.37555356,1.81017004
2016-03-03,4941,3811726.88112970,3.31320012
2016-03-04,2754,572809.01759485,0.64058009
2016-03-05,4281,328804.55643643,2.62622010
2016-03-06,3966,545633.67593255,3.33856013
2016-03-07,3735,1343379.77457650,2.97150017
2016-03-08,4227,1091076.52187488,1.50500012
2016-03-09,3119,590357.22350869,1.93807019
2016-03-10,4684,371261.43625236,4.97321022
2016-03-11,2509,1047836.29235421,0.92019146
2016-03-12,4317,307862.40147157,5.31368017
2016-03-13,3101,190910.63933893,2.50278019
2016-03-14,3709,819270.71368303,2.83109016
2016-03-15,4640,613950.23585579,2.08911212
2016-03-16,3055,185246.11498998,2.16118772
2016-03-17,3556,156217.14004565,0.86682489
2016-03-18,3764,305323.07129236,0.93840419
2016-03-19,4395,223959.13775330,2.73198170
2016-03-20,3158,91437.88553198,0.22085291
2016-03-21,3486,166336.30264697,1.63922213
2016-03-22,3627,352186.47275113,1.34067900
2016-03-23,4618,255532.09865939,2.13121941
2016-03-24,2676,189525.44652219,0.78466007
2016-03-25,3975,258894.61814748,2.14554332
2016-03-26,4403,226808.94580389,1.49544898
2016-03-27,3040,180018.59954479,0.40917217
2016-03-28,4124,180765.38736667,1.33056567
2016-03-29,3186,229525.66148093,1.41276582
2016-03-30,3451,121435.38654970,1.21263300
2016-03-31,4191,199919.97266592,2.39872595
2016-04-01,3127,90083.94161413,1.24812502
2016-04-02,3971,224708.57513441,1.82102412
2016-04-03,4258,366223.50310174,1.77277675
2016-04-04,3400,249337.84894219,2.57341696
2016-04-05,2807,91522.93647151,0.31272738
2016-04-06,3214,194315.36566125,1.73402734
2016-04-07,4422,384455.68911850,2.51201783
2016-04-08,4346,453134.64311027,2.57276211
2016-04-09,2899,307872.67527931,1.43803884
2016-04-10,4370,368089.49800022,1.88958250
2016-04-11,3772,743429.21964292,1.41347507
2016-04-12,2721,94382.72782334,0.30488865
2016-04-13,5517,669005.01443989,3.69092935
2016-04-14,3225,108357.74934854,0.12614609
2016-04-15,2928,113998.79970126,0.34284740
2016-04-16,5418,726922.13207305,2.22475958
2016-04-17,2439,50782.51993680,0.19767210
2016-04-18,4275,584083.06904773,3.85553387
2016-04-19,4693,544125.30293951,2.62684191
2016-04-20,2604,72148.98856075,0.55410856
2016-04-21,9632,946459.07200484,6.66949323
2016-04-22,3221,184991.85320330,0.72839161
2016-04-23,9494,519729.29409541,3.82569877
2016-04-24,3377,147410.62015477,0.34197582
2016-04-25,3171,408559.71614502,0.38390698
2016-04-26,7317,463246.56936276,0.76573739
2016-04-27,2755,73909.28608973,0.21136227
2016-04-28,3600,176219.75429040,0.15007173
2016-04-29,4142,190502.51529537,0.45809820
2016-04-30,4558,141831.92222261,0.69694855
2016-05-01,3346,159953.47615571,0.26222737
2016-05-02,4629,272649.44588117,3.77438906
2016-05-03,6091,671499.42582756,1.38498534
2016-05-04,3169,87267.08689334,0.26545455
2016-05-05,5590,442097.13855971,0.90899681
2016-05-06,2617,88389.13179331,0.24510100
2016-05-07,9983,1181039.31251990,4.75191622
2016-05-08,3214,149619.40253716,0.48684110
2016-05-09,3312,115128.13403271,0.26276352
2016-05-10,7304,826851.71439330,13.08577313
2016-05-11,2704,73494.83937559,0.84319860
2016-05-12,5849,156863.68071674,2.87624961
2016-05-13,3196,96035.72258591,1.76683208
2016-05-14,7337,939870.16579585,2.08718631
2016-05-15,3559,108742.67068788,0.43034001
2016-05-16,4619,3293192.26070184,0.86770282
2016-05-17,8488,660177.63759163,5.08742721
2016-05-18,3065,106436.33017845,0.25390496
2016-05-19,6114,233498.01483702,0.58438137
2016-05-20,2840,168994.48028567,0.36657216
2016-05-21,7262,264931.19116792,1.78962392
2016-05-22,3073,97886.63406880,0.59594887
2016-05-23,8021,1555784.33477970,5.82167728
2016-05-24,2979,84817.76360794,0.28234434
2016-05-25,7188,205992.50949041,2.04948636
2016-05-26,2981,1127282.87350409,0.56208690
2016-05-27,4804,495780.17192048,0.60326719
2016-05-28,4112,121489.63777350,1.13471450
2016-05-29,3720,210430.60459754,1.71808668
2016-05-30,7194,2504568.32577781,6.06513384
2016-05-31,3714,152115.39643961,0.55362972
2016-06-01,7666,1794631.62425434,5.56279252
2016-06-02,2368,73367.66647485,0.11458355
2016-06-03,5507,524558.15552381,0.68851507
2016-06-04,5503,556625.13377109,0.50648254
2016-06-05,3542,254955.27681983,0.17862945
2016-06-06,5091,1097640.77075207,0.25366529
2016-06-07,4293,282267.21826771,0.16655619
2016-06-08,5181,208095.72109055,0.68023732
2016-06-09,3908,948103.44842294,0.35477228
2016-06-10,8095,2231993.25463824,8.13284020
2016-06-11,2738,66476.80626817,0.12022680
2016-06-12,5266,266310.40267170,0.65650511
2016-06-13,5833,972378.19147555,1.76845076
2016-06-14,3255,118107.29768984,0.08355952
2016-06-15,7472,474187.60388134,4.07318367
2016-06-16,3484,524111.35047378,1.05531033
2016-06-17,5832,411613.42923294,0.32332692
2016-06-18,4559,400930.81730322,2.03277418
2016-06-19,4746,1406823.06496417,1.36024214
2016-06-20,3317,511274.81808581,0.11807769
2016-06-21,5704,353391.58467310,2.25123470
2016-06-22,7362,281004.47088756,4.05714623
2016-06-23,3120,81407.71496341,0.17735237
2016-06-24,4256,197485.39206019,1.24801757
2016-06-25,3538,376827.74611184,0.74202370
2016-06-26,6048,446878.05885546,14.94166952
2016-06-27,5160,317449.01699383,3.34429032
2016-06-28,3152,108921.95693049,0.17543709
2016-06-29,5524,238842.21288321,2.26526015
2016-06-30,6605,472939.65454490,1.46633996
2016-07-01,3007,100423.83188472,0.47889734
2016-07-02,7715,471833.70674126,0.85833198
2016-07-03,2990,156093.83999642,0.10793911
2016-07-04,5030,238839.79200979,1.07599367
2016-07-05,4601,609775.00456263,0.45965194
2016-07-06,4753,222590.95981153,0.33465400
2016-07-07,5310,246350.36520885,0.37871256
2016-07-08,3779,186090.26239610,0.62733133
2016-07-09,5372,254679.97233547,1.29550269
2016-07-10,7772,274483.33437490,2.04067400
2016-07-11,2940,99176.39545393,0.21718460
2016-07-12,6467,431821.83342250,1.40962213
2016-07-13,2493,84393.70376824,0.38637664
2016-07-14,5445,444341.90689552,1.51754489
2016-07-15,4714,574280.15065825,0.82435813
2016-07-16,5052,965715.79620095,1.04031485
2016-07-17,5610,450892.79659502,1.62348665
2016-07-18,3230,1435396.80426587,0.35893442
2016-07-19,7617,3094684.72604593,1.64440876
2016-07-20,3992,683972.19691172,0.33589514
2016-07-21,4621,1198493.75432828,1.08666770
2016-07-22,5503,578173.05798289,1.86131643
2016-07-23,3542,624808.25326133,0.13611202
2016-07-24,4562,184139.86763675,0.31018342
2016-07-25,4131,366415.46305358,0.51286521
2016-07-26,6392,663127.56657927,4.09178613
2016-07-27,4668,1740274.11257051,5.47442456
2016-07-28,7468,1159237.54517899,30.94315776
2016-07-29,3059,441141.91879713,2.34850027
2016-07-30,7150,468694.71635883,1.95356762
2016-07-31,2967,6469375.96379802,0.11019887
2016-08-01,6528,1414101.27703778,0.81239484
2016-08-02,3455,763925.84217328,0.36278995
2016-08-03,4728,996107.17923839,0.79610597
2016-08-04,2956,98278.15011137,0.29696505
2016-08-05,7998,309584.41557766,3.60857904
2016-08-06,2979,265888.17452648,0.08248212
2016-08-07,4463,181919.82151407,0.19859455
2016-08-08,4046,136766.23649674,0.24598934
2016-08-09,4476,150314.66989196,0.88303615
2016-08-10,4281,178874.98656951,0.29644918
2016-08-11,4341,856375.54797001,0.56256802
2016-08-12,4057,1617561.36153822,0.36207843
2016-08-13,6120,1801047.06455053,0.66770765
2016-08-14,7393,1036352.04751257,2.72281317
2016-08-15,2228,652036.50294251,0.14042831
2016-08-16,5017,463086.82214053,0.76470784
2016-08-17,3642,217587.89033857,0.41162112
2016-08-18,5030,179339.38867429,0.66868406
2016-08-19,4399,152691.05851764,0.39968316
2016-08-20,5334,552924.30247183,0.67573932
2016-08-21,4763,222721.78707155,0.39859510
2016-08-22,5959,491256.99468160,3.07634989
2016-08-23,2508,104455.89798232,0.17334004
2016-08-24,7490,400481.70950460,3.00882544
2016-08-25,3653,152809.64671548,0.12219235
2016-08-26,6201,352355.97586474,2.94110381
2016-08-27,4357,192796.61847865,0.46107034
2016-08-28,4320,187234.89348644,0.27790872
2016-08-29,5605,283079.04755455,0.72954761
2016-08-30,2835,91185.36972896,0.36174070
2016-08-31,4992,185307.21505186,0.25286129
2016-09-01,4214,153989.44292879,0.55853359
2016-09-02,3944,253715.37079607,0.52185238
2016-09-03,4488,214460.74699308,0.22364273
2016-09-04,6468,290302.33315675,1.73164355
2016-09-05,2333,81048.67713958,0.41325529
2016-09-06,5714,287117.97611267,1.80762005
2016-09-07,3992,216503.67156423,0.78003436
2016-09-08,7064,496609.77349945,0.93036192
2016-09-09,3422,108887.93350759,0.07516937
2016-09-10,8389,492116.56452184,7.03467106
2016-09-11,4628,180386.87980210,2.34923146
2016-09-12,3919,197280.75204052,0.92712123
2016-09-13,6052,234651.82307805,0.73443689
2016-09-14,2714,98384.36346984,0.06891332
2016-09-15,4499,182333.99413945,0.10583651
2016-09-16,3442,144896.60923330,0.34068729
2016-09-17,5490,239468.46097839,0.25301733
2016-09-18,8186,878915.78243551,5.10155619
2016-09-19,2630,243450.93415121,0.21385165
2016-09-20,5964,806965.09852161,0.90073778
2016-09-21,3960,251289.79330638,0.26989605
2016-09-22,3672,161595.12417491,0.45196291
2016-09-23,8109,631944.67895537,2.11782677
2016-09-24,2587,98495.03684118,0.03590798
2016-09-25,5885,351919.87448712,0.64835353
2016-09-26,3262,171598.71000762,0.05269966
2016-09-27,10317,2392726.12869688,6.59379934
2016-09-28,3612,117805.58714278,0.61747020
2016-09-29,8813,383936.54081391,2.38961130
2016-09-30,3124,105569.33490414,0.41679680
2016-10-01,4652,210811.89425892,0.70775049
2016-10-02,2874,111609.46117952,0.13904116
2016-10-03,7888,433989.23921111,2.95718618
2016-10-04,2525,98420.90273729,0.10354432
2016-10-05,4870,224406.10177269,0.93607028
2016-10-06,3539,139058.16961772,0.70787720
2016-10-07,9547,612851.79780732,11.82325696
2016-10-08,2919,86539.66356403,0.20508659
2016-10-09,10705,489479.46290320,4.94028387
2016-10-10,3174,149407.12598783,0.05565915
2016-10-11,5577,306185.08208910,0.29418909
2016-10-12,2778,146105.72100511,0.13117250
2016-10-13,8342,603459.71414935,7.66627335
2016-10-14,2505,125382.73316998,0.04174087
2016-10-15,4419,190578.52350752,0.98704662
2016-10-16,5050,311708.56267542,0.96696799
2016-10-17,8329,540012.39282238,20.34337533
2016-10-18,3696,190977.87949492,8.14817293
2016-10-19,5143,278305.80619557,7.34923760
2016-10-20,2508,107391.94390958,0.13281895
2016-10-21,7809,435377.20904834,1.90341904
2016-10-22,2615,117841.43894858,0.11341371
2016-10-23,4602,208302.32353684,0.84321513
2016-10-24,8712,495181.64892697,8.76375554
2016-10-25,3793,162152.25494822,2.06049173
2016-10-26,6650,362173.40028365,2.41518757
2016-10-27,2196,91980.14101901,0.08212216
2016-10-28,6835,339099.34057796,3.31760731
2016-10-29,3691,157989.61190753,0.57893158
2016-10-30,3340,157808.56705637,0.23589116
2016-10-31,5031,330757.85707389,0.90609948
2016-11-01,3929,212093.92384798,1.02506939
2016-11-02,3598,176868.63796972,0.57692494
2016-11-03,4745,268875.54900559,0.57849693
2016-11-04,3380,155986.44950505,0.11905072
2016-11-05,4534,213277.08077239,0.41689485
2016-11-06,4969,234274.58783332,0.87098587
2016-11-07,3573,145450.61704899,0.26372684
2016-11-08,4962,230836.43978344,0.42369716
2016-11-09,3060,132001.62394722,0.41413033
2016-11-10,9107,628938.35465538,10.22758768
2016-11-11,2849,161611.15307577,0.16954751
2016-11-12,8124,1196213.38956967,3.13999556
2016-11-13,2022,83553.60281988,0.03642901
2016-11-14,5635,348874.76682996,0.82798244
2016-11-15,3236,150001.30678041,0.60543463
2016-11-16,6952,417997.34625100,13.71275740
2016-11-17,5116,208389.77205406,9.59288856
2016-11-18,7091,497422.23968723,4.06067355
2016-11-19,3720,638550.75681940,2.84245283
2016-11-20,6567,363169.96764321,2.81107997
2016-11-21,2334,108405.76162915,0.08282863
2016-11-22,3102,162381.96067479,0.26502944
2016-11-23,4252,277651.23523301,0.15285476
2016-11-24,4734,239685.06233604,0.81731905
2016-11-25,3024,174895.72666177,0.29373506
2016-11-26,9025,508771.64109753,121.24837482
2016-11-27,2287,75867.15973787,0.10729140
2016-11-28,10442,1120576.20425480,26.29758592
2016-11-29,3020,167480.26362991,0.16604217
2016-11-30,5048,354579.71860927,0.83359897
2016-12-01,5130,438112.80015685,2.05533678
2016-12-02,4261,226553.08684480,0.44545415
2016-12-03,5692,262251.36992011,2.11273154
2016-12-04,3452,157570.23014932,0.53157682
2016-12-05,2737,143500.92126305,0.08101797
2016-12-06,4074,207825.10917868,0.56838285
2016-12-07,3635,184880.86447726,0.23889094
2016-12-08,4527,301212.16482088,0.78033048
2016-12-09,5791,304692.77317654,13.90576625
2016-12-10,6143,485517.38178405,27.32526516
2016-12-11,7154,442805.56561748,11.21389466
2016-12-12,5633,429389.56522197,4.30690722
2016-12-13,5297,324726.85929181,4.39573678
2016-12-14,7318,512297.27587791,6.61681277
2016-12-15,4851,228259.70791678,0.56225295
2016-12-16,4596,213035.08544065,2.64348032
2016-12-17,4802,251816.88379282,12.02636481
2016-12-18,9394,957863.25691720,30.62859787
2016-12-19,4735,244513.91588459,1.40431868
2016-12-20,4443,252343.64495612,0.78005958
2016-12-21,3302,170368.68138381,0.58745332
2016-12-22,3685,193009.34840787,1.10531057
2016-12-23,5449,308619.21722041,2.35038420
2016-12-24,3605,217046.39562223,0.25012099
2016-12-25,4227,228838.37708641,0.84775510
2016-12-26,3557,192576.77819212,1.42769946
2016-12-27,7167,659471.08579493,25.34832295
2016-12-28,4580,277062.07862752,2.94409909
2016-12-29,6080,450175.88222676,12.03784731
2016-12-30,3560,162974.21693834,0.70376047
2016-12-31,4627,264536.03269643,0.53000485
2017-01-01,5491,292724.18705375,12.75400916
2017-01-02,7186,332131.52679948,13.39253748
2017-01-03,4632,267182.92505049,3.13114684
2017-01-04,7854,561712.81845656,12.41883508
2017-01-05,4453,332400.52261473,0.32274787
2017-01-06,5667,331422.52964383,2.91890216
2017-01-07,2778,153164.17453818,0.34946914
2017-01-08,4327,1225957.95724074,0.20489204
2017-01-09,9491,902912.00632589,14.02474629
2017-01-10,2474,246618.63102924,0.05761940
2017-01-11,8484,645609.39056143,8.10249955
2017-01-12,2063,625119.18648400,0.04186610
2017-01-13,5889,2512632.05800484,0.51078535
2017-01-14,2919,168851.35818495,0.08947958
2017-01-15,9582,658097.52714953,35.20682128
2017-01-16,2494,1037518.28315869,0.04092468
2017-01-17,8702,671634.57309485,6.79727470
2017-01-18,2536,1138711.42426892,0.02592168
2017-01-19,5631,2334031.72876833,0.29248363
2017-01-20,2570,498440.64987010,0.05870516
2017-01-21,8822,683206.78297807,21.45733977
2017-01-22,2660,101111.65543738,0.08142863
2017-01-23,7053,742143.47316131,1.96361399
2017-01-24,2792,96346.02742986,0.06030318
2017-01-25,7296,625967.94226440,2.28783830
2017-01-26,2558,1300653.34492819,0.20039189
2017-01-27,8626,607315.03589902,19.01786766
2017-01-28,2498,135522.52526855,0.12290622
2017-01-29,4250,3175084.63377866,0.37472647
2017-01-30,7512,672606.11634544,4.42438382
2017-01-31,2640,1060414.75494306,0.10201478
2017-02-01,8053,6706833.41516458,26.52515014
2017-02-02,2965,1134694.61439925,0.11252924
2017-02-03,8594,541501.36023362,20.56758798
2017-02-04,3510,1518423.01075537,0.23051213
2017-02-05,7579,806408.53938137,14.44549661
2017-02-06,2404,320820.45648287,0.06246409
2017-02-07,8371,1019965.34062123,1.65708379
2017-02-08,3229,533585.13589745,0.01621810
2017-02-09,7551,1285814.30446408,10.62880743
2017-02-10,2945,328699.76547007,0.04601613
2017-02-11,8368,474671.56345232,10.77588279
2017-02-12,3407,128419.67226039,0.00400005
2017-02-13,7996,829285.23600638,8.87634229
2017-02-14,2864,548163.87717887,0.03608812
2017-02-15,6923,1640014.84714360,1.69851266
2017-02-16,3151,247870.65907632,0.02658507
2017-02-17,5355,384118.99281947,0.57234869
2017-02-18,4840,303077.35610234,0.12537245
2017-02-19,3545,180182.80266110,0.10987192
2017-02-20,4902,343743.46846355,0.36074875
2017-02-21,4971,280835.92810453,0.16810376
2017-02-22,3905,206831.50916484,0.11841104
2017-02-23,5054,645080.67851925,0.22196187
2017-02-24,5089,981211.86445854,0.48321516
2017-02-25,5015,305934.51151426,0.36684868
2017-02-26,4106,192678.53673857,0.28200027
2017-02-27,5414,304454.23120248,0.95583651
2017-02-28,3685,215379.90681305,0.40277298
2017-03-01,5646,984580.42443403,0.76571656
2017-03-02,4325,507884.12727292,0.10718767
2017-03-03,5241,515725.89468667,0.12635675
2017-03-04,4356,402929.40329153,0.18437317
2017-03-05,5915,475881.47150791,0.16333792
2017-03-06,4725,622851.27241800,4.42341700
2017-03-07,3832,881414.46261298,0.61386516
2017-03-08,5440,369294.64405150,0.26203950
2017-03-09,4459,286580.08248828,0.37689115
2017-03-10,5800,1055818.63181116,0.05270304
2017-03-11,5825,544520.27582687,0.24316302
2017-03-12,5356,632544.40704343,1.00384577
2017-03-13,4988,3230933.82028066,0.04467202
2017-03-14,4741,945483.72983539,0.03914884
2017-03-15,5407,1672307.45726963,0.29335071
2017-03-16,5982,1608392.56030787,0.19946814
2017-03-17,5299,333030.67687374,0.02370408
2017-03-18,5377,703341.48343603,0.25463309
2017-03-19,5522,514149.37100259,0.12031941
2017-03-20,7114,421944.40878684,0.22422903
2017-03-21,7278,535456.26541840,0.43615586
2017-03-22,3074,195843.80837438,0.01312012
2017-03-23,5381,387478.14813872,0.08321147
2017-03-24,6235,451727.81491317,0.10624529
2017-03-25,6187,483630.36375846,0.41060886
2017-03-26,7604,699054.78287243,0.10662280
2017-03-27,5112,305927.21383488,0.12617351
2017-03-28,4364,346353.74003754,0.05329504
2017-03-29,6287,428562.06054089,0.28788146
2017-03-30,3718,216578.31042524,0.00760206
2017-03-31,7789,498789.52079432,2.48316850
2017-04-01,3948,204841.71280831,0.11328621
2017-04-02,4885,314422.49608111,0.13497808
2017-04-03,4959,353128.01108023,0.45960705
2017-04-04,6062,413269.15935516,0.00202413
2017-04-05,4878,388323.18622765,0.00000004
2017-04-06,5652,367252.42828721,0.23656668
2017-04-07,4342,307002.19127065,0.02009909
2017-04-08,6529,383372.37785444,3.34314186
2017-04-09,7300,470917.66875493,8.26510176
2017-04-10,4369,220055.62849694,1.41994158
2017-04-11,5022,307088.38704911,1.55801623
2017-04-12,6784,328885.88909073,6.45756629
2017-04-13,6166,366665.21119464,4.52962408
2017-04-14,6063,377798.65325562,1.85517518
2017-04-15,5881,384980.84469915,3.20124886
2017-04-16,5317,314788.15540837,4.97531277
2017-04-17,6085,360516.41599170,3.07335399
2017-04-18,6168,308554.19946910,1.50046480
2017-04-19,6033,396344.81094864,5.34397543
2017-04-20,6051,387825.95420241,2.34922795
2017-04-21,7182,446717.94937137,0.84080705
2017-04-22,3961,206042.22172028,0.43184832
2017-04-23,2310,111756.82360591,0.02594803
2017-04-24,8219,526917.54468908,3.95786575
2017-04-25,8300,422604.12319042,0.74578460
2017-04-26,5596,340332.31624241,0.05790209
2017-04-27,3645,181389.25450870,0.61906651
2017-04-28,8534,755274.77704149,2.78065660
2017-04-29,6214,359283.67911096,1.86166950
2017-04-30,7004,437530.90028382,7.81879580
2017-05-01,5644,365409.05588305,1.17996214
2017-05-02,7183,470540.80223616,2.52486416
2017-05-03,6063,446003.03584584,0.44834203
2017-05-04,6441,401790.37786885,0.06797777
2017-05-05,4974,452844.14164188,0.31017509
2017-05-06,6969,1378461.53987709,0.38618646
2017-05-07,6496,1582274.25137514,0.45990195
2017-05-08,6061,1309311.45360568,0.71119376
2017-05-09,4876,1272433.30826897,0.96087162
2017-05-10,6702,1132056.61438248,4.14054766
2017-05-11,5750,819575.04241671,0.07934999
2017-05-12,6428,869191.80738893,2.12136253
2017-05-13,6451,1036639.18240309,3.76551408
2017-05-14,6128,993742.93168153,4.62313184
2017-05-15,5676,872162.46328538,0.79752736
2017-05-16,5781,742084.38270800,0.41001992
2017-05-17,5081,676164.58307676,0.10627979
2017-05-18,6060,752513.95393980,0.24751160
2017-05-19,4444,536859.67753441,0.05945310
2017-05-20,8704,924422.75503445,18.47093228
2017-05-21,3749,341388.43581433,0.10147811
2017-05-22,8267,880425.59830857,11.74416259
2017-05-23,3910,396075.11979707,0.06096756
2017-05-24,7850,764883.80365068,7.46015114
2017-05-25,3846,181672.14072095,0.06154849
2017-05-26,8576,646449.66935873,9.90539609
2017-05-27,3553,120235.44211198,0.32406888
2017-05-28,8427,599076.28406005,5.85073629
2017-05-29,3575,130126.45329869,0.10554287
2017-05-30,7798,639844.65611776,4.87619850
2017-05-31,3590,113684.20934587,0.00779292
2017-06-01,8128,555011.81369645,3.58199051
2017-06-02,4439,163551.73510029,0.11424657
2017-06-03,7824,563158.53899403,7.35131322
2017-06-04,3760,156758.08027634,0.04552770
2017-06-05,8647,495758.74146941,5.01730534
2017-06-06,3605,139846.10280429,0.02359428
2017-06-07,8080,545515.16120288,3.25459573
2017-06-08,3868,151918.33927880,0.13009366
2017-06-09,8298,687935.61043011,2.06996050
2017-06-10,3905,172040.86926430,0.21882750
2017-06-11,7901,485219.71410632,0.34616803
2017-06-12,3965,142323.27954848,0.12691418
2017-06-13,7496,415671.07118254,2.83639465
2017-06-14,3553,118377.20097831,0.14006604
2017-06-15,8312,477774.89575311,3.93073222
2017-06-16,4358,144111.83950846,0.03754107
2017-06-17,7914,424896.34273431,6.89251318
2017-06-18,4139,171883.88014595,0.10762572
2017-06-19,8371,472385.16269753,3.77869281
2017-06-20,3605,163502.98325166,0.06986963
2017-06-21,8633,479976.50793529,13.37877022
2017-06-22,3602,166854.05102107,0.20514137
2017-06-23,8746,531752.51500760,16.02979436
2017-06-24,4065,166480.47488217,0.11971343
2017-06-25,8231,484689.42145406,2.59933041
2017-06-26,3931,156125.19335604,0.44320399
2017-06-27,8393,500072.11972771,2.13032877
2017-06-28,4421,163766.07421213,0.12323208
2017-06-29,9048,505776.88108912,5.65261258
2017-06-30,4319,158577.68024408,0.20880515
2017-07-01,7474,566930.20518494,0.65857665
2017-07-02,3740,141448.42556137,0.09082465
2017-07-03,7590,469955.70801443,0.28387116
2017-07-04,4272,182473.89437028,0.12812976
2017-07-05,5904,367253.07722063,0.08996278
2017-07-06,6000,324934.11262637,0.03540343
2017-07-07,5553,308185.75789874,0.08331634
2017-07-08,6321,374321.70868416,0.29702590
2017-07-09,5547,324118.21179037,0.16952312
2017-07-10,5935,368968.77177261,0.65399215
2017-07-11,5845,804347.86654083,0.30611072
2017-07-12,5484,509394.48743623,0.37007105
2017-07-13,6182,374386.36436832,0.27870816
2017-07-14,5193,320842.91531324,0.11938993
2017-07-15,5504,286921.31544831,0.07615302
2017-07-16,7215,488326.73643077,0.22260800
2017-07-17,6332,343077.09031621,0.11160125
2017-07-18,7133,912228.99235594,0.32729116
2017-07-19,7391,659115.97928588,0.08768331
2017-07-20,6699,585155.71257894,0.09024611
2017-07-21,6761,384968.28064815,0.07701750
2017-07-22,6193,340931.03525870,0.06127589
2017-07-23,6080,317756.83127897,0.07608130
2017-07-24,6222,326085.74701961,0.02649342
2017-07-25,5842,326106.72041703,0.09565427
2017-07-26,6307,417973.43209908,0.17338052
2017-07-27,7307,1676752.94302803,0.07574975
2017-07-28,6446,337436.30608531,0.14432491
2017-07-29,6116,353394.02760622,0.03558184
2017-07-30,6871,832752.52449365,0.07246289
2017-07-31,6929,574001.38250996,0.32569209
2017-08-01,5977,358518.30236105,0.03225337
2017-08-02,6831,355346.96981955,0.03810860
2017-08-03,6058,316391.24602806,0.03442244
2017-08-04,6218,340749.15483027,0.04274040
2017-08-05,6815,381352.83777402,0.04124939
2017-08-06,6113,511730.97469153,0.19987119
2017-08-07,6872,625267.72014638,0.08740262
2017-08-08,7295,572719.01979529,0.07438340
2017-08-09,6984,464673.76489170,0.09608407
2017-08-10,6367,383306.40612814,0.03826602
2017-08-11,6329,396432.68947150,0.01925744
2017-08-12,6136,458614.76834241,0.15435417
2017-08-13,6381,681949.88035133,0.02534808
2017-08-14,6946,715833.31108816,0.24733804
2017-08-15,6901,723250.16659238,0.09858106
2017-08-16,6817,622388.81053724,1.26005818
2017-08-17,5509,420085.68554827,0.06396677
2017-08-18,6166,649443.11726069,0.07474898
2017-08-19,6655,729232.51122225,0.06955270
2017-08-20,6426,489012.48743198,0.03591285
2017-08-21,6059,465512.59384379,0.09538697
2017-08-22,6046,470053.24018931,0.06880842
2017-08-23,7020,507955.33429726,0.10920841
2017-08-24,6625,500546.70653992,0.24919716
2017-08-25,5509,418272.53299062,0.10770878
2017-08-26,6262,493530.61266580,0.15993953
2017-08-27,7755,724132.15372903,0.13823690
2017-08-28,6591,451653.16491987,0.13506026
2017-08-29,7121,567315.24769129,0.14942997
2017-08-30,5488,967776.70835588,0.15744010
2017-08-31,6178,4943566.31401479,0.03944809
2017-09-01,6224,2298679.91931027,0.10267129
2017-09-02,4780,455621.21779069,0.04687621
2017-09-03,5081,403832.50333679,0.00091861
2017-09-04,5455,482174.13363145,0.03292618
2017-09-05,5195,423978.02119112,0.04361098
2017-09-06,4480,348790.04586334,0.00293583
2017-09-07,5589,463764.49541565,0.01085868
2017-09-08,4933,575867.66982613,0.04874709
2017-09-09,4851,463486.56470539,0.01429799
2017-09-10,4926,369051.26394499,0.02202425
2017-09-11,5313,416023.48122119,0.12979696
2017-09-12,5320,399001.90689731,0.10550241
2017-09-13,5258,460218.47183621,0.19254139
2017-09-14,4978,405990.91617189,0.01636791
2017-09-15,5762,412459.09516876,0.06410428
2017-09-16,5073,361621.00655874,0.15361690
2017-09-17,4543,347806.68381442,0.07764331
2017-09-18,5246,542472.81260969,0.02135539
2017-09-19,5855,435592.22866812,0.18767586
2017-09-20,6256,492463.98799821,0.03741281
2017-09-21,5155,381175.32160765,0.21195223
2017-09-22,4565,344188.72858310,0.01181845
2017-09-23,5132,373387.69008496,0.14779449
2017-09-24,5482,382262.21036600,0.03262171
2017-09-25,4744,333537.47330061,0.02994039
2017-09-26,5041,356998.71772785,0.06111098
2017-09-27,4741,331307.02312685,0.23549811
2017-09-28,5279,378468.52560563,0.04804749
2017-09-29,5290,354917.77327863,0.02873275
2017-09-30,4506,352840.54621127,0.03055158
2017-10-01,5667,445735.84489981,0.91553658
2017-10-02,5106,383281.67493793,0.03025532
2017-10-03,5165,414250.89957786,0.17031546
2017-10-04,4975,372762.13849503,0.04559272
2017-10-05,4707,373356.77375008,0.18220792
2017-10-06,5228,391044.50547829,0.03801585
2017-10-07,4667,323137.01250521,0.04582727
2017-10-08,4425,323747.21824947,0.07521663
2017-10-09,4589,339315.50509094,0.07206808
2017-10-10,5076,546382.71486818,0.19961157
2017-10-11,4816,334915.26720022,0.05127548
2017-10-12,6493,537872.31402092,0.01761416
2017-10-13,5120,378412.47025442,0.19578515
2017-10-14,4697,349620.18158252,0.05115184
2017-10-15,4643,334944.78914809,0.13133516
2017-10-16,4991,371658.39849498,0.14730341
2017-10-17,5170,405142.02987938,0.03785412
2017-10-18,5045,391318.05927991,0.00841434
2017-10-19,4682,336500.90369825,0.04467362
2017-10-20,5335,383237.21907752,0.03756793
2017-10-21,5823,577896.70878203,0.02792037
2017-10-22,4665,705551.67932025,0.29355150
2017-10-23,6752,3241847.01125310,0.56863295
2017-10-24,5721,1209456.06727674,0.09530601
2017-10-25,3141,215632.37770704,0.30332853
2017-10-26,3863,270046.80319303,0.08921919
2017-10-27,4259,351263.65448988,0.06679332
2017-10-28,4114,310201.04450697,0.05928656
2017-10-29,3704,326215.92228304,0.86478396
2017-10-30,6532,697690.05145921,0.59329224
2017-10-31,5095,413104.46492924,0.14100596
2017-11-01,4722,452595.13646747,0.54557696
2017-11-02,5738,657622.67330372,0.06276593
2017-11-03,4369,383256.77889506,0.02212985
2017-11-04,5436,524739.81646610,0.06410712
2017-11-05,4722,400092.70302917,0.07462649
2017-11-06,5257,456652.61678358,0.12299007
2017-11-07,5716,508596.73062918,0.17444246
2017-11-08,4795,394112.02733142,0.08681126
2017-11-09,5323,412307.77777220,0.13533216
2017-11-10,5782,529362.39802785,0.11280083
2017-11-11,4409,362350.91802312,0.01854260
2017-11-12,5063,398491.24412035,0.03696327
2017-11-13,5741,551612.33712063,0.20283426
2017-11-14,4936,378458.43625813,0.15480892
2017-11-15,5209,413171.44276338,0.19639222
2017-11-16,5510,427031.47789292,0.04882305
2017-11-17,5234,414277.46855535,0.08161903
2017-11-18,4726,388634.18946211,0.15426879
2017-11-19,5170,394860.27681246,0.15724370
2017-11-20,5619,457480.01810801,0.04762902
2017-11-21,4732,435434.02935155,0.08779818
2017-11-22,5366,412479.64300368,0.05341750
2017-11-23,4933,382040.22294362,0.16557240
2017-11-24,5177,389657.68633440,0.23038613
2017-11-25,5049,414898.82996807,0.12594296
2017-11-26,5959,466362.08477638,0.20227794
2017-11-27,9214,865889.47904494,0.03912927
2017-11-28,5806,461014.20159015,0.16598444
2017-11-29,6294,1414973.30529900,0.14384968
2017-11-30,5198,885457.64653611,0.29217159
2017-12-01,4563,405160.18768090,0.00939081
2017-12-02,4448,803186.55228162,1.12885557
2017-12-03,4164,477750.77029702,0.12995940
2017-12-04,5249,477093.00598479,0.09044546
2017-12-05,6320,601162.73392181,0.11089608
2017-12-06,5236,660525.37240258,0.21266531
2017-12-07,5198,530995.37016134,0.09130389
2017-12-08,5255,638388.83128805,0.20975075
2017-12-09,5072,447732.64519419,0.16042290
2017-12-10,5210,431632.11568022,0.06511018
2017-12-11,5267,441705.65982978,0.09907930
2017-12-12,5701,685434.65299190,0.01086368
2017-12-13,6535,534848.92565875,0.46052964
2017-12-14,4975,389948.48431880,0.31835277
2017-12-15,7293,670851.63363742,0.20016917
2017-12-16,6320,496242.59322250,0.15415276
2017-12-17,6033,450093.85079032,0.13165306
2017-12-18,4794,367135.36430640,0.13842312
2017-12-19,6363,498002.54515991,0.23453847
2017-12-20,5315,383999.10391878,0.02869658
2017-12-21,5428,450978.51119626,0.17068969
2017-12-22,5454,467738.64527238,0.04593710
2017-12-23,5031,596363.30296963,0.04756321
2017-12-24,5289,480082.03095219,0.17941816
2017-12-25,5179,473147.24236970,0.18561952
2017-12-26,5127,392911.01260833,0.02883470
2017-12-27,5407,391351.41566399,0.04864350
2017-12-28,5836,501900.74312815,0.07495483
2017-12-29,5660,420476.79425968,0.01449061
2017-12-30,5866,742250.87666491,0.06167711
2017-12-31,5462,557381.55997588,0.02515352
2018-01-01,4945,548881.53731025,0.40095193
2018-01-02,5609,599860.22274658,0.02359137
2018-01-03,5305,789900.11133423,0.04006140
2018-01-04,5048,1069993.03826501,0.02254608
2018-01-05,4423,386362.63721173,0.00931988
2018-01-06,4492,395288.01160093,0.01843941
2018-01-07,5470,691397.59476776,0.04044128
2018-01-08,6295,608781.52910026,0.04681626
2018-01-09,4903,477594.55974137,0.07938044
2018-01-10,5480,497378.27655488,0.02264887
2018-01-11,5264,535767.99007390,0.00423385
2018-01-12,5428,523754.94967690,0.04671564
2018-01-13,5977,506043.24698556,0.14914750
2018-01-14,5497,515474.74508439,0.01528657
2018-01-15,5440,498505.44624828,0.20080198
2018-01-16,4334,535956.30437122,0.12956923
2018-01-17,5353,480562.72375831,0.10304319
2018-01-18,5634,605470.12333643,0.04208970
2018-01-19,5435,560062.19101175,0.14431254
2018-01-20,4851,395330.46656198,0.05360788
2018-01-21,4929,432729.89611972,0.14021494
2018-01-22,4679,407175.59571447,0.07951311
2018-01-23,5023,438207.37321375,0.07756813
2018-01-24,5276,448918.36855358,0.05033915
2018-01-25,5062,418636.27029165,0.22524069
2018-01-26,5010,451273.45139356,0.46085852
2018-01-27,5759,540484.81354193,0.35683021
2018-01-28,5030,444226.77352652,0.04525267
2018-01-29,4855,411564.51935192,0.20559534
2018-01-30,5904,581455.77526881,0.62588070
2018-01-31,6426,592765.02287573,0.16637040
2018-02-01,5593,478217.66018653,0.09262322
2018-02-02,5946,565569.60289109,0.04288288
2018-02-03,5525,520662.54528410,0.04022493
2018-02-04,5210,514935.59983017,0.02185349
2018-02-05,4756,431123.23154420,0.01754469
2018-02-06,5367,499040.24527914,0.01290778
2018-02-07,5405,495614.73819577,0.06140287
2018-02-08,5055,479442.83831666,0.10536848
2018-02-09,4889,474161.20196611,0.24241072
2018-02-10,5644,536142.93644992,0.16299655
2018-02-11,4808,398564.02444551,0.00888827
2018-02-12,5142,424718.88334057,0.01821173
2018-02-13,5486,467009.99328038,0.07175651
2018-02-14,5519,442664.09981189,0.07332284
2018-02-15,5235,435864.89074315,0.10059387
2018-02-16,4824,385215.07583675,0.03253096
2018-02-17,5309,474237.88618137,0.14141380
2018-02-18,4920,420081.28511850,0.01478011
2018-02-19,5185,422940.69719758,0.03475117
2018-02-20,4763,383112.01709873,0.06037628
2018-02-21,5036,439333.37173377,0.00308026
2018-02-22,5077,438541.94464405,0.07588086
2018-02-23,4772,415792.02449201,0.00698207
2018-02-24,4847,414010.43253096,0.01143310
2018-02-25,5021,450336.27845417,0.03796177
2018-02-26,4929,494523.54745160,0.00123023
2018-02-27,5397,456303.53649053,0.01279241
2018-02-28,4757,561278.65561523,0.00408128
2018-03-01,5105,550747.84302342,0.05913768
2018-03-02,5018,436098.10750283,0.29930412
2018-03-03,4613,407091.16708752,0.02526948
2018-03-04,4526,404473.13552367,0.01941061
2018-03-05,5130,477914.01013481,0.00418904
2018-03-06,4986,444765.53816083,0.01569132
2018-03-07,4552,535132.85579062,0.01071291
2018-03-08,4658,477989.29165036,0.00639550
2018-03-09,4875,450684.67770500,0.01979926
2018-03-10,5433,472593.98451697,0.11821879
2018-03-11,4828,431744.18514614,0.05195503
2018-03-12,5589,479386.66535718,0.01926863
2018-03-13,5028,447808.67088868,0.01560307
2018-03-14,4303,577217.22205509,2.28647005
2018-03-15,5081,549508.20608673,0.00239703
2018-03-16,4857,537256.08628769,0.01089147
2018-03-17,4530,445503.05404564,0.00752579
2018-03-18,4616,423044.75840198,0.01376269
2018-03-19,4869,510270.32485592,0.00968438
2018-03-20,4489,394522.76331974,0.00263102
2018-03-21,4945,447917.29363440,0.00210583
2018-03-22,5112,543022.43994092,0.01223572
2018-03-23,4323,370985.32754067,0.03135149
2018-03-24,4543,397556.61378380,0.00623072
2018-03-25,5260,524147.56655526,0.00526887
2018-03-26,4646,402609.76529118,0.00716669
2018-03-27,4838,464418.10647742,0.01810594
2018-03-28,4051,377419.79912539,0.01818191
2018-03-29,4440,442774.82350911,0.04834615
2018-03-30,4580,419342.31253810,0.03474180
2018-03-31,4866,477246.62330318,0.07594430
2018-04-01,3658,366761.42189316,0.02684370
2018-04-02,5317,497507.88961778,0.01337073
2018-04-03,5482,643613.14738585,0.01153993
2018-04-04,4725,455763.36603721,0.01093790
2018-04-05,4832,439352.23189228,0.00675131
2018-04-06,3802,363550.65275800,0.01503387
2018-04-07,4706,457002.12098722,0.01364754
2018-04-08,4716,455445.57429730,0.01919754
2018-04-09,4997,678683.85143214,0.01239609
2018-04-10,3978,405970.08389906,0.00611306
2018-04-11,5209,520098.63169941,0.00649391
2018-04-12,4562,455872.10870272,0.00325425
2018-04-13,5155,477272.93986377,0.02104874
2018-04-14,4492,412852.93299033,0.00637597
2018-04-15,4911,612806.98462820,0.00864856
2018-04-16,4173,616665.04562744,0.00747788
2018-04-17,6048,507129.26800746,0.00607031
2018-04-18,4111,396117.41708941,0.00477256
2018-04-19,4695,481978.32629277,0.00942170
2018-04-20,5198,531297.28484605,0.01581594
2018-04-21,4621,461370.13610834,0.00658489
2018-04-22,4824,476122.83890704,0.01809296
2018-04-23,4533,478178.68081358,0.00928571
2018-04-24,4798,496600.83294078,0.02330047
2018-04-25,5896,892179.92877820,0.01889941
2018-04-26,4157,470208.20296341,0.00822088
2018-04-27,5679,574726.00451329,0.03843201
2018-04-28,4822,497131.06458723,0.01124074
2018-04-29,4345,417023.73308902,0.00463408
2018-04-30,4652,458888.54675479,0.00493226
2018-05-01,4619,439853.03268086,0.01280574
2018-05-02,4932,478991.56624897,0.00204563
2018-05-03,5030,478996.50328043,0.01569792
2018-05-04,5021,514036.58453556,0.00711647
2018-05-05,5264,498582.84411807,0.01253500
2018-05-06,4722,440015.71717793,0.00920626
2018-05-07,5631,627601.28793008,0.00865045
2018-05-08,4991,574601.97214706,0.02913153
2018-05-09,5076,574931.27298980,0.00381546
2018-05-10,5012,497970.90234150,0.00457810
2018-05-11,4742,535490.07443835,0.00078563
2018-05-12,4024,427548.84382748,0.00998471
2018-05-13,4859,537675.83626170,0.00437227
2018-05-14,5614,623689.18468108,0.00343886
2018-05-15,5136,544253.91701251,0.00836929
2018-05-16,5065,500857.43979762,0.01557653
2018-05-17,5157,507071.87038033,0.02828344
2018-05-18,5106,532457.45551017,0.00331145
2018-05-19,5399,517316.76034560,0.01252270
2018-05-20,5200,495862.14411507,0.02319421
2018-05-21,5315,562538.83937960,0.00515907
2018-05-22,4858,471598.94636988,0.01758873
2018-05-23,5763,595683.83380811,0.00585406
2018-05-24,5160,515489.85785391,0.01178455
2018-05-25,5175,504554.00835701,0.00858631
2018-05-26,4512,443578.14020729,0.00594387
2018-05-27,4871,459248.99976002,0.01620860
2018-05-28,5326,513018.71929305,0.01178371
2018-05-29,5175,565940.16437670,0.01093930
2018-05-30,4683,434273.24335733,0.00496961
2018-05-31,5106,533237.58810305,0.00730773
2018-06-01,5337,539697.82897609,0.00709709
2018-06-02,5205,533882.88161648,0.00691348
2018-06-03,4257,411653.25092759,0.01148104
2018-06-04,5135,541748.21220319,0.01019463
2018-06-05,4211,410834.50682481,0.00000000
2018-06-06,5053,505102.43122279,0.01720063
2018-06-07,4936,629216.46195134,0.00730625
2018-06-08,5570,657489.53603701,0.00416059
2018-06-09,4783,532044.21802239,0.00508345
2018-06-10,4436,535849.24667153,0.00469545
2018-06-11,5117,618781.30418185,0.01115125
2018-06-12,5285,521705.04878241,0.01636866
2018-06-13,4808,556761.03919462,0.02166970
2018-06-14,5429,595059.50317766,0.00313483
2018-06-15,5248,713216.52264301,0.00176663
2018-06-16,4806,576887.29245462,0.00690583
2018-06-17,5302,651637.76829035,0.00539247
2018-06-18,4583,536790.70790347,0.01090844
2018-06-19,5667,598825.16357054,0.00431482
2018-06-20,4981,570582.45141815,0.00388589
2018-06-21,4777,522181.57929435,0.01862287
2018-06-22,5445,581929.94697305,0.00369545
2018-06-23,4921,539528.84539735,0.00673566
2018-06-24,4592,519131.87798602,0.01420909
2018-06-25,5002,533549.77410285,0.00645127
2018-06-26,5348,935960.69406941,0.00754970
2018-06-27,5760,839188.27799532,0.01256568
2018-06-28,4468,444486.02243431,0.00260823
2018-06-29,5129,509148.42771059,0.00292484
2018-06-30,4253,413994.85597351,0.00565296
2018-07-01,4704,452576.38815164,0.00165823
2018-07-02,5104,489200.68963654,0.00645747
2018-07-03,4621,442772.20146844,0.00757518
2018-07-04,5693,571874.64782505,0.04074075
2018-07-05,5022,516880.68659708,0.01761307
2018-07-06,6970,680568.51662012,0.00248062
2018-07-07,4946,448266.30877459,0.02200306
2018-07-08,4372,431255.48013294,0.00381444
2018-07-09,5248,537281.90197012,0.00219864
2018-07-10,4672,492371.49887565,0.00187905
2018-07-11,4740,494190.66922662,0.00962219
2018-07-12,4683,602811.88273454,0.00773855
2018-07-13,5055,731297.78028143,0.00671289
2018-07-14,4917,592702.57506090,0.00090863
2018-07-15,5537,695907.18726997,0.01106216
2018-07-16,4912,576277.52916063,0.00720117
2018-07-17,5879,612165.46389670,0.00811914
2018-07-18,5115,570051.45086134,0.02503421
2018-07-19,5097,501257.96395197,0.00494925
2018-07-20,5425,559293.07619026,0.00481386
2018-07-21,4636,506485.67738225,0.00729436
2018-07-22,4560,442716.48892923,0.00419163
2018-07-23,5224,523749.84142071,0.00077883
2018-07-24,5756,543552.30096850,0.00534465
2018-07-25,5453,941181.02498404,0.02789574
2018-07-26,5512,521334.67958156,0.00847221
2018-07-27,5194,489758.21044761,0.00221424
2018-07-28,5075,495703.17368828,0.02052204
2018-07-29,4821,471698.27018428,0.00169808
2018-07-30,4883,454019.70026326,0.01544510
2018-07-31,5526,530330.88639109,0.01427529
2018-08-01,5088,914457.76301526,0.00918383
2018-08-02,5454,2553711.09667073,0.00618585
2018-08-03,5866,561497.88338392,0.02462377
2018-08-04,5180,528708.18371105,0.00148144
2018-08-05,4581,467266.60280253,0.00223423
2018-08-06,4689,505423.64690376,0.01028844
2018-08-07,5105,570690.54411531,0.00442574
2018-08-08,4544,492489.84032573,0.00091812
2018-08-09,5014,543800.81475752,0.00388127
2018-08-10,5016,505582.81148718,0.00185563
2018-08-11,4611,494662.16379844,0.00296003
2018-08-12,5216,611901.70362445,0.00159283
2018-08-13,5242,528987.45087612,0.00191962
2018-08-14,5106,524357.14708313,0.00304308
2018-08-15,5177,549414.97684395,0.00449423
2018-08-16,4636,440935.12110612,0.00361043
2018-08-17,5664,579426.60107184,0.00462890
2018-08-18,5138,606724.01524981,0.00577638
2018-08-19,4635,490376.48693235,0.01625644
2018-08-20,5331,570480.65833976,0.01498383
2018-08-21,4914,541004.48229995,0.00265922
2018-08-22,5070,537598.53349743,0.00802886
2018-08-23,5406,556853.25931519,0.00258694
2018-08-24,4823,500377.16251811,0.00962689
2018-08-25,4608,450690.92633380,0.00236184
2018-08-26,5160,568803.50870683,0.00074003
2018-08-27,5216,532781.45385862,0.00342784
2018-08-28,4953,534363.27792445,0.00954477
2018-08-29,5522,515670.02602541,0.00335846
2018-08-30,5665,564533.94801016,0.07498906
2018-08-31,5095,544999.09982058,0.00375623
2018-09-01,4911,482455.49605668,0.01165230
2018-09-02,4787,508474.70158463,0.00287484
2018-09-03,5254,561462.99624281,0.00587948
2018-09-04,5268,555451.77147624,0.01891348
2018-09-05,4636,538998.84772623,0.00485603
2018-09-06,4867,603721.92864647,0.01543352
2018-09-07,4590,474443.52853574,0.02806438
2018-09-08,4741,489005.34760351,0.00343785
2018-09-09,5019,630346.40114707,0.01721023
2018-09-10,5288,640266.05096130,0.02059903
2018-09-11,5399,587100.17706837,0.00518721
2018-09-12,4639,497097.19145386,0.00328685
2018-09-13,5417,609224.19842442,0.00406095
2018-09-14,4994,548213.83181857,0.00196104
2018-09-15,4433,479558.42618612,0.00990926
2018-09-16,4646,499696.80654913,0.00129005
2018-09-17,5582,631475.74531357,0.00630185
2018-09-18,4436,510437.47999369,0.00913208
2018-09-19,4896,524445.34100984,0.00588306
2018-09-20,5040,511630.66220042,0.01448045
2018-09-21,4542,499705.93405550,0.01444551
2018-09-22,5499,612704.89974162,0.00712857
2018-09-23,4775,518703.16670523,0.02072409
2018-09-24,5083,565252.08804521,0.00282243
2018-09-25,4665,520187.62432249,0.00385226
2018-09-26,5431,564671.28733182,0.07828286
2018-09-27,4769,547265.16476556,0.00964435
2018-09-28,5425,581927.06113292,0.00412827
2018-09-29,4495,481906.70075791,0.01092159
2018-09-30,4327,443747.23404332,0.00761257
2018-10-01,5455,578204.61801918,0.00658743
2018-10-02,5061,532053.88714321,0.00659845
2018-10-03,5543,623397.01085975,0.02819135
2018-10-04,5062,601901.97735301,0.03727183
2018-10-05,4800,572602.69675442,0.03654307
2018-10-06,4871,566890.60730424,0.03536225
2018-10-07,4301,469022.03224202,0.01364611
2018-10-08,5258,614602.76972046,0.06376813
2018-10-09,4975,862059.25143749,0.04697811
2018-10-10,5254,629930.01753171,0.03948975
2018-10-11,5053,535640.18901007,0.03634448
2018-10-12,5076,509144.43180044,0.02476553
2018-10-13,4909,529815.68142914,0.00520330
2018-10-14,5280,511897.93678669,0.00225905
2018-10-15,4918,548516.58868139,0.01086120
2018-10-16,4833,518943.65234288,0.00702747
2018-10-17,5383,577898.51141895,0.01665147
2018-10-18,5211,565272.59165594,0.01179413
2018-10-19,4562,847545.12180901,0.00703928
2018-10-20,4954,567324.17207452,0.01512450
2018-10-21,5107,527477.30476014,0.01673992
2018-10-22,4934,532896.06561989,0.00896758
2018-10-23,6486,898048.10116935,0.01268069
2018-10-24,6581,1241738.47556311,0.07795269
2018-10-25,5764,716465.50342252,0.00508283
2018-10-26,5013,679295.23257890,0.01006345
2018-10-27,4701,526374.30098101,0.00877654
2018-10-28,5094,596817.89131684,0.01133497
2018-10-29,5152,743231.27325541,0.00299787
2018-10-30,5419,609152.60562466,0.01084852
2018-10-31,5079,567080.41503546,0.00683715
2018-11-01,4832,496214.98470617,0.00885810
2018-11-02,5337,545776.03890793,0.01327093
2018-11-03,5233,525228.36775351,0.00880432
2018-11-04,4511,457749.22540008,0.01111863
2018-11-05,5237,584356.66098224,0.01387984
2018-11-06,5083,570234.59623971,0.00442524
2018-11-07,6886,841591.60756758,0.01420887
2018-11-08,4938,580657.61140791,0.02007389
2018-11-09,4351,560332.62090429,0.02137436
2018-11-10,4449,515538.76831209,0.01657309
2018-11-11,5273,557020.59409176,0.01308335
2018-11-12,4550,537205.48093117,0.00665882
2018-11-13,5480,589927.21528666,0.00586162
2018-11-14,5005,652983.04773299,0.01429286
2018-11-15,4879,576408.55234046,0.00706706
2018-11-16,5812,673342.91399803,0.01100421
2018-11-17,4429,507065.73553678,0.00657743
2018-11-18,5536,591823.20590144,0.00575624
2018-11-19,4979,744294.44195294,0.00346880
2018-11-20,5690,676458.86297131,0.00706765
2018-11-21,5233,569880.62055160,0.01198547
2018-11-22,4585,525152.36974797,0.01173039
2018-11-23,4920,562382.95298876,0.00297485
2018-11-24,4502,508101.01814965,0.01103138
2018-11-25,5212,602880.87516471,0.01448226
2018-11-26,5188,599668.37466565,0.00406396
2018-11-27,4084,481631.93125077,0.00833047
2018-11-28,5061,578429.05088688,0.00607818
2018-11-29,5510,1149615.77146259,0.00587663
2018-11-30,5558,846565.43706050,0.00442820
2018-12-01,4827,546880.58367217,0.00679831
2018-12-02,4993,533447.05282521,0.00721885
2018-12-03,4748,553211.41564049,0.00355818
2018-12-04,4929,554461.79101216,0.00460661
2018-12-05,5063,543462.19161388,0.00448586
2018-12-06,4957,565188.48318442,0.00767712
2018-12-07,4964,611286.14996125,0.00909954
2018-12-08,4994,533927.86664871,0.01237469
2018-12-09,4264,507095.39544060,0.01142675
2018-12-10,5127,613626.37411834,0.01229181
2018-12-11,5155,644379.29725250,0.00481439
2018-12-12,4867,540259.50156982,0.00557277
2018-12-13,4413,503481.41503724,0.00807186
2018-12-14,5288,713758.83385712,0.00466947
2018-12-15,4911,543755.17090088,0.01046825
2018-12-16,4580,509262.93766030,0.00935560
2018-12-17,5233,591820.48970314,0.00916461
2018-12-18,5424,623933.49072557,0.01215272
2018-12-19,5263,884767.96122318,0.00801046
2018-12-20,4977,589533.05463309,0.00624648
2018-12-21,4302,521565.79440156,0.01419803
2018-12-22,4458,569337.01023290,0.00988687
2018-12-23,5146,614220.74229948,0.01042105
2018-12-24,4650,601260.46807595,0.00831142
2018-12-25,4847,603369.71850227,0.01598456
2018-12-26,5065,550071.37513979,0.00649670
2018-12-27,4954,616656.26751931,0.00361018
2018-12-28,5431,775458.39034414,0.00635884
2018-12-29,4090,531363.20622649,0.00282575
2018-12-30,5823,678243.14859224,0.00948464
2018-12-31,5393,651364.75022183,0.01264752
2019-01-01,5220,582369.65474328,0.00330955
2019-01-02,4625,645756.47828807,0.00976251
2019-01-03,5284,669868.89497403,0.00577179
2019-01-04,4916,593542.07586449,0.01042188
2019-01-05,4816,563141.71559111,0.00413813
2019-01-06,5239,618572.08974142,0.00452035
2019-01-07,4317,526638.44371697,0.00109414
2019-01-08,5154,613977.58277214,0.00469085
2019-01-09,5476,813035.31579269,0.01393947
2019-01-10,4074,1153753.33566649,0.00504590
2019-01-11,4788,840498.81042890,0.00475378
2019-01-12,4700,925502.44607865,0.00948174
2019-01-13,4976,754809.46783113,0.00279618
2019-01-14,4847,1243360.17643697,0.00572755
2019-01-15,5206,995217.98840478,0.01061253
2019-01-16,4698,658063.62193487,0.06243032
2019-01-17,5592,927753.60234386,0.03076388
2019-01-18,4010,740204.33454823,0.02715033
2019-01-19,5143,796064.92588253,0.04925289
2019-01-20,4920,603147.43190275,0.02290238
2019-01-21,4594,587002.98962219,0.01771362
2019-01-22,5271,685826.67583516,0.01272828
2019-01-23,4585,1038332.06480645,0.03429142
2019-01-24,4755,1398081.32661826,0.02599039
2019-01-25,5085,819711.00346074,0.02061395
2019-01-26,4252,669329.19552005,0.01663681
2019-01-27,5022,613715.24586282,0.02227399
2019-01-28,4940,714466.90473261,0.01859104
2019-01-29,4594,797885.45152685,0.02294187
2019-01-30,5087,995315.80588291,0.03325404
2019-01-31,4845,684182.52202649,0.01402228
2019-02-01,4601,760861.03102691,0.01596692
2019-02-02,4831,614492.19589977,0.01134754
2019-02-03,5080,629065.44181335,0.01500935
2019-02-04,4960,889757.65458309,0.01854461
2019-02-05,4411,520438.62290325,0.01224513
2019-02-06,4836,684765.76374599,0.01395460
2019-02-07,4827,604787.58497788,0.01026191
2019-02-08,4690,1070677.62100228,0.01807875
2019-02-09,4755,662176.90874082,0.01377362
2019-02-10,4947,725160.97703453,0.00564415
2019-02-11,5629,751835.19876240,0.01265406
2019-02-12,4308,659726.14189152,0.00777752
2019-02-13,4339,540917.05790629,0.01443384
2019-02-14,4750,619107.58720456,0.01619491
2019-02-15,3939,500569.60246232,0.00705288
2019-02-16,4454,546189.24193106,0.00530155
2019-02-17,4201,532296.55483627,0.00982551
2019-02-18,4776,659339.45412298,0.00452578
2019-02-19,5803,716449.74996825,0.00822623
2019-02-20,8717,1073794.66741509,0.08968750
2019-02-21,4091,507941.26027098,0.01094096
2019-02-22,5211,637300.57603406,0.01363457
2019-02-23,3888,488893.16337739,0.00470589
2019-02-24,4439,606763.10517795,0.00221131
2019-02-25,4105,550805.46914751,0.00332666
2019-02-26,3755,516675.42184421,0.00477451
2019-02-27,3918,527729.50751746,0.01127723
2019-02-28,6348,843120.98491272,0.00338339
2019-03-01,4888,650397.59798859,0.01177408
2019-03-02,4623,578099.53694095,0.00837194
2019-03-03,4557,592607.58972771,0.00713505
2019-03-04,5130,715869.23842407,0.01246045
2019-03-05,4864,676896.50833758,0.01433232
2019-03-06,4605,590679.70123654,0.00482631
2019-03-07,5296,682102.44189244,0.00270683
2019-03-08,5081,636934.49344205,0.00899282
2019-03-09,4686,559781.39713683,0.00770357
2019-03-10,4388,559992.19463352,0.01014206
2019-03-11,4472,633277.20363548,0.00430925
2019-03-12,5139,855358.05417710,0.00889923
2019-03-13,4426,754930.83735338,0.00245501
2019-03-14,4994,719919.71383159,0.00992981
2019-03-15,4380,596527.53477307,0.00692768
2019-03-16,5153,703066.55590327,0.01318549
2019-03-17,4960,620352.22914197,0.00704188
2019-03-18,4864,642915.87317838,0.01167749
2019-03-19,5123,719520.53196494,0.15799990
2019-03-20,5113,721222.43680460,0.00152519
2019-03-21,5202,687303.35967084,0.03260992
2019-03-22,4118,550176.83637198,0.00449075
2019-03-23,3962,507006.73386264,0.01115834
2019-03-24,4033,535718.35120385,0.00765615
2019-03-25,6225,828561.57534948,0.00592032
2019-03-26,5405,762529.02545489,0.02288762
2019-03-27,4671,869815.15020779,0.01322907
2019-03-28,5277,903842.55624815,0.00453583
2019-03-29,4198,579370.13722168,0.00552669
2019-03-30,4472,661248.19284067,0.00603635
2019-03-31,4988,819618.73873643,0.00653909
2019-04-01,4805,683279.90860390,0.00875090
2019-04-02,4967,679099.69014508,0.01316112
2019-04-03,5031,711947.18238762,0.00904925
2019-04-04,4218,565444.87952890,0.00403797
2019-04-05,3816,552718.13471301,0.00722268
2019-04-06,5191,726578.99804206,0.01808523
2019-04-07,4450,604711.95412900,0.00394802
2019-04-08,7093,981538.11947851,0.02797820
2019-04-09,5305,729013.62675318,0.00601763
2019-04-10,5003,745482.36399638,0.00634457
2019-04-11,4268,676048.96178340,0.00731128
2019-04-12,3943,593965.60791705,0.00508490
2019-04-13,4357,533743.50235287,0.00363679
2019-04-14,4266,559623.38333215,0.00670678
2019-04-15,4369,567770.23498217,0.00750736
2019-04-16,8127,1027034.63173406,0.00736218
2019-04-17,3529,458617.97824861,0.00231235
2019-04-18,4375,590318.99271599,0.01001526
2019-04-19,5485,801570.25360349,0.01072967
2019-04-20,4724,621843.22853025,0.00736408
2019-04-21,4140,558732.83738599,0.00450036
2019-04-22,4472,625520.75252567,0.01000309
2019-04-23,4522,635484.69013343,0.00394436
2019-04-24,4662,704896.80196051,0.00700169
2019-04-25,4905,655143.35493477,0.00646590
2019-04-26,5096,702439.73037856,0.00781089
2019-04-27,4718,630426.69193063,0.01109194
2019-04-28,5027,670626.91058914,0.00380567
2019-04-29,4602,618154.39352233,0.00426838
2019-04-30,5171,710125.20161128,0.00139374
2019-05-01,4110,534401.10568297,0.00246564
2019-05-02,4796,656960.69998990,0.00589841
2019-05-03,4864,626898.79505364,0.00398649
2019-05-04,4645,666759.61632477,0.00580136
2019-05-05,4720,674921.90360431,0.00164064
2019-05-06,4996,700686.10807327,0.00640092
2019-05-07,4156,587194.37538079,0.00338363
2019-05-08,4665,596505.78748769,0.00456714
2019-05-09,4996,650674.01822010,0.00750724
2019-05-10,4293,557463.71559475,0.03375625
2019-05-11,4065,515353.57365614,0.03168065
2019-05-12,4901,647463.98118762,0.00691298
2019-05-13,4838,604748.77725865,0.01666158
2019-05-14,4895,723344.84290296,0.02106607
2019-05-15,4752,610481.35242221,0.01117916
2019-05-16,4970,665315.42442173,0.01073117
2019-05-17,5117,699085.23950245,0.00889345
2019-05-18,4317,557020.84460549,0.00500575
2019-05-19,4756,714424.90142387,0.00986929
2019-05-20,5094,776771.85235574,0.00723159
2019-05-21,4864,621382.54115164,0.00961418
2019-05-22,4761,648678.41101372,0.00807147
2019-05-23,4459,635154.09418610,0.00818797
2019-05-24,4563,645038.30232124,0.07671514
2019-05-25,4502,587252.96677982,0.00287742
2019-05-26,4799,627394.18243128,0.00752795
2019-05-27,4646,662154.75499709,0.00803422
2019-05-28,5094,670176.27707170,0.00421633
2019-05-29,5099,683168.76682984,0.00875944
2019-05-30,5115,836689.62201145,0.00874484
2019-05-31,4650,632410.78031344,0.01392237
2019-06-01,4593,627078.27905437,0.00278024
2019-06-02,4370,610324.99826197,0.00309248
2019-06-03,4247,576830.97575651,0.00910584
2019-06-04,4249,615092.08611365,0.00421658
2019-06-05,4416,664862.87374994,0.00746394
2019-06-06,5023,731332.61558689,0.00530539
2019-06-07,4674,665488.29379587,0.00567907
2019-06-08,4339,608874.53707437,0.00355669
2019-06-09,4896,661964.88204449,0.00461416
2019-06-10,5251,765213.29498348,0.00657856
2019-06-11,4418,628349.14736537,0.00373994
2019-06-12,4964,665691.82488490,0.00568134
2019-06-13,4385,639940.14466463,0.00507844
2019-06-14,4510,684485.99706365,0.00703225
2019-06-15,5075,709654.55861330,0.00189254
2019-06-16,4558,645249.35905205,0.01126023
2019-06-17,5111,724728.52984969,0.00274591
2019-06-18,4924,1004817.62997720,0.00640058
2019-06-19,4861,702310.90851329,0.00431094
2019-06-20,4415,643360.48263473,0.00423597
2019-06-21,4240,639258.78192966,0.00546962
2019-06-22,4796,730687.77786121,0.00668429
2019-06-23,5276,791485.49382701,0.00860582
2019-06-24,5156,793696.98219065,0.00398215
2019-06-25,4587,660997.19100132,0.00459266
2019-06-26,4961,745218.04485126,0.01367537
2019-06-27,5519,773182.26693893,0.00450863
2019-06-28,4215,599738.61082967,0.00265380
2019-06-29,4943,653496.32269320,0.00341111
2019-06-30,5095,758190.63915896,0.00713650
2019-07-01,5117,773979.54638744,0.00125044
2019-07-02,4774,736766.06641885,0.00454454
2019-07-03,4803,728756.36360468,0.00151104
2019-07-04,4992,941137.84345861,0.00541551
2019-07-05,3460,541551.40254565,0.00081649
2019-07-06,4531,662122.37010161,0.00266149
2019-07-07,4628,676584.98644664,0.01103141
2019-07-08,5033,788019.05069020,0.00304378
2019-07-09,4445,753478.43611641,0.00179228
2019-07-10,4583,771428.07896942,0.00456273
2019-07-11,4882,739071.32960124,0.00196363
2019-07-12,4247,645759.43202092,0.00420816
2019-07-13,4416,634929.91037789,0.00215753
2019-07-14,4485,672636.71228093,0.00372879
2019-07-15,4944,779952.90536092,0.00560780
2019-07-16,4702,795031.54847425,0.00229846
2019-07-17,4569,668773.87876563,0.00205869
2019-07-18,4807,828660.38453257,0.00208896
2019-07-19,4740,743049.68060619,0.00177086
2019-07-20,4102,609431.99348142,0.00170528
2019-07-21,4513,695840.42705662,0.00163640
2019-07-22,4640,724079.12679224,0.00243916
2019-07-23,4970,750142.07351365,0.00304187
2019-07-24,4385,648954.50109696,0.00168968
2019-07-25,4284,760548.70114973,0.00100477
2019-07-26,4153,599420.07923453,0.00475387
2019-07-27,4820,680871.71424163,0.00121271
2019-07-28,4357,745426.46165043,0.00113517
2019-07-29,4688,673037.97305486,0.00241630
2019-07-30,4464,613043.07165582,0.03129143
2019-07-31,4980,688371.41893634,0.00255379
2019-08-01,4588,675924.73763217,0.00234207
2019-08-02,4941,786490.41353033,0.00182980
2019-08-03,4397,616357.04201037,0.00119970
2019-08-04,4101,580512.35957591,0.00112851
2019-08-05,5172,772360.24690234,0.00182023
2019-08-06,4660,696677.45192537,0.00247007
2019-08-07,3985,625807.52460996,0.00317631
2019-08-08,4769,852870.63206617,0.00108572
2019-08-09,4232,664366.42042733,0.00204206
2019-08-10,4268,633388.11911635,0.00960397
2019-08-11,4341,644421.37416026,0.00777160
2019-08-12,4774,772460.80236811,0.01176053
2019-08-13,5316,884779.30445656,0.00442345
2019-08-14,4559,665846.70840429,0.00096173
2019-08-15,4739,712930.87570257,0.00262667
2019-08-16,4843,749002.36797756,0.00111563
2019-08-17,4090,699441.13070270,0.00535039
2019-08-18,4093,627632.64188658,0.00046042
2019-08-19,4111,620532.67806893,0.00855694
2019-08-20,5010,772213.97841210,0.00231542
2019-08-21,4139,626970.62478633,0.00152655
2019-08-22,4390,643203.16033994,0.00139324
2019-08-23,5042,756853.03137355,0.00143152
2019-08-24,4564,764285.81669013,0.00954816
2019-08-25,4716,701046.63676651,0.00503043
2019-08-26,4473,676012.14800954,0.00146508
2019-08-27,4296,639686.71183946,0.00075110
2019-08-28,5003,859017.87520049,0.00362505
2019-08-29,4898,788398.55429882,0.00259209
2019-08-30,4544,725384.72333255,0.00247222
2019-08-31,4510,692295.94691827,0.00546911
2019-09-01,4332,673813.99990622,0.00166462
2019-09-02,4509,702438.95276185,0.00075842
2019-09-03,4573,800572.14292143,0.00234568
2019-09-04,4999,773600.66621888,0.00360492
2019-09-05,4330,679334.70158247,0.00252722
2019-09-06,5112,809609.66448822,0.00314792
2019-09-07,4617,698917.64591933,0.00158934
2019-09-08,4488,680186.69048913,0.00346696
2019-09-09,4787,715176.04535404,0.00349322
2019-09-10,4962,867591.41329682,0.00337033
2019-09-11,4503,707545.24289057,0.00139252
2019-09-12,4783,867679.33283398,0.00367879
2019-09-13,4371,668642.45133657,0.00627150
2019-09-14,4418,646033.39609591,0.00065799
2019-09-15,4144,594568.76447448,0.00184308
2019-09-16,5192,800046.41411584,0.00277461
2019-09-17,4783,765652.59802931,0.00251832
2019-09-18,4272,627413.62737682,0.00127109
2019-09-19,5379,797074.40572867,0.00905842
2019-09-20,4359,631016.92102171,0.00131720
2019-09-21,4924,776912.30464821,0.00489426
2019-09-22,4464,653548.85679413,0.00997261
2019-09-23,4296,654281.24731462,0.01206801
2019-09-24,4733,675561.38070913,0.00303580
2019-09-25,4440,673252.31310045,0.00347305
2019-09-26,4861,2344117.18975833,0.00954674
2019-09-27,4605,1065211.61936803,0.00161425
2019-09-28,4743,691659.30045743,0.00190633
2019-09-29,5124,732804.83913234,0.00796235
2019-09-30,4558,719834.13183018,0.00179131
2019-10-01,5614,836015.87405550,0.00539615
2019-10-02,4760,728361.85065780,0.00913717
2019-10-03,5233,738996.43866982,0.00645002
2019-10-04,4768,660497.48598624,0.00435458
2019-10-05,4580,2034284.03330495,0.00179526
2019-10-06,4247,951067.53869460,0.00948422
2019-10-07,5296,1658471.27390125,0.00576571
2019-10-08,5013,769393.43836013,0.00885370
2019-10-09,4250,1059226.51722379,0.00246555
2019-10-10,4749,853631.08852388,0.00326080
2019-10-11,4804,789509.19497864,0.00832389
2019-10-12,4464,770792.43832999,0.00115910
2019-10-13,4901,853088.37157526,0.00658071
2019-10-14,4488,760752.26253157,0.00166507
2019-10-15,4434,885364.36128795,0.00478665
2019-10-16,4707,770613.00425488,0.00629776
2019-10-17,4080,709367.65704430,0.00766866
2019-10-18,4435,819353.44703043,0.08712220
2019-10-19,4957,850096.59689516,0.02624600
2019-10-20,4646,724419.13102722,0.00582864
2019-10-21,4865,776316.47105705,0.00103869
2019-10-22,4906,839428.11181603,0.00094396
2019-10-23,4997,847741.83543031,0.00543642
2019-10-24,4688,826337.79795682,0.00324711
2019-10-25,4512,707087.26881813,0.00070373
2019-10-26,4413,770184.06693919,0.00902805
2019-10-27,4472,708909.89321783,0.00108089
2019-10-28,5017,1069470.02663207,0.00494140
2019-10-29,4419,1752610.38354124,0.00253089
2019-10-30,4014,699445.08109415,0.00064170
2019-10-31,5551,855850.30317124,0.00237611
2019-11-01,4301,2555388.77901135,0.01240216
2019-11-02,4893,1056010.82700711,0.00738752
2019-11-03,5625,1140127.79464920,0.00147028
2019-11-04,5148,3291825.46672021,0.00137452
2019-11-05,4997,1039759.54418542,0.00761478
2019-11-06,4175,648410.43407192,0.01219553
2019-11-07,4984,3486926.87043185,0.00166771
2019-11-08,5122,960190.48526639,0.00507792
2019-11-09,4520,822583.29540638,0.00070261
2019-11-10,4133,687815.60814045,0.00217114
2019-11-11,4646,940905.77773440,0.00637141
2019-11-12,4604,1242613.34131995,0.00221412
2019-11-13,4205,1790393.98926207,0.00336520
2019-11-14,4743,1322022.44477884,0.00465706
2019-11-15,5196,1033027.55553340,0.00201818
2019-11-16,5456,1734360.07544483,0.01217029
2019-11-17,4787,1365175.40546920,0.01148396
2019-11-18,5185,882175.40807398,0.00188754
2019-11-19,4846,755462.10509643,0.00372366
2019-11-20,4434,940975.52649623,0.00364255
2019-11-21,5330,947561.74370870,0.00638083
2019-11-22,4569,1114763.23211472,0.01300752
2019-11-23,4304,1280789.66234418,0.00285826
2019-11-24,4970,890559.74100907,0.00758137
2019-11-25,4257,842330.45095680,0.00453998
2019-11-26,3859,727398.48345380,0.00565801
2019-11-27,4185,768993.70561957,0.03331343
2019-11-28,4109,770424.65260352,0.02442425
2019-11-29,4301,761175.00094616,0.06426740
2019-11-30,4462,843387.61823028,0.00441591
2019-12-01,4519,732217.87816361,0.00167657
2019-12-02,4372,764797.27248238,0.00083819
2019-12-03,4240,646794.41388436,0.00228045
2019-12-04,5468,924558.81773446,0.00668398
2019-12-05,5432,832842.17093899,0.01231915
2019-12-06,5510,871445.93903049,0.00965768
2019-12-07,5496,1002581.12092221,0.00620511
2019-12-08,4742,790636.96871660,0.01140328
2019-12-09,4114,700396.03852504,0.01567458
2019-12-10,3903,662533.17622699,0.00489014
2019-12-11,4184,807174.69749538,0.00410120
2019-12-12,3937,710183.50775431,0.00760918
2019-12-13,3948,768292.41557040,0.00517081
2019-12-14,4240,727878.05132585,0.00173760
2019-12-15,3749,647712.67289719,0.00273398
2019-12-16,4974,932108.42640144,0.00290808
2019-12-17,5913,993495.45976458,0.00522178
2019-12-18,5552,1015240.40929433,0.15593113
2019-12-19,4652,806922.45390296,0.01116287
2019-12-20,4024,643333.98597196,0.00487460
2019-12-21,4434,739160.81902663,0.01110366
2019-12-22,3426,614011.83277010,0.00918345
2019-12-23,5740,989426.25432282,0.01586383
2019-12-24,4725,781102.77019500,0.00328512
2019-12-25,4723,740471.35878933,0.00967452
2019-12-26,4524,693427.74104649,0.00399785
2019-12-27,4893,830612.23876123,0.01107610
2019-12-28,4704,760267.98266106,0.00171131
2019-12-29,4644,741423.81496841,0.00186424
2019-12-30,4433,769545.41712300,0.00276586
2019-12-31,4723,752300.41782023,0.00194707
2020-01-01,4465,688645.53863802,0.00528039
2020-01-02,4504,723879.04115228,0.00976072
2020-01-03,5053,807178.05175381,0.00901344
2020-01-04,4614,748056.20855853,0.00561676
2020-01-05,5069,821350.27344046,0.00852729
2020-01-06,4407,783193.28426909,0.00701001
2020-01-07,4738,814164.95135439,0.02081274
2020-01-08,4653,827153.78912011,0.00298789
2020-01-09,4765,888390.82079259,0.01183784
2020-01-10,4074,696934.22448264,0.01021697
2020-01-11,4535,795861.02009157,0.01797775
2020-01-12,4427,817185.10006572,0.01267130
2020-01-13,4368,735114.57979955,0.02160805
2020-01-14,4938,885181.30114967,0.00518255
2020-01-15,4346,4781076.70388844,0.00035243
2020-01-16,5161,3019537.77585971,0.10158482
2020-01-17,5121,861034.96847806,0.01878588
2020-01-18,4788,797797.63381156,0.02450774
2020-01-19,5078,847939.78246739,0.01665805
2020-01-20,4425,1562062.13198113,0.01190251
2020-01-21,4474,3036767.36694217,0.01077532
2020-01-22,4795,768065.86493400,0.00333723
2020-01-23,3926,679920.56818648,0.00194097
2020-01-24,4882,1257229.92898107,0.01478602
2020-01-25,4371,698167.33964392,0.01800315
2020-01-26,5046,767436.11068212,0.00496761
2020-01-27,4691,719376.03705981,0.00712533
2020-01-28,4779,753012.08696547,0.00583730
2020-01-29,4418,680355.49547715,0.00802181
2020-01-30,5064,783404.62560945,0.02176611
2020-01-31,4547,682472.71345407,0.00364938
2020-02-01,4774,706495.94440589,0.00941805
2020-02-02,3925,597939.21129469,0.00430305
2020-02-03,4975,1134812.86767198,0.01045123
2020-02-04,4747,1355815.71281120,0.00126818
2020-02-05,4725,875787.28621813,0.00426500
2020-02-06,4396,1032705.12337456,0.00196956
2020-02-07,4074,1253313.20968640,0.00226836
2020-02-08,4947,2098169.73229832,0.01068235
2020-02-09,5075,1539168.51048560,0.00523945
2020-02-10,4512,909556.37846042,0.01529150
2020-02-11,4118,778549.22818719,0.00453928
2020-02-12,4801,1046192.12594671,0.08266391
2020-02-13,4518,1082705.15326845,0.00446493
2020-02-14,4259,1116555.58509805,0.00307226
2020-02-15,4354,946627.84034470,0.00627316
2020-02-16,4765,1149701.28266162,0.02322055
2020-02-17,4786,1079443.66069449,0.00919088
2020-02-18,4620,937887.60211967,0.00604854
2020-02-19,4609,1088904.31813634,0.00484869
2020-02-20,3709,920796.67972308,0.00429625
2020-02-21,4530,827531.00478131,0.00157629
2020-02-22,5175,947680.01824910,0.02264104
2020-02-23,4997,1119690.34339064,0.03186954
2020-02-24,4823,1097786.60029872,0.00814402
2020-02-25,4907,1099349.27864306,0.00461615
2020-02-26,4519,1025983.71810885,0.05087863
2020-02-27,4512,1056661.70792539,0.02039668
2020-02-28,4282,982888.04694249,0.00839724
2020-02-29,3889,865394.36387296,0.00853342
2020-03-01,4249,1021500.60869005,0.01263827
2020-03-02,4518,1258696.81160257,0.00762191
2020-03-03,3776,925843.56697222,0.01370751
2020-03-04,4320,1066707.35469769,0.00811579
2020-03-05,3964,1132472.08251576,0.00563610
2020-03-06,3990,887818.56398749,0.01485613
2020-03-07,4677,990779.69800512,0.00683294
2020-03-08,4540,1202486.56588456,0.00647944
2020-03-09,5902,2251170.83856456,0.03031712
2020-03-10,4467,1911254.86735921,0.00967575
2020-03-11,4894,1252159.74988687,0.01411118
2020-03-12,4481,2355012.32013931,0.02158381
2020-03-13,3923,1640502.83212917,0.05661672
2020-03-14,4506,2791267.75962009,0.03974076
2020-03-15,4141,1892678.04573161,0.05078645
2020-03-16,3923,1674375.72719680,0.16247122
2020-03-17,4436,1019998.64735197,0.01919509
2020-03-18,4675,944406.86006986,0.02814280
2020-03-19,5169,1076818.27621776,0.03290103
2020-03-20,4041,855858.19698825,0.02429952
2020-03-21,3957,892812.76767899,0.01792570
