day,sum_total_reward,sum_reward
2016-02-08,1687206.23595119,1687206.23595119
2016-02-09,7839.51123176,1695045.74718295
2016-02-10,3515.76966104,1698561.51684399
2016-02-11,6376.42696288,1704937.94380687
2016-02-12,8101.55617544,1713039.49998231
2016-02-13,6245.40449104,1719284.90447335
2016-02-14,5197.22471632,1724482.12918967
2016-02-15,5459.26966000,1729941.39884967
2016-02-16,8625.64606280,1738567.04491247
2016-02-17,6158.05617648,1744725.10108895
2016-02-18,5896.01123280,1750621.11232175
2016-02-19,5939.68539008,1756560.79771183
2016-02-20,6507.44943472,1763068.24714655
2016-02-21,6944.19100669,1770012.43815324
2016-02-22,6719.58104645,1776732.01919969
2016-02-23,8210.74155722,1784942.76075691
2016-02-24,10269.66611243,1795212.42686934
2016-02-25,8466.54733590,1803678.97420524
2016-02-26,7767.76082029,1811446.73502553
2016-02-27,7886.30496152,1819333.03998705
2016-02-28,9520.96627457,1828854.00626162
2016-02-29,8366.19561536,1837220.20187698
2016-03-01,8790.42797051,1846010.62984749
2016-03-02,7771.15838856,1853781.78823605
2016-03-03,9618.19841893,1863399.98665498
2016-03-04,7839.10969409,1871239.09634907
2016-03-05,8963.39492995,1880202.49127902
2016-03-06,8574.21927136,1888776.71055038
2016-03-07,8598.92883696,1897375.63938734
2016-03-08,8673.05753386,1906048.69692120
2016-03-09,8086.20535025,1914134.90227145
2016-03-10,10062.97060003,1924197.87287148
2016-03-11,7684.67490890,1931882.54778038
2016-03-12,8401.25231198,1940283.80009236
2016-03-13,8067.67317602,1948351.47326838
2016-03-14,8920.15319002,1957271.62645840
2016-03-15,9692.32711585,1966963.95357425
2016-03-16,7332.56359881,1974296.51717306
2016-03-17,9179.60362922,1983476.12080228
2016-03-18,9747.92363850,1993224.04444078
2016-03-19,8178.86622142,2001402.91066220
2016-03-20,8617.46101129,2010020.37167349
2016-03-21,8034.85960621,2018055.23127970
2016-03-22,8825.71861091,2026880.94989061
2016-03-23,9192.69235779,2036073.64224840
2016-03-24,7688.09999601,2043761.74224441
2016-03-25,9021.43794277,2052783.18018718
2016-03-26,9033.67040095,2061816.85058813
2016-03-27,9217.15727441,2071034.00786254
2016-03-28,8152.93340871,2079186.94127125
2016-03-29,8220.21192870,2087407.15319995
2016-03-30,9425.10906411,2096832.26226406
2016-03-31,8214.09569961,2105046.35796367
2016-04-01,8954.15942244,2114000.51738611
2016-04-02,8856.29975664,2122856.81714275
2016-04-03,8593.30190475,2131450.11904750
2016-04-04,8140.70094955,2139590.81999705
2016-04-05,8379.23388584,2147970.05388289
2016-04-06,7847.12195285,2155817.17583574
2016-04-07,10232.45130719,2166049.62714293
2016-04-08,8238.56061629,2174288.18775922
2016-04-09,7816.54080730,2182104.72856652
2016-04-10,8727.85894535,2190832.58751187
2016-04-11,8412.50980337,2199245.09731524
2016-04-12,9101.67559302,2208346.77290826
2016-04-13,8290.21549351,2216636.98840177
2016-04-14,9416.57055700,2226053.55895877
2016-04-15,8084.32263249,2234137.88159126
2016-04-16,8496.10835462,2242633.98994588
2016-04-17,8229.65876973,2250863.64871561
2016-04-18,7945.04216749,2258808.69088310
2016-04-19,9628.51909023,2268437.20997333
2016-04-20,8368.93923446,2276806.14920779
2016-04-21,7963.20918466,2284769.35839245
2016-04-22,9247.01173011,2294016.37012256
2016-04-23,9234.90038545,2303251.27050801
2016-04-24,8562.72075079,2311813.99125880
2016-04-25,8193.32473542,2320007.31599422
2016-04-26,8944.22811097,2328951.54410519
2016-04-27,8726.22390511,2337677.76801030
2016-04-28,8029.82158107,2345707.58959137
2016-04-29,9368.12517788,2355075.71476925
2016-04-30,8381.05057924,2363456.76534849
2016-05-01,8544.55373368,2372001.31908217
2016-05-02,8134.47679149,2380135.79587366
2016-05-03,7890.36125296,2388026.15712662
2016-05-04,8993.57285664,2397019.72998326
2016-05-05,8160.16843863,2405179.89842189
2016-05-06,7728.47694151,2412908.37536340
2016-05-07,9761.02440694,2422669.39977034
2016-05-08,8274.08702802,2430943.48679836
2016-05-09,7872.37410719,2438815.86090555
2016-05-10,7284.79401333,2446100.65491888
2016-05-11,7728.47694101,2453829.13185989
2016-05-12,9629.11867140,2463458.25053129
2016-05-13,7494.64404698,2470952.89457827
2016-05-14,9131.47430713,2480084.36888540
2016-05-15,8807.70568419,2488892.07456959
2016-05-16,7722.48122630,2496614.55579589
2016-05-17,8687.79137955,2505302.34717544
2016-05-18,8645.82137276,2513948.16854820
2016-05-19,8477.94134620,2522426.10989440
2016-05-20,7782.43837846,2530208.54827286
2016-05-21,8747.74853173,2538956.29680459
2016-05-22,8543.89421343,2547500.19101802
2016-05-23,7890.36125268,2555390.55227070
2016-05-24,8385.77947950,2563776.33175020
2016-05-25,7847.85696798,2571624.18871818
2016-05-26,8299.01969817,2579923.20841635
2016-05-27,8756.11878033,2588679.32719668
2016-05-28,8055.62927724,2596734.95647392
2016-05-29,7135.49476193,2603870.45123585
2016-05-30,7919.09318853,2611789.54442438
2016-05-31,9711.87140656,2621501.41583094
2016-06-01,7616.33925108,2629117.75508202
2016-06-02,7378.88518255,2636496.64026457
2016-06-03,9860.28019950,2646356.92046407
2016-06-04,8536.47376727,2654893.39423134
2016-06-05,6844.61352823,2661738.00775957
2016-06-06,8750.18242908,2670488.19018865
2016-06-07,8732.37337387,2679220.56356252
2016-06-08,8132.80185051,2687353.36541303
2016-06-09,7533.23032704,2694886.59574007
2016-06-10,8952.01838718,2703838.61412725
2016-06-11,8334.63780877,2712173.25193602
2016-06-12,8471.17389823,2720644.42583425
2016-06-13,8174.35631262,2728818.78214687
2016-06-14,8351.00685605,2737169.78900292
2016-06-15,6729.82446718,2743899.61347010
2016-06-16,7570.31782853,2751469.93129863
2016-06-17,10285.75791932,2761755.68921795
2016-06-18,8381.42331017,2770137.11252812
2016-06-19,8040.52390488,2778177.63643300
2016-06-20,7834.80874652,2786012.44517952
2016-06-21,8463.70937352,2794476.15455304
2016-06-22,7964.11541749,2802440.26997053
2016-06-23,9033.83424113,2811474.10421166
2016-06-24,7299.94933467,2818774.05354633
2016-06-25,8146.32027183,2826920.37381816
2016-06-26,8122.80996748,2835043.18378564
2016-06-27,8087.54451244,2843130.72829808
2016-06-28,8058.15663264,2851188.88493072
2016-06-29,9104.36515256,2860293.25008328
2016-06-30,7282.31660682,2867575.56669010
2016-07-01,7899.46208184,2875475.02877194
2016-07-02,9169.01848803,2884644.04725997
2016-07-03,8175.70815187,2892819.75541184
2016-07-04,8504.85240530,2901324.60781714
2016-07-05,8181.44024488,2909506.04806202
2016-07-06,8211.14819651,2917717.19625853
2016-07-07,8554.49174262,2926271.68800115
2016-07-08,7460.44790056,2933732.13590171
2016-07-09,8077.30240696,2941809.43830867
2016-07-10,8845.46084936,2950654.89915803
2016-07-11,7780.51391803,2958435.41307606
2016-07-12,7879.44341452,2966314.85649058
2016-07-13,6535.16614067,2972850.02263125
2016-07-14,9153.88810233,2982003.91073358
2016-07-15,8030.74734994,2990034.65808352
2016-07-16,8379.91027820,2998414.56836172
2016-07-17,7995.83105700,3006410.39941872
2016-07-18,7768.87515389,3014179.27457261
2016-07-19,8251.88387146,3022431.15844407
2016-07-20,8531.21421404,3030962.37265811
2016-07-21,7576.83554316,3038539.20820127
2016-07-22,8048.20549647,3046587.41369774
2016-07-23,8810.54455664,3055397.95825438
2016-07-24,8257.70325353,3063655.66150791
2016-07-25,6878.50968680,3070534.17119471
2016-07-26,7437.17037218,3077971.34156689
2016-07-27,7716.62746522,3085687.96903211
2016-07-28,7570.95853050,3093258.92756261
2016-07-29,6764.31150295,3100023.23906556
2016-07-30,8631.12319648,3108654.36226204
2016-07-31,7726.52617290,3116380.88843494
2016-08-01,7870.57028506,3124251.45872000
2016-08-02,8170.18203809,3132421.64075809
2016-08-03,8072.23204182,3140493.87279991
2016-08-04,7951.23498765,3148445.10778756
2016-08-05,8008.85263264,3156453.96042020
2016-08-06,8498.60261375,3164952.56303395
2016-08-07,7887.85557844,3172840.41861239
2016-08-08,8147.13498022,3180987.55359261
2016-08-09,8302.70262118,3189290.25621379
2016-08-10,8527.41143614,3197817.66764993
2016-08-11,7375.05853931,3205192.72618924
2016-08-12,8089.51733541,3213282.24352465
2016-08-13,9028.68494620,3222310.92847085
2016-08-14,8608.07613879,3230919.00460964
2016-08-15,6925.64090954,3237844.64551918
2016-08-16,9460.81728250,3247305.46280168
2016-08-17,7234.00940572,3254539.47220740
2016-08-18,8557.07597040,3263096.54817780
2016-08-19,8180.56462792,3271277.11280572
2016-08-20,7227.87683651,3278504.98964223
2016-08-21,8979.22505166,3287484.21469389
2016-08-22,6942.64097063,3294426.85566452
2016-08-23,7216.46740163,3301643.32306615
2016-08-24,9264.46091728,3310907.78398343
2016-08-25,8237.61180104,3319145.39578447
2016-08-26,6691.63340883,3325837.02919330
2016-08-27,9663.79112944,3335500.82032274
2016-08-28,7764.12026407,3343264.94058681
2016-08-29,7068.14475171,3350333.08533852
2016-08-30,7878.21461025,3358211.29994877
2016-08-31,9024.86279046,3367236.16273923
2016-09-01,8163.45047597,3375399.61321520
2016-09-02,7108.07777284,3382507.69098804
2016-09-03,8437.27690705,3390944.96789509
2016-09-04,9133.25241907,3400078.22031416
2016-09-05,6879.88907968,3406958.10939384
2016-09-06,6765.79473368,3413723.90412752
2016-09-07,8820.42492590,3422544.32905342
2016-09-08,7201.49958377,3429745.82863719
2016-09-09,8816.89478488,3438562.72342207
2016-09-10,7286.22310845,3445848.94653052
2016-09-11,9172.73358749,3455021.68011801
2016-09-12,6800.47490108,3461822.15501909
2016-09-13,8291.60893271,3470113.76395180
2016-09-14,7410.48427777,3477524.24822957
2016-09-15,7845.39837036,3485369.64659993
2016-09-16,7975.30777463,3493344.95437456
2016-09-17,8850.78419460,3502195.73856916
2016-09-18,7975.30777445,3510171.04634361
2016-09-19,7766.32308063,3517937.36942424
2016-09-20,6969.92195030,3524907.29137454
2016-09-21,8528.83480127,3533436.12617581
2016-09-22,8302.90540249,3541739.03157830
2016-09-23,7924.47365982,3549663.50523812
2016-09-24,7630.76544155,3557294.27067967
2016-09-25,8093.92070889,3565388.19138856
2016-09-26,8156.05129360,3573544.24268216
2016-09-27,7890.58425011,3581434.82693227
2016-09-28,7822.80543031,3589257.63236258
2016-09-29,8164.74733258,3597422.37969516
2016-09-30,8131.22142103,3605553.60111619
2016-10-01,7532.84405371,3613086.44516990
2016-10-02,7812.45964596,3620898.90481586
2016-10-03,7655.87491433,3628554.77973019
2016-10-04,7767.72115124,3636322.50088143
2016-10-05,7969.04437761,3644291.54525904
2016-10-06,8584.19868028,3652875.74393932
2016-10-07,6884.13587982,3659759.87981914
2016-10-08,9132.24524109,3668892.12506023
2016-10-09,7079.86679441,3675971.99185464
2016-10-10,8259.84459349,3684231.83644813
2016-10-11,7639.09797880,3691870.93442693
2016-10-12,8628.93717517,3700499.87160210
2016-10-13,7068.68217071,3707568.55377281
2016-10-14,8147.99835663,3715716.55212944
2016-10-15,7722.98265638,3723439.53478582
2016-10-16,8181.55222758,3731621.08701340
2016-10-17,7913.12125907,3739534.20827247
2016-10-18,8075.29830227,3747609.50657474
2016-10-19,7432.18244028,3755041.68901502
2016-10-20,6939.14540073,3761980.83441575
2016-10-21,8748.36901697,3770729.20343272
2016-10-22,7308.76398886,3778037.96742158
2016-10-23,7552.38945519,3785590.35687677
2016-10-24,7912.29071226,3793502.64758903
2016-10-25,8061.78815744,3801564.43574647
2016-10-26,8554.57603247,3810119.01177894
2016-10-27,7109.43406191,3817228.44584085
2016-10-28,7557.92639763,3824786.37223848
2016-10-29,7973.19707873,3832759.56931721
2016-10-30,7530.24168550,3840289.81100271
2016-10-31,7779.40409417,3848069.21509688
2016-11-01,7452.72449150,3855521.93958838
2016-11-02,7812.62574859,3863334.56533697
2016-11-03,7286.61621925,3870621.18155622
2016-11-04,8083.93592708,3878705.11748330
2016-11-05,8875.71869265,3887580.83617595
2016-11-06,7402.89201005,3894983.72818600
2016-11-07,7004.23215605,3901987.96034205
2016-11-08,8504.74355067,3910492.70389272
2016-11-09,7485.94614612,3917978.65003884
2016-11-10,7618.83276409,3925597.48280293
2016-11-11,8028.81320102,3933626.29600395
2016-11-12,8623.37665685,3942249.67266080
2016-11-13,6446.97453812,3948696.64719892
2016-11-14,8384.90438441,3957081.55158333
2016-11-15,7296.70332505,3964378.25490838
2016-11-16,7477.61332486,3971855.86823324
2016-11-17,8135.46786952,3979991.33610276
2016-11-18,7839.43332442,3987830.76942718
2016-11-19,7609.18423374,3995439.95366092
2016-11-20,8458.91302067,4003898.86668159
2016-11-21,6257.84135654,4010156.70803813
2016-11-22,7609.18423380,4017765.89227193
2016-11-23,7960.03999098,4025725.93226291
2016-11-24,7940.85256677,4033666.78482968
2016-11-25,6678.32005291,4040345.10488259
2016-11-26,6940.36544596,4047285.47032855
2016-11-27,7899.73665761,4055185.20698616
2016-11-28,7247.36423420,4062432.57122036
2016-11-29,8075.16453633,4070507.73575669
2016-11-30,8086.12877863,4078593.86453532
2016-12-01,7105.92550705,4085699.79004237
2016-12-02,7574.31034386,4093274.10038623
2016-12-03,8364.30572082,4101638.40610705
2016-12-04,7018.20071187,4108656.60681892
2016-12-05,6996.48934080,4115653.09615972
2016-12-06,8114.62495298,4123767.72111270
2016-12-07,7688.53929493,4131456.26040763
2016-12-08,7289.59285077,4138745.85325840
2016-12-09,7650.54439551,4146396.39765391
2016-12-10,7577.26851797,4153973.66617188
2016-12-11,7892.08339913,4161865.74957101
2016-12-12,7626.11910304,4169491.86867405
2016-12-13,7061.62345413,4176553.49212818
2016-12-14,7859.51634249,4184413.00847067
2016-12-15,8011.49594028,4192424.50441095
2016-12-16,7930.07829856,4200354.58270951
2016-12-17,6323.43683632,4206678.01954583
2016-12-18,7604.40773192,4214282.42727775
2016-12-19,8266.60455083,4222549.03182858
2016-12-20,7951.78966970,4230500.82149828
2016-12-21,7490.42303360,4237991.24453188
2016-12-22,7153.89678132,4245145.14131320
2016-12-23,7702.56569933,4252847.70701253
2016-12-24,7663.46910103,4260511.17611356
2016-12-25,7615.10218525,4268126.27829881
2016-12-26,6932.59126251,4275058.86956132
2016-12-27,7378.64170799,4282437.51126931
2016-12-28,8034.28212208,4290471.79339139
2016-12-29,7351.77119925,4297823.56459064
2016-12-30,7996.66340976,4305820.22800040
2016-12-31,7598.97988006,4313419.20788046
2017-01-01,7572.10937123,4320991.31725169
2017-01-02,7502.24604850,4328493.56330019
2017-01-03,7555.98706601,4336049.55036620
2017-01-04,8045.03032563,4344094.58069183
2017-01-05,7615.10218534,4351709.68287717
2017-01-06,7598.97987997,4359308.66275714
2017-01-07,6959.46177116,4366268.12452830
2017-01-08,7733.33242388,4374001.45695218
2017-01-09,7212.04455376,4381213.50150594
2017-01-10,8120.26775012,4389333.76925606
2017-01-11,8023.53391853,4397357.30317459
2017-01-12,6416.67749412,4403773.98066871
2017-01-13,7598.97988000,4411372.96054871
2017-01-14,8532.76997348,4419905.73052219
2017-01-15,7683.36924917,4427589.09977136
2017-01-16,6539.37729045,4434128.47706181
2017-01-17,8018.58549766,4442147.06255947
2017-01-18,7773.82442741,4449920.88698688
2017-01-19,7119.35460906,4457040.24159594
2017-01-20,7646.12299945,4464686.36459539
2017-01-21,7715.29460627,4472401.65920166
2017-01-22,7656.76478508,4480058.42398674
2017-01-23,6597.90711160,4486656.33109834
2017-01-24,8343.15996039,4494999.49105873
2017-01-25,7294.94407246,4502294.43513119
2017-01-26,7465.21264311,4509759.64777430
2017-01-27,7789.78710581,4517549.43488011
2017-01-28,7374.75746493,4524924.19234504
2017-01-29,8204.81674667,4533129.00909171
2017-01-30,7513.10067866,4540642.10977037
2017-01-31,7678.04835642,4548320.15812679
2017-02-01,7555.66782123,4555875.82594802
2017-02-02,7683.36924923,4563559.19519725
2017-02-03,8407.01067440,4571966.20587165
2017-02-04,8554.70495442,4580520.91082607
2017-02-05,6680.09119028,4587201.00201635
2017-02-06,6132.19727563,4593333.19929198
2017-02-07,7886.51144476,4601219.71073674
2017-02-08,8523.96494160,4609743.67567834
2017-02-09,6817.06466883,4616560.74034717
2017-02-10,7807.48828390,4624368.22863107
2017-02-11,7659.97838386,4632028.20701493
2017-02-12,7849.63396973,4639877.84098466
2017-02-13,7786.41544108,4647664.25642574
2017-02-14,6748.57792960,4654412.83435534
2017-02-15,7243.78973710,4661656.62409244
2017-02-16,8218.40871997,4669875.03281241
2017-02-17,7596.75985515,4677471.79266756
2017-02-18,7528.27311595,4685000.06578351
2017-02-19,6890.81961901,4691890.88540252
2017-02-20,7823.29291601,4699714.17831853
2017-02-21,8466.01462364,4708180.19294217
2017-02-22,6105.85622204,4714286.04916421
2017-02-23,7364.95858359,4721651.00774780
2017-02-24,8529.23315205,4730180.24089985
2017-02-25,6475.38729945,4736655.62819930
2017-02-26,7589.35306383,4744244.98126313
2017-02-27,7949.26052863,4752194.24179176
2017-02-28,6139.29110390,4758333.53289566
2017-03-01,7547.62466239,4765881.15755805
2017-03-02,7401.57525636,4773282.73281441
2017-03-03,7151.20484601,4780433.93766042
2017-03-04,8397.84084755,4788831.77850797
2017-03-05,7558.05676292,4796389.83527089
2017-03-06,6191.45160546,4802581.28687635
2017-03-07,7537.19256194,4810118.47943829
2017-03-08,8403.05689777,4818521.53633606
2017-03-09,6342.71706250,4824864.25339856
2017-03-10,7865.80372567,4832730.05712423
2017-03-11,7698.89011871,4840428.94724294
2017-03-12,8006.63708127,4848435.58432421
2017-03-13,6900.83443574,4855336.41875995
2017-03-14,7260.74190058,4862597.16066053
2017-03-15,7740.61852029,4870337.77918082
2017-03-16,8345.68034545,4878683.45952627
2017-03-17,6989.50728932,4885672.96681559
2017-03-18,7033.17234309,4892706.13915868
2017-03-19,6977.11271128,4899683.25186996
2017-03-20,8645.21589828,4908328.46776824
2017-03-21,7514.21095108,4915842.67871932
2017-03-22,6625.93309288,4922468.61181220
2017-03-23,7292.14148652,4929760.75329872
2017-03-24,8412.81762152,4938173.57092024
2017-03-25,6842.83815132,4945016.40907156
2017-03-26,9456.02766428,4954472.43673584
2017-03-27,6491.65853304,4960964.09526888
2017-03-28,6817.01612056,4967781.11138944
2017-03-29,6532.97378220,4974314.08517164
2017-03-30,8092.62444008,4982406.70961172
2017-03-31,7534.86857572,4989941.57818744
2017-04-01,7813.74650776,4997755.32469520
2017-04-02,7488.38892032,5005243.71361552
2017-04-03,7137.20930192,5012380.92291744
2017-04-04,7612.33466792,5019993.25758536
2017-04-05,7343.78554808,5027337.04313344
2017-04-06,7173.36014504,5034510.40327848
2017-04-07,7410.92282804,5041921.32610652
2017-04-08,7571.01941876,5049492.34552528
2017-04-09,8577.54172149,5058069.88724677
2017-04-10,6243.30684083,5064313.19408760
2017-04-11,7076.77040756,5071389.96449516
2017-04-12,8375.54185521,5079765.50635037
2017-04-13,6846.67310389,5086612.17945426
2017-04-14,6892.69256460,5093504.87201886
2017-04-15,7639.23048342,5101144.10250228
2017-04-16,6734.18108855,5107878.28359083
2017-04-17,7823.30832629,5115701.59191712
2017-04-18,7577.87120232,5123279.46311944
2017-04-19,7148.35623541,5130427.81935485
2017-04-20,8022.72598947,5138450.54534432
2017-04-21,7572.75792894,5146023.30327326
2017-04-22,6652.36871404,5152675.67198730
2017-04-23,3686.67013288,5156362.34212018
2017-04-24,7158.58278223,5163520.92490241
2017-04-25,10835.02636825,5174355.95127066
2017-04-26,6596.12270654,5180952.07397720
2017-04-27,6171.72101294,5187123.79499014
2017-04-28,7352.88717204,5194476.68216218
2017-04-29,8273.27638692,5202749.95854910
2017-04-30,7385.46530460,5210135.42385370
2017-05-01,6819.38543597,5216954.80928967
2017-05-02,7462.34159824,5224417.15088791
2017-05-03,7325.65013072,5231742.80101863
2017-05-04,7401.58983498,5239144.39085361
2017-05-05,6662.44338075,5245806.83423436
2017-05-06,7690.16071081,5253496.99494517
2017-05-07,7371.21395309,5260868.20889826
2017-05-08,7026.95396083,5267895.16285909
2017-05-09,6687.75661547,5274582.91947456
2017-05-10,7011.76602009,5281594.68549465
2017-05-11,7771.16306191,5289365.84855656
2017-05-12,7523.09336149,5296888.94191805
2017-05-13,7224.39719170,5304113.33910975
2017-05-14,6844.69867083,5310958.03778058
2017-05-15,7219.33454482,5318177.37232540
2017-05-16,6470.06279688,5324647.43512228
2017-05-17,7791.41364959,5332438.84877187
2017-05-18,8140.73628888,5340579.58506075
2017-05-19,6019.48721866,5346599.07227941
2017-05-20,7183.89601612,5353782.96829553
2017-05-21,6957.25484818,5360740.22314371
2017-05-22,6927.30503606,5367667.52817977
2017-05-23,7338.33181832,5375005.85999809
2017-05-24,6456.12799318,5381461.98799127
2017-05-25,7323.29425313,5388785.28224440
2017-05-26,7619.03303550,5396404.31527990
2017-05-27,7338.33181828,5403742.64709818
2017-05-28,7373.41947051,5411116.06656869
2017-05-29,6796.97947106,5417913.04603975
2017-05-30,7077.68068806,5424990.72672781
2017-05-31,7067.65564472,5432058.38237253
2017-06-01,7338.33181840,5439396.71419093
2017-06-02,8260.63581736,5447657.35000829
2017-06-03,5839.58781999,5453496.93782828
2017-06-04,6852.11721021,5460349.05503849
2017-06-05,8070.15999158,5468419.21503007
2017-06-06,6541.34086273,5474960.55589280
2017-06-07,7132.81842731,5482093.37432011
2017-06-08,7288.20660084,5489381.58092095
2017-06-09,7263.14399237,5496644.72491332
2017-06-10,7142.84347063,5503787.56838395
2017-06-11,7704.45434628,5511492.02273023
2017-06-12,7091.97381682,5518583.99654705
2017-06-13,6402.13171708,5524986.12826413
2017-06-14,6685.01660688,5531671.14487101
2017-06-15,7280.56374337,5538951.70861438
2017-06-16,7866.18509429,5546817.89370867
2017-06-17,6779.31157018,5553597.20527885
2017-06-18,6779.31157019,5560376.51684904
2017-06-19,7235.89770815,5567612.41455719
2017-06-20,6774.34867737,5574386.76323456
2017-06-21,7667.66938205,5582054.43261661
2017-06-22,6109.32104160,5588163.75365821
2017-06-23,7786.77880940,5595950.53246761
2017-06-24,7459.22788434,5603409.76035195
2017-06-25,6650.27635729,5610060.03670924
2017-06-26,6987.75306795,5617047.78977719
2017-06-27,6967.90149679,5624015.69127398
2017-06-28,7196.19456574,5631211.88583972
2017-06-29,7618.04045409,5638829.92629381
2017-06-30,7786.77880938,5646616.70510319
2017-07-01,5935.61979353,5652552.32489672
2017-07-02,6625.46189324,5659177.78678996
2017-07-03,8217.15005679,5667394.93684675
2017-07-04,6800.63726026,5674195.57410701
2017-07-05,6864.51607855,5681060.09018556
2017-07-06,7405.02915554,5688465.11934110
2017-07-07,6869.42983376,5695334.54917486
2017-07-08,7120.03135122,5702454.58052608
2017-07-09,6628.65582655,5709083.23635263
2017-07-10,7134.77261655,5716218.00896918
2017-07-11,6820.29228097,5723038.30125015
2017-07-12,6839.94730199,5729878.24855214
2017-07-13,7577.01058886,5737455.25914100
2017-07-14,6156.93532309,5743612.19446409
2017-07-15,6903.82612046,5750516.02058455
2017-07-16,7493.47674991,5758009.49733446
2017-07-17,6952.96367285,5764962.46100731
2017-07-18,7183.91016940,5772146.37117671
2017-07-19,6751.49970787,5778897.87088458
2017-07-20,6618.82831618,5785516.69920076
2017-07-21,7473.82172903,5792990.52092979
2017-07-22,6889.08485473,5799879.60578452
2017-07-23,7321.49531640,5807201.10110092
2017-07-24,7210.83852291,5814411.93962383
2017-07-25,6781.95526314,5821193.89488697
2017-07-26,7141.97297434,5828335.86786131
2017-07-27,6835.47140941,5835171.33927072
2017-07-28,7015.48026500,5842186.81953572
2017-07-29,6295.44484254,5848482.26437826
2017-07-30,7429.01412253,5855911.27850079
2017-07-31,7030.07557763,5862941.35407842
2017-08-01,6528.96984442,5869470.32392284
2017-08-02,7555.50683187,5877025.83075471
2017-08-03,6743.03442950,5883768.86518421
2017-08-04,7015.48026502,5890784.34544923
2017-08-05,7390.09328887,5898174.43873810
2017-08-06,6115.43598691,5904289.87472501
2017-08-07,7234.40995427,5911524.28467928
2017-08-08,7049.53599445,5918573.82067373
2017-08-09,7555.50683185,5926129.32750558
2017-08-10,6728.43911687,5932857.76662245
2017-08-11,6806.28078417,5939664.04740662
2017-08-12,6699.24849163,5946363.29589825
2017-08-13,6869.52713882,5953232.82303707
2017-08-14,7399.84758035,5960632.67061742
2017-08-15,6782.24427156,5967414.91488898
2017-08-16,7032.72488304,5974447.63977202
2017-08-17,5934.46373760,5980382.10350962
2017-08-18,7182.04986426,5987564.15337388
2017-08-19,6960.47086106,5994524.62423494
2017-08-20,7413.26273718,6001937.88697212
2017-08-21,6170.49354530,6008108.38051742
2017-08-22,6555.84833346,6014664.22885088
2017-08-23,7726.36350248,6022390.59235336
2017-08-24,7225.40227780,6029615.99463116
2017-08-25,6088.60565284,6035704.60028400
2017-08-26,6295.73385146,6042000.33413546
2017-08-27,7784.16672068,6049784.50085614
2017-08-28,6849.68135944,6056634.18221558
2017-08-29,7673.37721914,6064307.55943472
2017-08-30,5924.82986784,6070232.38930256
2017-08-31,7196.50066880,6077428.88997136
2017-09-01,7557.77078266,6084986.66075402
2017-09-02,6223.47982872,6091210.14058274
2017-09-03,7292.83936592,6098502.97994866
2017-09-04,7184.79217882,6105687.77212748
2017-09-05,7153.86364793,6112841.63577541
2017-09-06,5780.32182756,6118621.95760297
2017-09-07,7673.71107303,6126295.66867600
2017-09-08,6347.86167692,6132643.53035292
2017-09-09,6390.78485881,6139034.31521173
2017-09-10,6982.17092040,6146016.48613213
2017-09-11,6858.17061712,6152874.65674925
2017-09-12,7311.24864817,6160185.90539742
2017-09-13,6529.09288928,6166714.99828670
2017-09-14,6614.93925309,6173329.93753979
2017-09-15,7587.86470924,6180917.80224903
2017-09-16,6438.47728312,6187356.27953215
2017-09-17,6581.55455605,6193937.83408820
2017-09-18,6467.09273772,6200404.92682592
2017-09-19,7025.09410224,6207430.02092816
2017-09-20,7440.01819386,6214870.03912202
2017-09-21,6648.32395009,6221518.36307211
2017-09-22,6076.01485832,6227594.37793043
2017-09-23,6896.32455661,6234490.70248704
2017-09-24,7769.09592164,6242259.79840868
2017-09-25,6486.16970745,6248745.96811613
2017-09-26,6873.44635518,6255619.41447131
2017-09-27,6233.06931184,6261852.48378315
2017-09-28,7002.75893145,6268855.24271460
2017-09-29,7323.85644143,6276179.09915603
2017-09-30,5789.19922450,6281968.29838053
2017-10-01,7569.40159615,6289537.69997668
2017-10-02,6511.66862203,6296049.36859871
2017-10-03,6450.28233332,6302499.65093203
2017-10-04,7026.36904248,6309526.01997451
2017-10-05,6412.50615568,6315938.52613019
2017-10-06,7149.14161982,6323087.66775001
2017-10-07,7125.53150881,6330213.19925882
2017-10-08,6247.23537847,6336460.43463729
2017-10-09,6313.34368937,6342773.77832666
2017-10-10,6804.43399877,6349578.21232543
2017-10-11,6643.88524379,6356222.09756922
2017-10-12,7286.08026379,6363508.17783301
2017-10-13,6488.05851098,6369996.23634399
2017-10-14,6577.77693287,6376574.01327686
2017-10-15,6398.34008905,6382972.35336591
2017-10-16,6870.54230969,6389842.89567560
2017-10-17,7385.54662092,6397228.44229652
2017-10-18,6596.80527577,6403825.24757229
2017-10-19,6147.97940301,6409973.22697530
2017-10-20,7083.03330459,6417056.26027989
2017-10-21,6839.91929018,6423896.17957007
2017-10-22,6493.94934656,6430390.12891663
2017-10-23,6797.84186458,6437187.97078121
2017-10-24,6475.24826855,6443663.21904976
2017-10-25,5946.94281411,6449610.16186387
2017-10-26,7026.93007048,6456637.09193435
2017-10-27,6727.71282197,6463364.80475632
2017-10-28,7036.28060949,6470401.08536581
2017-10-29,5675.77718259,6476076.86254840
2017-10-30,6035.77293466,6482112.63548306
2017-10-31,7372.90001407,6489485.53549713
2017-11-01,6666.93431837,6496152.46981550
2017-11-02,6550.05258068,6502702.52239618
2017-11-03,5708.50406925,6508411.02646543
2017-11-04,7349.52366653,6515760.55013196
2017-11-05,6470.57299903,6522231.12313099
2017-11-06,7036.28060950,6529267.40374049
2017-11-07,6428.14839995,6535695.55214044
2017-11-08,6202.83280869,6541898.38494913
2017-11-09,6975.87241990,6548874.25736903
2017-11-10,7110.11283145,6555984.37020048
2017-11-11,5545.51769016,6561529.88789064
2017-11-12,6188.94586957,6567718.83376021
2017-11-13,7123.99977055,6574842.83353076
2017-11-14,6554.63526648,6581397.46879724
2017-11-15,6471.31363173,6587868.78242897
2017-11-16,6985.13037933,6594853.91280830
2017-11-17,6827.74506925,6601681.65787755
2017-11-18,5485.34095393,6607166.99883148
2017-11-19,6688.87567802,6613855.87450950
2017-11-20,7267.49814152,6621123.37265102
2017-11-21,5962.12586387,6627085.49851489
2017-11-22,7063.82303434,6634149.32154923
2017-11-23,6411.13689552,6640560.45844475
2017-11-24,6716.64955625,6647277.10800100
2017-11-25,6374.10505787,6653651.21305887
2017-11-26,6804.60017069,6660455.81322956
2017-11-27,6448.16873323,6666903.98196279
2017-11-28,6568.52220560,6673472.50416839
2017-11-29,6474.22392528,6679946.72809367
2017-11-30,6508.07047223,6686454.79856590
2017-12-01,6879.30547812,6693334.10404402
2017-12-02,6223.91528261,6699558.01932663
2017-12-03,5944.34324123,6705502.36256786
2017-12-04,7058.04825863,6712560.41082649
2017-12-05,6489.73787926,6719050.14870575
2017-12-06,6095.58713238,6725145.73583813
2017-12-07,6402.65806318,6731548.39390131
2017-12-08,6301.82880234,6737850.22270365
2017-12-09,6443.90639712,6744294.12910077
2017-12-10,6668.48065984,6750962.60976061
2017-12-11,6535.56936157,6757498.17912218
2017-12-12,6741.81103154,6764239.99015372
2017-12-13,7410.95067121,6771650.94082493
2017-12-14,5279.78674897,6776930.72757390
2017-12-15,6466.82213818,6783397.54971208
2017-12-16,6865.55603339,6790263.10574547
2017-12-17,6792.22566183,6797055.33140730
2017-12-18,5293.53619392,6802348.86760122
2017-12-19,7603.44289648,6809952.31049770
2017-12-20,6259.46871512,6816211.77921282
2017-12-21,5672.21314480,6821883.99235762
2017-12-22,6842.95793786,6828726.95029548
2017-12-23,6343.80318107,6835070.75347655
2017-12-24,7006.31767647,6842077.07115302
2017-12-25,6076.07472069,6848153.14587371
2017-12-26,6543.46508391,6854696.61095762
2017-12-27,6003.47039250,6860700.08135012
2017-12-28,6647.83380580,6867347.91515592
2017-12-29,6924.63780726,6874272.55296318
2017-12-30,6262.12331189,6880534.67627507
2017-12-31,6275.73662339,6886810.41289846
2018-01-01,6271.19885287,6893081.61175133
2018-01-02,6856.57124950,6899938.18300083
2018-01-03,6942.78888934,6906880.97189017
2018-01-04,6230.35891832,6913111.33080849
2018-01-05,6520.77623131,6919632.10703980
2018-01-06,6221.28337724,6925853.39041704
2018-01-07,6829.34462634,6932682.73504338
2018-01-08,6157.75459000,6938840.48963338
2018-01-09,5985.31931042,6944825.80894380
2018-01-10,7534.51865861,6952360.32760241
2018-01-11,5818.23052205,6958178.55812446
2018-01-12,5791.27346943,6963969.83159389
2018-01-13,7521.01767864,6971490.84927253
2018-01-14,6155.19367967,6977646.04295220
2018-01-15,6936.94820531,6984582.99115751
2018-01-16,5202.71115400,6989785.70231151
2018-01-17,6712.30610024,6996498.00841175
2018-01-18,6865.06273176,7003363.07114351
2018-01-19,6582.01367923,7009945.08482274
2018-01-20,6640.42062649,7016585.50544923
2018-01-21,6456.21410029,7023041.71954952
2018-01-22,6051.85831110,7029093.57786062
2018-01-23,6379.83578463,7035473.41364525
2018-01-24,6990.86231045,7042464.27595570
2018-01-25,6379.83578463,7048844.11174033
2018-01-26,5598.08125892,7054442.19299925
2018-01-27,7503.04631006,7061945.23930931
2018-01-28,6083.30820598,7068028.54751529
2018-01-29,5988.95852184,7074017.50603713
2018-01-30,6901.00546841,7080918.51150554
2018-01-31,6816.68683232,7087735.19833786
2018-02-01,6347.80759377,7094083.00593163
2018-02-02,6530.19029268,7100613.19622431
2018-02-03,6632.50253841,7107245.69876272
2018-02-04,6556.88044374,7113802.57920646
2018-02-05,5693.89889280,7119496.47809926
2018-02-06,6717.02135010,7126213.49944936
2018-02-07,6881.61061497,7133095.11006433
2018-02-08,6134.28638529,7139229.39644962
2018-02-09,5974.14547893,7145203.54192855
2018-02-10,7037.30316282,7152240.84509137
2018-02-11,6258.84042357,7158499.68551494
2018-02-12,5934.11025234,7164433.79576728
2018-02-13,6681.43448202,7171115.23024930
2018-02-14,6810.43687881,7177925.66712811
2018-02-15,6143.18310231,7184068.85023042
2018-02-16,6196.56340443,7190265.41363485
2018-02-17,6370.04938632,7196635.46302117
2018-02-18,6334.46251824,7202969.92553941
2018-02-19,6503.50014162,7209473.42568103
2018-02-20,5876.28159171,7215349.70727274
2018-02-21,6552.43208523,7221902.13935797
2018-02-22,6851.15477110,7228753.29412907
2018-02-23,6095.57244990,7234848.86657897
2018-02-24,6161.63718018,7241010.50375915
2018-02-25,6091.16813454,7247101.67189369
2018-02-26,6218.89327983,7253320.56517352
2018-02-27,6985.24415139,7260305.80932491
2018-02-28,6042.72066564,7266348.52999055
2018-03-01,6016.29477351,7272364.82476406
2018-03-02,6496.36514682,7278861.18991088
2018-03-03,6139.61560341,7285000.80551429
2018-03-04,6029.50771956,7291030.31323385
2018-03-05,6166.04149557,7297196.35472942
2018-03-06,6610.87734627,7303807.23207569
2018-03-07,6042.72066561,7309849.95274130
2018-03-08,6465.53493960,7316315.48768090
2018-03-09,5941.42141251,7322256.90909341
2018-03-10,6804.66722187,7329061.57631528
2018-03-11,6210.08464911,7335271.66096439
2018-03-12,7676.72166195,7342948.38262634
2018-03-13,6681.34639197,7349629.72901831
2018-03-14,5487.77693103,7355117.50594934
2018-03-15,6571.60917306,7361689.11512240
2018-03-16,6445.12683190,7368134.24195430
2018-03-17,6235.81283464,7374370.05478894
2018-03-18,6152.95937740,7380523.01416634
2018-03-19,6061.38450358,7386584.39866992
2018-03-20,6161.68079396,7392746.07946388
2018-03-21,6323.02700018,7399069.10646406
2018-03-22,6527.98028912,7405597.08675318
2018-03-23,5799.74200704,7411396.82876022
2018-03-24,6179.12362704,7417575.95238726
2018-03-25,6214.00929328,7423789.96168054
2018-03-26,6623.91587120,7430413.87755174
2018-03-27,6235.81283462,7436649.69038636
2018-03-28,5804.10271526,7442453.79310162
2018-03-29,5930.56325524,7448384.35635686
2018-03-30,6728.57286972,7455112.92922658
2018-03-31,6558.50524696,7461671.43447354
2018-04-01,5415.99967874,7467087.43415228
2018-04-02,6414.60187394,7473502.03602622
2018-04-03,6523.61958086,7480025.65560708
2018-04-04,6440.76612360,7486466.42173068
2018-04-05,6605.93334464,7493072.35507532
2018-04-06,4874.49469375,7497946.84976907
2018-04-07,6847.60724912,7504794.45701819
2018-04-08,6709.44619492,7511503.90321311
2018-04-09,6083.40391804,7517587.30713115
2018-04-10,5284.66032342,7522871.96745457
2018-04-11,7236.18521409,7530108.15266866
2018-04-12,5608.47529423,7535716.62796289
2018-04-13,6666.27086545,7542382.89882834
2018-04-14,6264.74030172,7548647.63913006
2018-04-15,6018.64092389,7554666.28005395
2018-04-16,5448.72657531,7560115.00662926
2018-04-17,7093.70662695,7567208.71325621
2018-04-18,4934.94015495,7572143.65341116
2018-04-19,6035.91105567,7578179.56446683
2018-04-20,6800.11438674,7584979.67885357
2018-04-21,6459.02928418,7591438.70813775
2018-04-22,6329.50329584,7597768.21143359
2018-04-23,5690.50842014,7603458.71985373
2018-04-24,6277.69290049,7609736.41275422
2018-04-25,6718.08126081,7616454.49401503
2018-04-26,5332.68753332,7621787.18154835
2018-04-27,7079.04410230,7628866.22565065
2018-04-28,6078.74439222,7634944.97004287
2018-04-29,6219.81230009,7641164.78234296
2018-04-30,5634.16674332,7646798.94908628
2018-05-01,6301.03321668,7653099.98230296
2018-05-02,6305.30800183,7659405.29030479
2018-05-03,6407.90284385,7665813.19314864
2018-05-04,5711.11287486,7671524.30602350
2018-05-05,6702.86301480,7678227.16903830
2018-05-06,6057.37046683,7684284.53950513
2018-05-07,6497.67333070,7690782.21283583
2018-05-08,5817.98250199,7696600.19533782
2018-05-09,6215.53751502,7702815.73285284
2018-05-10,7032.02146643,7709847.75431927
2018-05-11,6078.74439228,7715926.49871155
2018-05-12,5676.91459414,7721603.41330569
2018-05-13,6369.42977810,7727972.84308379
2018-05-14,6407.90284389,7734380.74592768
2018-05-15,6112.94267294,7740493.68860062
2018-05-16,6369.42977808,7746863.11837870
2018-05-17,6430.14442395,7753293.26280265
2018-05-18,6132.83523838,7759426.09804103
2018-05-19,6082.04571259,7765508.14375362
2018-05-20,6060.88341013,7771569.02716375
2018-05-21,5853.49284656,7777422.52001031
2018-05-22,5675.72950631,7783098.24951662
2018-05-23,7000.48963718,7790098.73915380
2018-05-24,6268.27397373,7796367.01312753
2018-05-25,6331.76088101,7802698.77400854
2018-05-26,6018.55880534,7808717.33281388
2018-05-27,6086.27817303,7814803.61098691
2018-05-28,6467.19961640,7821270.81060331
2018-05-29,6209.01952702,7827479.83013033
2018-05-30,5823.86562316,7833303.69575349
2018-05-31,6153.99754074,7839457.69329423
2018-06-01,6251.34413185,7845709.03742608
2018-06-02,6835.42367836,7852544.46110444
2018-06-03,5806.93578120,7858351.39688564
2018-06-04,6158.23000123,7864509.62688687
2018-06-05,5565.68553383,7870075.31242070
2018-06-06,6403.71270918,7876479.02512988
2018-06-07,6071.50646933,7882550.53159921
2018-06-08,6604.31458224,7889154.84618145
2018-06-09,6051.16133042,7895206.00751187
2018-06-10,5753.63192981,7900959.63944168
2018-06-11,5984.11245140,7906943.75189308
2018-06-12,6524.69403831,7913468.44593139
2018-06-13,5866.77691302,7919335.22284441
2018-06-14,5954.77856687,7925290.00141128
2018-06-15,6063.73299525,7931353.73440653
2018-06-16,6231.35519277,7937585.08959930
2018-06-17,6671.36346122,7944256.45306052
2018-06-18,4894.56816752,7949151.02122804
2018-06-19,6554.02792298,7955705.04915102
2018-06-20,6046.97077551,7961752.01992653
2018-06-21,5875.15802300,7967627.17794953
2018-06-22,6805.46121926,7974432.63916879
2018-06-23,5816.49025388,7980249.12942267
2018-06-24,5359.71976563,7985608.84918830
2018-06-25,6235.54574770,7991844.39493600
2018-06-26,6294.21351678,7998138.60845278
2018-06-27,6713.26901058,8004851.87746336
2018-06-28,5398.74171202,8010250.61917538
2018-06-29,6572.11782900,8016822.73700438
2018-06-30,5343.99480034,8022166.73180472
2018-07-01,5854.32970753,8028021.06151225
2018-07-02,6269.23613611,8034290.29764836
2018-07-03,5667.62181464,8039957.91946300
2018-07-04,6476.68935039,8046434.60881339
2018-07-05,5796.24280751,8052230.85162090
2018-07-06,5904.11847897,8058134.97009987
2018-07-07,6252.63987897,8064387.60997884
2018-07-08,5252.71538604,8069640.32536488
2018-07-09,6368.81367899,8076009.13904387
2018-07-10,5846.03157895,8081855.17062282
2018-07-11,5841.88251462,8087697.05313744
2018-07-12,6028.59040751,8093725.64354495
2018-07-13,6119.86982181,8099845.51336676
2018-07-14,6269.23613613,8106114.74950289
2018-07-15,5924.86380038,8112039.61330327
2018-07-16,5497.51017891,8117537.12348218
2018-07-17,6335.62116465,8123872.74464683
2018-07-18,5568.04427174,8129440.78891857
2018-07-19,6114.01594409,8135554.80486266
2018-07-20,6215.38046374,8141770.18532640
2018-07-21,5418.43148160,8147188.61680800
2018-07-22,5775.82612825,8152964.44293625
2018-07-23,6642.61084594,8159607.05378219
2018-07-24,5208.92427497,8164815.97805716
2018-07-25,5796.36605040,8170612.34410756
2018-07-26,6289.32418372,8176901.66829128
2018-07-27,6100.35689931,8183002.02519059
2018-07-28,5874.41775486,8188876.44294545
2018-07-29,5496.48318606,8194372.92613151
2018-07-30,5393.78357491,8199766.70970642
2018-07-31,6502.93937479,8206269.64908121
2018-08-01,5874.41775488,8212144.06683609
2018-08-02,5808.69000379,8217952.75683988
2018-08-03,6313.97209035,8224266.72893023
2018-08-04,5940.14550601,8230206.87443624
2018-08-05,5656.69457937,8235863.56901561
2018-08-06,5853.87783268,8241717.44684829
2018-08-07,6359.15991927,8248076.60676756
2018-08-08,5295.19194831,8253371.79871587
2018-08-09,6252.35232373,8259624.15103960
2018-08-10,6178.91702158,8265803.06806118
2018-08-11,5092.27379012,8270895.34185130
2018-08-12,5600.68770687,8276496.02955817
2018-08-13,6255.52483166,8282751.55438983
2018-08-14,6145.70742561,8288897.26181544
2018-08-15,5677.96662220,8294575.22843764
2018-08-16,5376.98558352,8299952.21402116
2018-08-17,6523.96737966,8306476.18140082
2018-08-18,6320.60181298,8312796.78321380
2018-08-19,5385.12020616,8318181.90341996
2018-08-20,6096.89968961,8324278.80310957
2018-08-21,5519.34148021,8329798.14458978
2018-08-22,5686.10124484,8335484.24583462
2018-08-23,6430.41921899,8341914.66505361
2018-08-24,5820.32251881,8347734.98757242
2018-08-25,5307.84129081,8353042.82886323
2018-08-26,6129.43818031,8359172.26704354
2018-08-27,5881.33218890,8365053.59923244
2018-08-28,5702.37049014,8370755.96972258
2018-08-29,6027.75539688,8376783.72511946
2018-08-30,5852.86100953,8382636.58612899
2018-08-31,6072.39514015,8388708.98126914
2018-09-01,5613.69503958,8394322.67630872
2018-09-02,5476.77564843,8399799.45195715
2018-09-03,5879.47974017,8405678.93169732
2018-09-04,6262.04862739,8411940.98032471
2018-09-05,5098.23380214,8417039.21412685
2018-09-06,5863.37157647,8422902.58570332
2018-09-07,5879.47974018,8428782.06544350
2018-09-08,5666.04657156,8434448.11201506
2018-09-09,5758.66851253,8440206.78052759
2018-09-10,5577.45167138,8445784.23219897
2018-09-11,6221.77821822,8452006.01041719
2018-09-12,5392.20778915,8457398.21820634
2018-09-13,6032.50729514,8463430.72550148
2018-09-14,5911.69606757,8469342.42156905
2018-09-15,5569.39758952,8474911.81915857
2018-09-16,5706.31698074,8480618.13613931
2018-09-17,6197.61597275,8486815.75211206
2018-09-18,5154.61237494,8491970.36448700
2018-09-19,5851.29045378,8497821.65494078
2018-09-20,5847.26341276,8503668.91835354
2018-09-21,5281.90275332,8508950.82110686
2018-09-22,6120.30477106,8515071.12587792
2018-09-23,5673.74181706,8520744.86769498
2018-09-24,5825.25424793,8526570.12194291
2018-09-25,5454.44750933,8532024.56945224
2018-09-26,6315.67606345,8538340.24551569
2018-09-27,5310.90941698,8543651.15493267
2018-09-28,6459.21415579,8550110.36908846
2018-09-29,5434.51166314,8555544.88075160
2018-09-30,4856.37212454,8560401.25287614
2018-10-01,6168.15080188,8566569.40367802
2018-10-02,5968.79234026,8572538.19601828
2018-10-03,5952.84366327,8578491.03968155
2018-10-04,5633.87012464,8584124.90980619
2018-10-05,5542.16523230,8589667.07503849
2018-10-06,5976.76667855,8595643.84171704
2018-10-07,5227.17886305,8600871.02058009
2018-10-08,5901.01046315,8606772.03104324
2018-10-09,5550.13957076,8612322.17061400
2018-10-10,5793.35689390,8618115.52750790
2018-10-11,5773.42104773,8623888.94855563
2018-10-12,5818.99715534,8629707.94571097
2018-10-13,5558.35076682,8635266.29647779
2018-10-14,6071.55076660,8641337.84724439
2018-10-15,5510.97845912,8646848.82570351
2018-10-16,5439.91999764,8652288.74570115
2018-10-17,5972.85845891,8658261.60416006
2018-10-18,6126.81845886,8664388.42261892
2018-10-19,5041.20307473,8669429.62569365
2018-10-20,5479.39692066,8674909.02261431
2018-10-21,6067.60307427,8680976.62568858
2018-10-22,5518.87384374,8686495.49953232
2018-10-23,5420.18153609,8691915.68106841
2018-10-24,5846.53230515,8697762.21337356
2018-10-25,5988.64922819,8703750.86260175
2018-10-26,5566.24615142,8709317.10875317
2018-10-27,5439.91999760,8714757.02875077
2018-10-28,5767.57845899,8720524.60720976
2018-10-29,5507.03076683,8726031.63797659
2018-10-30,5799.15999745,8731830.79797404
2018-10-31,5696.51999753,8737527.31797157
2018-11-01,5266.22153616,8742793.53950773
2018-11-02,5822.84615131,8748616.38565904
2018-11-03,6015.36454736,8754631.75020640
2018-11-04,5151.54302420,8759783.29323060
2018-11-05,5260.98399890,8765044.27722950
2018-11-06,5608.84995433,8770653.12718383
2018-11-07,6398.38841478,8777051.51559861
2018-11-08,5558.03807316,8782609.55367177
2018-11-09,4737.23076276,8787346.78443453
2018-11-10,5194.53769282,8792541.32212735
2018-11-11,6378.84538353,8798920.16751088
2018-11-12,5327.43030501,8804247.59781589
2018-11-13,5737.83396023,8809985.43177612
2018-11-14,5475.95734212,8815461.38911824
2018-11-15,5624.48437927,8821085.87349751
2018-11-16,6257.67859012,8827343.55208763
2018-11-17,4971.74713719,8832315.29922482
2018-11-18,6015.34500329,8838330.64422811
2018-11-19,4979.56434972,8843310.20857783
2018-11-20,6007.52779081,8849317.73636864
2018-11-21,5374.33357991,8854692.06994855
2018-11-22,5343.06472996,8860035.13467851
2018-11-23,5452.50570476,8865487.64038327
2018-11-24,5508.67740823,8870996.31779150
2018-11-25,5831.95010507,8876828.26789657
2018-11-26,5692.63344701,8882520.90134358
2018-11-27,4543.27101750,8887064.17236108
2018-11-28,5475.91864545,8892540.09100653
2018-11-29,6288.59915117,8898828.69015770
2018-11-30,5851.29964096,8904679.98979866
2018-12-01,5313.38254437,8909993.37234303
2018-12-02,5735.20242588,8915728.57476891
2018-12-03,5077.31820698,8920805.89297589
2018-12-04,5282.42328697,8926088.31626286
2018-12-05,5762.29177607,8931850.60803893
2018-12-06,5739.07233302,8937589.68037195
2018-12-07,5592.01586051,8943181.69623246
2018-12-08,6083.49407111,8949265.19030357
2018-12-09,4678.71776848,8953943.90807205
2018-12-10,5379.17096617,8959323.07903822
2018-12-11,5684.89363265,8965007.97267087
2018-12-12,5549.44688170,8970557.41955257
2018-12-13,4949.61127035,8975507.03082292
2018-12-14,5828.08019794,8981335.11102086
2018-12-15,5620.35047753,8986955.46149839
2018-12-16,5176.47978134,8992131.94127973
2018-12-17,5490.67026402,8997622.61154375
2018-12-18,5915.97689296,9003538.58843671
2018-12-19,5471.51230776,9009010.10074447
2018-12-20,5429.36480402,9014439.46554849
2018-12-21,5004.05817496,9019443.52372345
2018-12-22,5352.73297890,9024796.25670235
2018-12-23,5915.97689292,9030712.23359527
2018-12-24,5272.26956268,9035984.50315795
2018-12-25,5134.33227760,9041118.83543555
2018-12-26,5716.73414788,9046835.56958343
2018-12-27,5724.39733044,9052559.96691387
2018-12-28,5528.98617654,9058088.95309041
2018-12-29,4502.11972106,9062591.07281147
2018-12-30,6582.67377080,9069173.74658227
2018-12-31,5670.75505284,9074844.50163511
2019-01-01,5950.46121430,9080794.96284941
2019-01-02,4490.62494728,9085285.58779669
2019-01-03,5969.61917056,9091255.20696725
2019-01-04,5414.03843902,9096669.24540627
2019-01-05,5544.31254158,9102213.55794785
2019-01-06,5846.98928350,9108060.54723135
2019-01-07,4920.37015367,9112980.91738502
2019-01-08,5637.37089306,9118618.28827808
2019-01-09,5967.41885247,9124585.70713055
2019-01-10,4503.06813599,9129088.77526654
2019-01-11,5341.46582602,9134430.24109256
2019-01-12,5534.94221601,9139965.18330857
2019-01-13,5754.97418897,9145720.15749754
2019-01-14,5413.54526541,9151133.70276295
2019-01-15,5409.75161072,9156543.45437367
2019-01-16,5223.86253013,9161767.31690380
2019-01-17,6009.14905418,9167776.46595798
2019-01-18,4423.40138714,9172199.86734512
2019-01-19,6024.32367300,9178224.19101812
2019-01-20,5975.00616181,9184199.19717993
2019-01-21,5011.41786653,9189210.61504646
2019-01-22,5538.73587070,9194749.35091716
2019-01-23,5147.98943589,9199897.34035305
2019-01-24,5390.78333709,9205288.12369014
2019-01-25,5842.22824714,9211130.35193728
2019-01-26,4563.76661127,9215694.11854855
2019-01-27,5471.06984251,9221165.18839106
2019-01-28,5269.79955920,9226434.98795026
2019-01-29,5202.18987129,9231637.17782155
2019-01-30,5799.40878064,9237436.58660219
2019-01-31,5172.14112116,9242608.72772335
2019-02-01,4965.55596383,9247574.28368718
2019-02-02,5840.72581224,9253415.00949942
2019-02-03,5690.48206143,9259105.49156085
2019-02-04,5183.40940253,9264288.90096338
2019-02-05,4901.70236976,9269190.60333314
2019-02-06,5435.06768502,9274625.67101816
2019-02-07,5619.11627973,9280244.78729789
2019-02-08,5453.84815387,9285698.63545176
2019-02-09,5322.38487191,9291021.02032367
2019-02-10,5626.62846730,9296647.64879097
2019-02-11,5731.79909283,9302379.44788380
2019-02-12,4717.65377498,9307097.10165878
2019-02-13,5134.58018341,9312231.68184219
2019-02-14,5874.53065608,9318106.21249827
2019-02-15,5040.67783924,9323146.89033751
2019-02-16,5773.11612435,9328920.00646186
2019-02-17,4822.47110183,9333742.47756369
2019-02-18,5169.27755509,9338911.75511878
2019-02-19,5280.84469652,9344192.59981530
2019-02-20,5860.99383226,9350053.59364756
2019-02-21,4291.61604210,9354345.20968966
2019-02-22,6310.98130276,9360656.19099242
2019-02-23,4934.98655797,9365591.17755039
2019-02-24,5087.46165140,9370678.63920179
2019-02-25,5039.11589007,9375717.75509186
2019-02-26,4726.72789392,9380444.48298578
2019-02-27,5061.42931831,9385505.91230409
2019-02-28,5883.30726058,9391389.21956467
2019-03-01,5637.85954924,9397027.07911391
2019-03-02,5195.30988809,9402222.38900200
2019-03-03,5061.42931832,9407283.81832032
2019-03-04,5418.44417106,9412702.26249138
2019-03-05,5437.03869463,9418139.30118601
2019-03-06,4990.77012877,9423130.07131478
2019-03-07,5213.90441171,9428343.97572649
2019-03-08,5559.76255018,9433903.73827667
2019-03-09,5403.56855217,9439307.30682884
2019-03-10,4789.94927398,9444097.25610282
2019-03-11,4653.58329861,9448750.83940143
2019-03-12,5979.70421782,9454730.54361925
2019-03-13,5014.99824181,9459745.54186106
2019-03-14,5872.92378534,9465618.46564640
2019-03-15,4771.98070585,9470390.44635225
2019-03-16,4819.84779625,9475210.29414850
2019-03-17,5563.62873960,9480773.92288810
2019-03-18,5232.24119059,9486006.16407869
2019-03-19,5184.37410018,9491190.53817887
2019-03-20,5460.53039105,9496651.06856992
2019-03-21,5946.56546290,9502597.63403282
2019-03-22,4845.62238341,9507443.25641623
2019-03-23,5206.46660342,9512649.72301965
2019-03-24,4893.48947380,9517543.21249345
2019-03-25,5858.19544985,9523401.40794330
2019-03-26,5125.46075811,9528526.86870141
2019-03-27,4930.31031260,9533457.17901401
2019-03-28,5681.45542371,9539138.63443772
2019-03-29,4591.55859583,9543730.19303355
2019-03-30,5298.51870040,9549028.71173395
2019-03-31,5243.28744221,9554271.99917616
2019-04-01,4796.57046569,9559068.56964185
2019-04-02,5424.69387470,9564493.26351655
2019-04-03,5472.08703351,9569965.35055006
2019-04-04,4746.60714037,9574711.95769043
2019-04-05,4484.12195283,9579196.07964326
2019-04-06,6536.61029386,9585732.68993712
2019-04-07,4465.89381485,9590198.58375197
2019-04-08,4600.78203615,9594799.36578812
2019-04-09,5854.87793193,9600654.24372005
2019-04-10,5636.14027573,9606290.38399578
2019-04-11,4925.24289292,9611215.62688870
2019-04-12,4903.36912731,9616118.99601601
2019-04-13,5384.59197104,9621503.58798705
2019-04-14,5173.14557003,9626676.73355708
2019-04-15,4910.66038247,9631587.39393955
2019-04-16,5490.31517156,9637077.70911111
2019-04-17,3864.36526018,9640942.07437129
2019-04-18,5311.67941894,9646253.75379023
2019-04-19,5953.30987722,9652207.06366745
2019-04-20,5574.16460643,9657781.22827388
2019-04-21,4761.18965074,9662542.41792462
2019-04-22,4945.97965449,9667488.39757911
2019-04-23,5020.85939864,9672509.25697775
2019-04-24,5204.94554480,9677714.20252255
2019-04-25,5324.06011000,9683038.26263255
2019-04-26,5111.09770557,9688149.36033812
2019-04-27,4786.23980057,9692935.60013869
2019-04-28,5255.47899673,9698191.07913542
2019-04-29,5067.78331827,9703258.86245369
2019-04-30,5616.43222452,9708875.29467821
2019-05-01,4501.08675063,9713376.38142884
2019-05-02,5028.07846322,9718404.45989206
2019-05-03,5381.81262644,9723786.27251850
2019-05-04,5100.26910877,9728886.54162727
2019-05-05,5111.09770559,9733997.63933286
2019-05-06,5251.86946444,9739249.50879730
2019-05-07,4573.27739618,9743822.78619348
2019-05-08,5222.99320621,9749045.77939969
2019-05-09,5847.44229030,9754893.22168999
2019-05-10,4483.03908912,9759376.26077911
2019-05-11,4483.03908914,9763859.29986825
2019-05-12,5230.21227072,9769089.51213897
2019-05-13,5035.29752771,9774124.80966668
2019-05-14,4611.49913042,9778736.30879710
2019-05-15,4828.19615029,9783564.50494739
2019-05-16,5296.36320860,9788860.86815599
2019-05-17,5196.29696704,9794057.16512303
2019-05-18,4731.70370326,9798788.86882629
2019-05-19,4910.39342006,9803699.26224635
2019-05-20,4921.11480319,9808620.37704954
2019-05-21,5389.28186136,9814009.65891090
2019-05-22,5103.37831424,9819113.03722514
2019-05-23,4846.06512208,9823959.10234722
2019-05-24,4878.22927109,9828837.33161831
2019-05-25,5310.65838608,9834147.99000439
2019-05-26,5353.54391800,9839501.53392239
2019-05-27,4574.45675234,9844075.99067473
2019-05-28,4867.50788802,9848943.49856275
2019-05-29,5396.42945012,9854339.92801287
2019-05-30,4663.80161079,9859003.72962366
2019-05-31,5081.93554838,9864085.66517204
2019-06-01,5292.78941427,9869378.45458631
2019-06-02,5106.95210875,9874485.40669506
2019-06-03,4863.93409373,9879349.34078879
2019-06-04,4641.93069419,9883991.27148298
2019-06-05,4865.31406878,9888856.58555176
2019-06-06,5219.15509199,9894075.74064375
2019-06-07,4844.08360745,9898919.82425120
2019-06-08,4791.00745397,9903710.83170517
2019-06-09,5127.15642600,9908837.98813117
2019-06-10,5268.69283525,9914106.68096642
2019-06-11,4426.55120007,9918533.23216649
2019-06-12,5406.69083432,9923939.92300081
2019-06-13,4670.70150608,9928610.62450689
2019-06-14,4911.31340187,9933521.93790876
2019-06-15,5491.61267993,9939013.55058869
2019-06-16,4670.70150606,9943684.25209475
2019-06-17,5201.46304088,9948885.71513563
2019-06-18,4858.23724843,9953743.95238406
2019-06-19,5247.46237390,9958991.41475796
2019-06-20,4656.54786516,9963647.96262312
2019-06-21,4610.54853215,9968258.51115527
2019-06-22,5183.77098968,9973442.28214495
2019-06-23,5473.92062870,9978916.20277365
2019-06-24,4918.39022229,9983834.59299594
2019-06-25,4709.39629937,9988543.98929531
2019-06-26,4599.93330221,9993143.92259752
2019-06-27,5721.01377184,9998864.93636936
2019-06-28,4424.76447886,10003289.70084822
2019-06-29,5325.13223097,10008614.83307919
2019-06-30,4813.63926673,10013428.47234592
2019-07-01,5227.03769011,10018655.51003603
2019-07-02,4603.43667877,10023258.94671480
2019-07-03,4869.69329031,10028128.64000511
2019-07-04,5325.13223104,10033453.77223615
2019-07-05,3965.82216169,10037419.59439784
2019-07-06,5398.70313696,10042818.29753480
2019-07-07,5447.75040751,10048266.04794231
2019-07-08,4953.77432560,10053219.82226791
2019-07-09,4754.08186689,10057973.90413480
2019-07-10,4708.53797280,10062682.44210760
2019-07-11,5601.89897212,10068284.34107972
2019-07-12,4691.02109045,10072975.36217017
2019-07-13,5188.50054902,10078163.86271919
2019-07-14,4922.24393741,10083086.10665660
2019-07-15,4743.57173745,10087829.67839405
2019-07-16,4974.79458439,10092804.47297844
2019-07-17,5035.37524491,10097839.84822335
2019-07-18,5168.34745918,10103008.19568253
2019-07-19,4859.63408742,10107867.82976995
2019-07-20,4665.38747152,10112533.21724147
2019-07-21,5196.09697565,10117729.31421712
2019-07-22,4991.44429112,10122720.75850824
2019-07-23,5265.47076707,10127986.22927531
2019-07-24,4707.01174641,10132693.24102172
2019-07-25,4547.45202621,10137240.69304793
2019-07-26,4568.26416359,10141808.95721152
2019-07-27,5650.49530942,10147459.45252094
2019-07-28,4852.69670832,10152312.14922926
2019-07-29,4710.48043594,10157022.62966520
2019-07-30,4748.63602120,10161771.26568640
2019-07-31,5046.94332424,10166818.20901064
2019-08-01,4537.04595744,10171355.25496808
2019-08-02,5456.24869348,10176811.50366156
2019-08-03,4994.91298069,10181806.41664225
2019-08-04,4512.76513046,10186319.18177271
2019-08-05,5438.90524560,10191758.08701831
2019-08-06,4720.88650467,10196478.97352298
2019-08-07,4428.16001219,10200907.13353517
2019-08-08,5120.61004399,10206027.74357916
2019-08-09,4650.10462744,10210677.84820660
2019-08-10,4942.02404637,10215619.87225297
2019-08-11,4784.04412559,10220403.91637856
2019-08-12,4893.94320095,10225297.85957951
2019-08-13,4966.06446922,10230263.92404873
2019-08-14,5014.14531472,10235278.06936345
2019-08-15,5158.38785112,10240436.45721457
2019-08-16,5165.25654336,10245601.71375793
2019-08-17,4622.62985860,10250224.34361653
2019-08-18,4900.81189323,10255125.15550976
2019-08-19,4656.97331970,10259782.12882946
2019-08-20,5151.51915894,10264933.64798840
2019-08-21,4437.17516890,10269370.82315730
2019-08-22,4900.81189321,10274271.63505051
2019-08-23,5433.13553964,10279704.77059015
2019-08-24,4924.85231590,10284629.62290605
2019-08-25,5034.75139130,10289664.37429735
2019-08-26,4361.61955456,10294025.99385191
2019-08-27,4595.15508980,10298621.14894171
2019-08-28,5404.92969672,10304026.07863843
2019-08-29,4872.69105755,10308898.76969598
2019-08-30,4556.45918850,10313455.22888448
2019-08-31,5222.92635338,10318678.15523786
2019-09-01,4818.28557470,10323496.44081256
2019-09-02,4811.48488934,10328307.92570190
2019-09-03,4587.06227258,10332894.98797448
2019-09-04,5209.32498265,10338104.31295713
2019-09-05,4230.02629141,10342334.33924854
2019-09-06,5124.31641573,10347458.65566427
2019-09-07,4893.09311362,10352351.74877789
2019-09-08,4729.87666507,10357081.62544296
2019-09-09,4825.08626004,10361906.71170300
2019-09-10,5137.91778641,10367044.62948941
2019-09-11,4597.26330063,10371641.89279004
2019-09-12,4627.86638473,10376269.75917477
2019-09-13,4733.27700773,10381003.03618250
2019-09-14,5277.33183623,10386280.36801873
2019-09-15,4828.48660273,10391108.85462146
2019-09-16,4777.48146255,10395886.33608401
2019-09-17,5039.30784876,10400925.64393277
2019-09-18,4532.65678976,10405458.30072253
2019-09-19,5037.94434144,10410496.24506397
2019-09-20,4198.24486716,10414694.48993113
2019-09-21,5410.24819684,10420104.73812797
2019-09-22,4827.81326335,10424932.55139132
2019-09-23,4235.27830201,10429167.82969333
2019-09-24,5117.34739216,10434285.17708549
2019-09-25,4625.81270844,10438910.98979393
2019-09-26,4676.31284717,10443587.30264110
2019-09-27,4565.21254198,10448152.51518308
2019-09-28,4942.28024453,10453094.79542761
2019-09-29,5292.41453977,10458387.20996738
2019-09-30,4013.07769178,10462400.28765916
2019-10-01,5447.28163189,10467847.56929105
2019-10-02,4319.44520004,10472167.01449109
2019-10-03,5211.61431775,10477378.62880884
2019-10-04,4780.67980052,10482159.30860936
2019-10-05,4773.94644876,10486933.25505812
2019-10-06,4319.44520002,10491252.70025814
2019-10-07,5252.01442883,10496504.71468697
2019-10-08,4575.31256958,10501080.02725655
2019-10-09,4423.81215343,10505503.83940998
2019-10-10,4727.89631929,10510231.73572927
2019-10-11,4760.01306992,10514991.74879919
2019-10-12,4926.68019426,10519918.42899345
2019-10-13,4883.34674189,10524801.77573534
2019-10-14,4610.01265811,10529411.78839345
2019-10-15,4706.67959014,10534118.46798359
2019-10-16,4960.01361906,10539078.48160265
2019-10-17,3906.67739352,10542985.15899617
2019-10-18,4233.34495668,10547218.50395285
2019-10-19,5180.01422286,10552398.51817571
2019-10-20,4530.01243841,10556928.53061412
2019-10-21,4396.67873899,10561325.20935311
2019-10-22,4886.68008444,10566211.88943755
2019-10-23,4986.68035900,10571198.56979655
2019-10-24,4516.67906847,10575715.24886502
2019-10-25,4576.67923323,10580291.92809825
2019-10-26,4736.67967255,10585028.60777080
2019-10-27,4606.67931562,10589635.28708642
2019-10-28,5296.68121019,10594931.96829661
2019-10-29,4803.34652227,10599735.31481888
2019-10-30,4373.34534162,10604108.66016050
2019-10-31,5206.86248235,10609315.52264285
2019-11-01,4425.75473570,10613741.27737855
2019-11-02,4653.47813375,10618394.75551230
2019-11-03,4947.20831385,10623341.96382615
2019-11-04,4445.55677033,10627787.52059648
2019-11-05,4884.50187088,10632672.02246736
2019-11-06,4452.15744854,10637124.17991590
2019-11-07,4488.46117866,10641612.64109456
2019-11-08,5062.72018234,10646675.36127690
2019-11-09,4729.38593311,10651404.74721001
2019-11-10,4574.26999530,10655979.01720531
2019-11-11,4825.09576704,10660804.11297235
2019-11-12,4462.05846589,10665266.17143824
2019-11-13,4841.59746258,10670107.76890082
2019-11-14,4778.89101959,10674886.65992041
2019-11-15,4570.96965622,10679457.62957663
2019-11-16,5072.62119970,10684530.25077633
2019-11-17,4056.11675628,10688586.36753261
2019-11-18,4716.18457670,10693302.55210931
2019-11-19,5198.03408562,10698500.58619493
2019-11-20,4310.24286717,10702810.82906210
2019-11-21,5257.44018941,10708068.26925151
2019-11-22,4692.86980369,10712761.13905520
2019-11-23,4463.62694216,10717224.76599736
2019-11-24,4960.31163848,10722185.07763584
2019-11-25,4404.80901758,10726589.88665342
2019-11-26,4424.41499242,10731014.30164584
2019-11-27,4806.73150210,10735821.03314794
2019-11-28,4411.34434244,10740232.37749038
2019-11-29,4385.20304246,10744617.58053284
2019-11-30,4365.59706788,10748983.17760072
2019-12-01,4957.04397604,10753940.22157676
2019-12-02,4757.71656502,10758697.93814178
2019-12-03,4163.00199438,10762860.94013616
2019-12-04,4908.02903888,10767768.96917504
2019-12-05,4751.18124004,10772520.15041508
2019-12-06,4780.59020228,10777300.74061736
2019-12-07,4672.75734060,10781973.49795796
2019-12-08,4885.15540146,10786858.65335942
2019-12-09,4241.42589376,10791100.07925318
2019-12-10,4532.24785416,10795632.32710734
2019-12-11,4937.43800116,10800569.76510850
2019-12-12,4408.07668004,10804977.84178854
2019-12-13,4454.74601632,10809432.58780486
2019-12-14,4924.14087329,10814356.72867815
2019-12-15,4348.25580401,10818704.98448216
2019-12-16,4251.19652265,10822956.18100481
2019-12-17,4387.07951653,10827343.26052134
2019-12-18,4927.37618264,10832270.63670398
2019-12-19,4752.66947624,10837023.30618022
2019-12-20,3788.54728161,10840811.85346183
2019-12-21,4937.08211075,10845748.93557258
2019-12-22,4189.72564446,10849938.66121704
2019-12-23,5095.61227031,10855034.27348735
2019-12-24,4645.90426678,10859680.17775413
2019-12-25,4739.72823872,10864419.90599285
2019-12-26,4532.66843853,10868952.57443138
2019-12-27,4357.96173212,10873310.53616350
2019-12-28,4694.43390744,10878004.97007094
2019-12-29,4652.37488553,10882657.34495647
2019-12-30,4594.13931672,10887251.48427319
2019-12-31,4907.96432640,10892159.44859959
2020-01-01,4613.55117299,10896772.99977258
2020-01-02,4296.49085393,10901069.49062651
2020-01-03,4610.31586361,10905679.80649012
2020-01-04,4390.10661066,10910069.91310078
2020-01-05,4971.48529872,10915041.39839950
2020-01-06,4241.13823164,10919282.53663114
2020-01-07,4868.98044720,10924151.51707834
2020-01-08,4391.69223231,10928543.20931065
2020-01-09,4737.64610619,10933280.85541684
2020-01-10,4279.57755096,10937560.43296780
2020-01-11,4487.79053061,10942048.22349841
2020-01-12,4901.01321330,10946949.23671171
2020-01-13,4308.40704045,10951257.64375216
2020-01-14,4180.27597605,10955437.91972821
2020-01-15,4478.18070078,10959916.10042899
2020-01-16,4657.56419094,10964573.66461993
2020-01-17,4462.16431773,10969035.82893766
2020-01-18,4516.62002010,10973552.44895776
2020-01-19,4907.41976652,10978459.86872428
2020-01-20,4138.63338012,10982598.50210440
2020-01-21,4593.49865874,10987192.00076314
2020-01-22,5054.77049058,10992246.77125372
2020-01-23,3875.96469810,10996122.73595182
2020-01-24,4785.69525534,11000908.43120716
2020-01-25,4218.18247438,11005126.61368154
2020-01-26,4747.82681990,11009874.44050144
2020-01-27,4700.25340474,11014574.69390618
2020-01-28,4151.57335151,11018726.26725769
2020-01-29,3986.65217935,11022712.91943704
2020-01-30,4823.94428381,11027536.86372085
2020-01-31,4633.65062375,11032170.51434460
2020-02-01,4659.02311178,11036829.53745638
2020-02-02,3824.90256832,11040654.44002470
2020-02-03,4795.40023493,11045449.84025963
2020-02-04,4652.67998988,11050102.52024951
2020-02-05,4487.75881780,11054590.27906731
2020-02-06,4487.75881775,11059078.03788506
2020-02-07,3745.61354333,11062823.65142839
2020-02-08,5128.41414010,11067952.06556849
2020-02-09,4931.77735797,11072883.84292646
2020-02-10,4354.55325560,11077238.39618206
2020-02-11,4034.22559442,11081272.62177648
2020-02-12,4617.79281882,11085890.41459530
2020-02-13,4535.33223278,11090425.74682808
2020-02-14,4081.79900951,11094507.54583759
2020-02-15,4557.10923819,11099064.65507578
2020-02-16,4835.84548512,11103900.50056090
2020-02-17,4644.29576141,11108544.79632231
2020-02-18,4094.76786538,11112639.56418769
2020-02-19,4550.09097923,11117189.65516692
2020-02-20,4132.44977826,11121322.10494518
2020-02-21,4732.22022481,11126054.32516999
2020-02-22,4543.81066041,11130598.13583040
2020-02-23,4716.51942768,11135314.65525808
2020-02-24,3962.88117030,11139277.53642838
2020-02-25,4361.68141483,11143639.21784321
2020-02-26,4415.06412472,11148054.28196793
2020-02-27,5156.14174450,11153210.42371243
2020-02-28,4198.39312567,11157408.81683810
2020-02-29,4273.75695151,11161682.57378961
2020-03-01,4408.78380592,11166091.35759553
2020-03-02,4280.03727031,11170371.39486584
2020-03-03,4179.55216935,11174550.94703519
2020-03-04,4955.17154262,11179506.11857781
2020-03-05,4173.27185055,11183679.39042836
2020-03-06,4506.12874757,11188185.51917593
2020-03-07,5294.30875848,11193479.82793441
2020-03-08,4335.42532399,11197815.25325840
2020-03-09,4601.42169652,11202416.67495492
2020-03-10,4010.69864062,11206427.37359554
2020-03-11,4592.09449029,11211019.46808583
2020-03-12,4250.09693167,11215269.56501750
2020-03-13,3992.04422802,11219261.60924552
2020-03-14,4921.65577367,11224183.26501919
2020-03-15,4290.51482474,11228473.77984393
2020-03-16,4103.97070212,11232577.75054605
2020-03-17,4464.62267284,11237042.37321889
2020-03-18,4585.87635261,11241628.24957150
2020-03-19,4511.25870357,11246139.50827507
2020-03-20,3737.10059388,11249876.60886895
2020-03-21,3908.09937313,11253784.70824208
