script_addresses,value,tx_hash,block_height,num_vout
{DsURnU3bmSvLk7ByMZBB9KzcabXiDxeUVB5},28263795424,92cd480891bd3f7ac64797c6af3e493eee3ca5fb94b0bdcae01d724ff54d8508,257,3
{DsnWt7abiAaymxHH9kSYYQt8iz3SMRuXWcf},28263795424,6d93088292e2a9703934b5788bb7bf1b058f2652c2b3a096c4596bfdbcc8ae4d,257,3
{DsmMwDyKKhJjdjU3VpvbDnJBCR86bv75i8A},28263795424,d98e2128214e4d1447fad30682eb17582fc0e51abc606b4c416821e17f9e90c0,257,3
{DsaqC8rHWczvLTzLggpkJMMLGyGKdpiM8Lu},28263795424,d7c317a06d50636d52c7e6cfc462ba0b7e5d7a679a1841aa2928bda07ad6723c,257,3
{DseSBaP6m6KHjtw1veyqGANA9iFyS6nXT7h},28263795424,dcf79caece9d9e798f7e5985f4763cb80c7ebdace618968ec47672d1e39aded8,257,3
{DsaXizpjjR188HH6kF7NFFQf7dC1NhKeXGL},28263795424,9a8cf6ec7f038ff251e9138f3e216283c87aea221babed6fa015dfed22f45041,257,3
{DsYRFb25toeQmhCCaaESPhLPcpXeAjrxdbA},28263795424,786e90bb374a61f79161b0682b4a60942ae6b25f3de5e5f46f9b72f71d82e52b,257,3
{DsoaTM4Zp33Aey4Wmcn53Zq263djoRu3qw5},28263795424,9043be520f3f79d9e134ad43dd3bb5a3d41d5ba46c4624846f0c6648123c5991,257,3
{DsVH3VZVnaahhhgQ89X1qxLSvdPgyvJFoAc},28263795424,2be3e581022c4830934cf78cde2f691af15232c9b9859545e1d1cd277be6d25f,257,8
{DsbJxK4LJTExUPBh6VRV8uMbreT9STDBdYM},28263795424,e41681762c544fdb7dee49f8d0bf425b9e4790d711013abad7b1d7c1698ba28e,257,3
{DsWoiNTRS3bE1PjAU1VsMSFZtZASnPKUN6s},28263795424,c9cd01a95abd3c8bc1d19760bc07ff897025e18ccf3c46e6c561a68be4383358,257,3
{Dsh5bRFxrc4tDD56Yqh9FCxigXDigM4Fg1H},28263795424,35a1a616761c86ca86a2fff7c0575650e4c5772c95be176d5dbbf75fbe6ca089,257,3
{DsVdk9LDQKjRM29e5gfehtNP9xXbEX1a8W4},28263795424,17e067eb70dc19b97debe08f97307aa56943240707c4d3360cc951d6d96dd0a8,257,3
{DsckUWzrZvg2Lk3yn3eNj7CnHh2o1nms3Y2},28263795424,4dd7d8496c7101f71621f43d2e837127672a326ea35b1c3fecb25ce316deebf5,257,3
{DshEMFdmL2igfeaESDJBLwFG2bCEqBr9WxJ},28263795424,f6ebc3a05164bd760a343c68527233cf8165a21657f3203f153d9c5e0ed71911,257,3
{Dsd4odGnuv96wWh76iJVCBegVezdYbpDQEY},28263795424,9ffb540662eb324cf39c3936ebd756137395aca27b28af6fe84d412720d0554f,257,3
{DsoM9qdaXQv4D9NJwiCCp4fZ73qQ9wNCvkg},28263795424,f5ddfa081fdaa518674f9556751619723c19f39ad1f061703aa1179eb91c6118,257,3
{DsooPH3NyoidFs53973F72HiiVrU8myTgCg},28263795424,8d77e7b0cd73ae0f97ac2a7990a7776231b54d7616df1cf57030e6ee32637647,257,3
{DsT1nTHE8fr9fYpuVNpMXUMMSokut49rAGi},28263795424,60a1cd6909c6d82cdc609a8acddd2bdecec2336c4de96e5cf67bf4014b3c0462,258,3
{Dsan6Hhun72jABX7UdwLNaEL5xQSBuqGc3D},28263795424,9c3a9ba7326af9901c6765e2506b4b180bcc72b1751ff3e33121facb15cac319,259,3
{DsaUPox7uaWKY5EYxP7NpDBXMmPQgb8psFK},28263795424,c819c59e415c36df37eb5ffc518eacf6767c1ee543e981b68f886694a0d88fe6,266,3
{DsZC8idNMtg3TMUVNt1LTaetwG2Ec4dpQE8},28263795424,6d86fac5ddff4cc4d37cd6dda476aba04b2896be3b7141e75045d78a7d7e410c,266,3
{DsjeqAfQQm8mcL3TACoV5s468mtDgxgrcCT},28263795424,69ab411495b987d609aab062746cbc9ce621c4ff3ee185561976d326e4194e98,270,3
{DsgDPWShqkyFdQCttpvNnQtAkKXcAWmWH8y},28263795424,8a78248728fedaca423f8fcbd24f926266d33252c645e94c9650118919fe42c6,272,3
{DsdhNxvMUYUXekXLkaibi56b2htpfaSccic},28263795424,e064ce8f2a46aa8388154947f301189d3de368df378b112f516dc784fb9ea537,293,3
{DsZmVdYUunJGB8kdTaqfEmzPA18RcXjoZPq},28263795424,fa37e1fd48480fb6d81ee7cd3c4e4f7002025396abd65ec1923aa2f47a1d32c1,296,3
{DsmHC2UTX7N9oogdx5kmZWbBA7NXLQ9zPJJ},28263795424,0c2a429468dd3acfe95ca8951a2274e047df4dc6879eb5e62fd4cf4320e27afa,304,3
{DsaoiwLfdqsnqzDNvxDwn1GgSnwU2SnwBRi},28263795424,babd3826ac048cd066899a2ca7bf069aa930b57f3f3c1521c4c7d078cc162e27,320,3
{DseXmxzqywX3CSogefBFgXsdSgUdQGqrd23},28263795424,4ec05f9c951bbe476f5cdb34321818f9cebc5c0b8b0128c00987d0e7edeb9b3e,336,3
{Dsc538KPy236UmaPrdGkqXbwDzb6NRsQyMV},28263795424,554b13a5d84f0f053185e98e8c443038752495e1ef90f91677499b1532d6c625,350,3
{DsfMGaQMkJvMGXJ6hXUwFRgCLE1hAkuWqKd},28263795424,b60b16292daf4a796a2c5273efbb21aca920aa0b80eaafde357f4dc884c7c717,362,3
{DsiwvQBrjF7Km2aV72v4hCwg1facXwoTHVN},28263795424,e8cac92c6fae74b6e649d92f32a0e6088197fd0c1383ba0184e952fc6c2aee86,363,3
{DsaEaE5gtFeqNdquUanhNef975xm7uJFCjm},28263795424,1fb575166be59f6bcebfb7ed5da6fc81fa2915731f82996dfe7b940cb9c7d536,370,3
{Dsfi8oLsUn6NQCc6iBWhp9AaRDTvEyE7tYB},28263795424,897ad9a307880cafdc300de83153a1e9f2bf71b67f6b944ee019da86b37bdb7d,400,3
{DsYqLhep5UnRhwk6Vh4xCvpQ4BFf4rcDFRK},28263795424,ed5c186cf8905007b26fc64831483e84940e73b5c321e83c6f7b479dee36ec70,433,3
{Dsart2UG9BXpXimv2SMJJ2KoJiVsUKaWkcc},28263795424,5f6103f255a1acb9b3839f595b3b41c05c627cc79e40f49e076f203c9fc21673,500,3
{DsU2g5C9q3NNJ4xEAWZbk8U3YxW7dRHuXji},28263795424,a9341c98454832cad89cf1f33de47c8a7323e81f98cc46600f22a93b0374a45d,554,3
{DshM5UAgN8NocWWvg4VGteFTVNVQykdRY5Z},28263795424,41da97512f07381ce97ba9566bc4a41335f5c3f41b431a360f6ad554d16dc15b,585,3
{DsXbwUYVaVB6cwZBMCZKd229z4RW2N3Webq},28263795424,0bee8ae3e1796de1c5022dd4abff48e12df9d358a7636c47e7d015862ac63c53,599,3
{DsW8tWBP4zqie6tgz2TnEBQXVpdq7gKcdin},28263795424,b68f5d0805f44643e2dd954bf038271e7cb2713356d93b2e8e1001d73e3b88ea,602,3
{DsVhjAojAGCwdyfPBEwenCtCLeTTju1nPed},28263795424,42b21b7132639afa06101189121edd70bcb0b6f43ff77b2403566a093b79e206,614,3
{DscY8AXin4XfYUBVu68p6gcagbgUxPh1L89},28263795424,189eeb6308ad89d4d8175bd61f90fc9e1bc7500bc658281c4033133023a73a47,625,3
{DsTevGU9YkG3TEwjVjhgHdy3SWyVYD5rhaR},28263795424,a66dca359f26f65b3a8044a7a251c010d03aa3b95a6a134f9c1fe2bf2e9091df,649,3
{Dsckyv1yyq8n4N5LdKQoVtACArNDSGrjoHc},28263795424,374886227c370287b5885822b411df0a7dbe3d6606698666d1f5bff7983970c8,651,3
{DsX3u7K626VenKhJ1pR2Rkg1sXMoB3Y5kJo},28263795424,a3cc91dfb58b1976e8e499ab69090fdfc347ae31093763cb249e487952c4d60b,658,3
{DskRPKbC1C6b1XzVKgEXAKyGN9PG9Cigq3e},28263795424,2e73ca59a9d8f18df74e47983c39bf96f7fb1a720788f43d780c896003f8fde0,675,3
{DshQkCB5PxQir9Fakk9vRTRjdg43vQ4ZuF6},28263795424,3b03df3b265747e2c26cbbf949cf65320692f7449945b5979de1bc935b7fcb16,696,3
{DsogBQxvh6CFk2Mot1P5AhhggBNHUY9483V},28263795424,dd8c6f0e11042e5a161940876c076ba61c6a307a8af16d3cf83af38486848f80,699,3
{DspBT8kbMJmj5DoN3NZVXNETwQvvtVGqsV5},28263795424,00405005637933d7ddf664cf9f3e712068d97c92265d0909c0afc4cfe389f320,703,3
{DsgGcYPsFnSSW8PbFaSy2ky1WUuCgZWo6bV},28263795424,7e8487b7b81f37b8b5cfb7042be539872962815e443233eaf08ad797ad5d71ae,704,3
{Dsgf5EcPPrwfB6QYBvuWYJPHAJ6rU3z7qJd},28263795424,92001717816fb4dd00cbd2230aa3379795277b2fe24187c64db9978c23ff819c,779,3
{DscMeMNGWVM4m6bYhV6GWWocvBY99YTVBm1},28263795424,a965043bf1908b123e06b3db71d20392a87bfa82283b208712945ad7d7acc769,779,3
{DsWLM2RvXjZAM1jExvYm9S7VsX5NqB1CZge},28263795424,0a4acbc825b74ec7b0efd002d11872dcf6e27bd51e12c6b22292d043e54f78ab,783,3
{DsTM6U8ui37UdkGQc2e9RTwRgAwzTt4mtb6},28263795424,eb81e1c28ad007dc167bf9eca6174d1df9fe5696a503bac6939b2e4789417ec3,864,3
{DsmtMskZVzvDgtsdGgATuN9fDKT5KDgfLZU},28263795424,753032fc3eba969a1b7f67e6ad97016a901ed4022fa79bb00744a9d7784d6723,952,3
{DsesgHKTTcUxpjHNPGVCuHZwyv2aUEnUwvu},28263795424,0dc04d1a1c30d461032c20d4a2891a3b198500c9043b541b77fc09e5f486a0f0,963,3
{DsYrEZrTVMPJiwjzKuhSKsxkQiBzP2EAa6u},28263795424,501425d2f0eaa481f7b8fee2d354ba6a182d0da74c060c8b474fb49c2edf2404,1024,3
{Dsd9kaCxJvwYAHGbRv3zY3PRMffGhMsMJH4},28263795424,515f2023620ac6a9106d3fcc1b935f631b4ee33a19454dbdc0621c0ed00a42e0,1036,3
{DsSkvxdoZx6Qx57jPk5od8saLdnavL5eEUB},28263795424,e31c4b9bd61aab08a147f0593dd0c7a0a717563aa95951f5f6b66807dbacdd0f,1097,3
{DsnB9tTfRSHnhtbM9B65GcDgstryTUvAdrx},28263795424,2f32097358126a5cfded07c61ec6a5877d14f71909b793c12adc20cefaf81e3e,1156,3
{DsWSvd6BhtYhXBcF1ejRJ7WK9UgMpXJ6DNu},28263795424,4c961664680b47896d4065a30fb7cd4c96b9cabc22e8338404ec86644cfd27ae,1221,3
{Dsn3NoKxZXUboesNJ7MpnA9oNcAr9axhuJ7},28263795424,df03f7282d8e06b7c918ba1c98fac6f4d53754d8686d09ff595852c0106dee19,1308,3
{DsSCu87yhyfcPpGGWCjHFJtJJKak4YTQimN},28263795424,7b3b5b64f3b805c69066e91a0b1a0a547b417fcec2e9308efe410714ff436a45,1348,3
{DsetHWmhg46YzDLjbfAMx4HzgQqeEwgGjTk},28263795424,ecd94d741e24a96e6f9fa62242baa19402e9767f8ab1db4b6fea1373ff5f3a11,1365,3
{Dsa6e1BB6AUhxXpEzdFsQP44EUrAqWYwpib},28263795424,3f14f3b87fe6aa756f02389a7b8baffe06c7727d44ad7c4a672e8a05eec5976f,1685,3
{DsZFLYVuy3YPJRM92ogafQR6zdfs15Ubraq},28263795424,96835b3341aea86621bf030a775d6d680865116e62dc428d2f9c7a1fd9265581,1727,3
{DsicGbXyY6gGod6Rdov2k57gQS6cQq96Jo9},28263795424,d590e78c3e12611ceb63b49a9c49d65b174443b6f00f1d0c80ccdcbcc7bc664b,2048,3
{DsWDAHvZzuvBjFoUosrshB2Pu6sqHfnfUeh},28263795424,d888aaa17c809c2bf3c5d32e9921ef5b1feec8bbedfaa7970041e876f92c17ab,2055,3
{DsSNk2Uek9GeQKVbymh6zMG7EgsEpTGwpdd},28263795424,fa383e25f30a2171cb2079f992bfeae11758ec7d6c86053f395dbf39652a142a,2222,3
{DsVg9gSaSTHvmHMJpeQEvRtrqmpwS1ZugKJ},28263795424,348ef9a30e65da928aa6122f9a94f3f5e5aa7f3252f7d692fba2924302be1862,2505,3
{Dsg8GumJhg8oh3aGJg24nYhYZaFSdHLjSnr},28263795424,1639d5f390c518b4b95e3b735268f7eef35a1895d562e09006714ca123644402,2802,3
{DsRKeW6CZeVn2WHXmwRbvo6FXBgnScxN9SF},28263795424,5944848f8f60333576c18053eb703124e63f8fffadede95d976b824edd691aa5,3359,3
{DsVcRAYKKy5ZXiawCTCLY1S8M6CpLaC7ZxQ},28263795424,a3d5791839d02ade690e721bc10798ab5b24893dc736d6728814b0935dfe6669,3466,3
{DsfwnhgMWbsZjM3oZfceQB26jM1xGtVXtdp},28263795424,2f6866bb630fad9487399afe97a6f2cf569880664ace7d14d61a9235f19b482d,3876,3
{DsmH4EsfRmBf1TxyT9hvJNHkmxSoWPBb9Az},28263795424,2497a973a08e1c70cf1012dd19de82c1c4a81491a717198d64775de76c0ed8f8,3947,3
{DsVrrvo68NsXpvPpfn2HcmxeYYQLvKg7HL3},28263795424,b2d88c379d9c8182a0348763cfd0e7f73febd602c646786c881a291d2eb06ff0,4060,3
{DsooDwaehaDjNDrEiUynkxa9nYZh6SGLaTY},28263795424,74dd2ea8d377bc30d91837522fb217058d784d2b6a00a469f8337f092aeb3f15,4066,3
{Dsf9TyQpHqMDso9ubayfUS4QRx76k3vgLvo},28263795424,f432f327f9cc4729808ce90a2a44ec891ef9a779317f6e36ad4d3f2df6e8e9af,4083,3
{DsVHNaCFrZoHvBLYWzqjhcTviAcA3herivc},28263795424,c5a03baa6cb0e56877478a8c887dca38817ff0eba7de10edc05007a98be055d6,4104,3
{DsXcu2CjHCUhxKVuoZqTWNkp7tABYfTVrdf},28263795424,c84bbd556cf6b9ded8a7f17c8dcf6b1052f03b5ccae384a7d3321755e773d332,4112,3
{DsVnKQG3r86azpafAGBNnVHVeQRUAA1tFa7},28263795424,01ccc5ae3c2f66360ee7d7acbfebe60aeedc102787489e1a7df039e92b422649,4187,3
{DsS5puNwsxaF9HQCSkgg5fLf1cGc1orabMP},28263795424,3ee2659d96cee63cc39113b90e6e137fd8924e53dbd91e97575b4d56def77014,4305,3
{DsaWzaUcb4fdmf7En3gX6LXXzaARcZmoNiC},28263795424,75208e47a8af3ff35f9c31a97a6dab87ee6634dbf02f4d05ecd0a47dae3e4372,4564,3
{DsSpyfZMu8nRaRqBpibMvYTkUsHsvPob8b1},28263795424,4126e390cdd34a20027bf7ad14e09d2254278fd96fc75546a36420157deb8601,4565,3
{DsTFPhFigHRtGzgTMxct6mYxEhVnwVXXVyf},28263795424,767d3bfeb9d306f2634bee7079f7f05420c72d52d5b07e8b2592841ca1129439,4618,3
{Dsopf1h3fwi6eZyVWKdN7NtJASrPS8Jxmwi},28263795424,921cc7f6b0bb9a40f740d424a64459a65ead00166af10fc61ce403ef319e385b,4811,3
{DskFUgRPCEuzv6dy7sZ5oCFtYLteZFPjBhA},28263795424,68a4cf7ce666c936845cbdc6feb8d1f9a237481c33c59c9c725b017bacd1486d,4866,3
{DsYpm1jCWpxDGoRfoYpUWpjrACLS6BEtRvJ},28263795424,24d125d3411aae511d3e4fa8fc0e4f446892483a4cd4cd5e57127e7ddcad82ca,4963,3
{DsaBsBhwBH1sL3CSTwoj1sELrHS3Mk2ybKo},28263795424,9594f94f2cf4c93a44961af90bd0b721b7f35afca537848d150cbfd9648c06b4,5012,3
{Dsa6gXrY7niffshLyAXoyBqiWfQicV9xCYe},28263795424,f9c2f3f36fd625764aeb2cc87a4c35f603ae034db7f29168f874f2046405f416,5143,3
{DsS3n3dTSAZFcg6MydTrPZbdYe1xpEbewuq},28263795424,2a89c799b80db61ac691c20d184fc1e33e4a6b3a7e3217cba72cbe0ea6a4e110,5262,3
{Dsot8CZoNmtpBEttMHqsypYci6W67xpEBEo},28263795424,1930eb0d82452c9e9bbae6dcc968582210bfba1b4509897f658a5317b4654900,5277,3
{DsdWZqYxLEagr2VAXZQ5VmuyGmNwvKrY2gZ},28263795424,b1eb2dfe965ae1adc6fac9e5c55f6314d5a4a41c852445119888f4a5524eb89d,5456,3
{DsUnVFHCxpvMyS3Npahyy9EsQrwdCph1PK5},28263795424,fe92fc8a8ae1c036872770ade2b9ff091b3b1bfb6e13bfada9ddaab42494f853,5486,3
{DsZqBeAMeNPNP44j5uWGVLz3bFWhRsLNE7J},28263795424,d60088ff10ef179d995f5a3dda54ebf6abf77b485a1c654d8c3f4356c060eab6,5514,3
{DsbgBmLSKwwLsDNRW8f9ndCT8hPDTseYmbB},28263795424,6388f3e35805d2e44a8a9e4608ebf67273818c1792f98964b236cb5efd8b9459,5695,3
{DsjVAbvzAwUdSFKjUKm9N5P2GqcDqBk2Fwg},28263795424,722818d38b0e44ddb0188d17d5b295809584cead87e53eafaadaf265d863b1e7,5738,3
{DsdNXGviSCkUqRctYZfjn4vKnNHfY8bA62Y},28263795424,69aeea55b61d6db4160a38fe2647db1239af425dab2ee3d9fae0ee70c90cb8ba,5766,3
{DsgwFLyqvMLTQYNifFSwBhjVojWBvYeq9cK},28263795424,0c4b94c40bec47ccee31991ca37b9c1ef4f55d7761fa3778ab6e847388ac3615,5895,3
{DsbFgy87vpx5c7Gtnywnm3Qb2Vki2V4ScBD},28263795424,737d6f2b728c9662c59c85a86db775cbea07570cadd113f5ae8c4e3fcff76faf,6007,3
{Dsp2H57kJc3BBd1byNEp8ssg9Mu4wmZZfen},28263795424,84af5d201bff497a272d9c08dd564bbff9a519b8dd3d6cf50f2d81fee4e6db27,6067,3
{DsgGix8YuhpksnYx9WGuGrXRxUaozq8Lzps},28263795424,2c7069c9ce85f3e6d46d5dc9446926c03826e0d76abefb19067bb6e7824ff12e,6324,3
{DsWYbhKQw6tZradDFp5eSN9zgBXCBWZdSQs},28263795424,155caf0ae3b829c8d971fdbe42a651123d9e5cc5e3cac7454d409ab1a9fa2080,7540,3
{DsW63341rvADrxhU1WotbBC6E8eQax7EtFZ},28263795424,4fa54fb1ebed9d90ff44eb87ba099953de71764371c79511a673bfbbb02aab23,7750,3
{DsUeMa1jKvDMK6dHsjo21PdQRvXbYfbxdCu},28263795424,bc6454c48e8bf267db19a46b68fed8596ff20cce15959df664a11848630723c5,8051,3
{DsX4aqVaE6f31sDRw5aPKEVMXs72BBFSnuu},28263795424,918c84e042741c23b6137bc6e53967fb740beccbaeb5100fd50cfa4ea65f40b0,8065,3
{DsVUbZaK5i1jWjPkLqYApHPWcKghoK6RNxY},28263795424,fbfa1061baad1ebeec19ee04469997d40b268d02e3a646d069e669ffef426bbf,8370,3
{Dshi716BPDG3VVWBprBGEdzd1PHXjZF9acM},28263795424,91fa9459c2191455366d5677436cc0391e48cc0350ff2f8eedcd6ddc71d1326a,8373,3
{DsgwnBxew7pqcpaK1oZSs7XoZKVPEunJaNu},28263795424,545a4eb24d8050f53c080deb46475793cb56e10744df567a74a236d12395d3b0,8393,3
{DsbMV3BUREcLcQTLBU4PSnEpQ4Ns9juidjM},28263795424,0e9f2d5be78e9a3c32017ca3eda1cfffdb4700b9d73e29770b59e9fc855dad02,8399,3
{DsoPettWzTtFEVr3XbyCoghrmX4Q34PkPHe},28263795424,1843452a42a14b69bc52d90d319fd948a3c0f8f4726d1d7e3a9b7007ef44c323,8434,3
{DsScERhZwmBWQtoiS7TjkJkXNB3urhsB76H},28263795424,bc254458e1a50bb7703fab1bdeffb71de62ffb5a60d386d92702dbd8d58edfcf,8446,3
{DsaAu5YbNjd6NyUC6dv1jvfQRoP5oaZdRiB},28263795424,bd03ecd9798622a5d1cae7c3af5f20bd4381df359e15c149cc8fd0cb92727e0f,8468,3
{DsceHi3e6YnscYZtGRLSPL5kkibimWLWcQD},28263795424,3860e3735f7ef1b1eb41d5430345220a465f33482b519483bd72e4a61185c11a,8510,3
{Dsjgjrfiw93G9MebwPJMRjJRBxrT518jdZB},28263795424,c445814c6a7d9f6022bc468b4c6a75b1ea01b39ea1c211538e96dfcac6f159ad,8646,3
{DshppbdUs5dH5PbFgNBudW93vua9eCf9EHf},28263795424,5f47cf7a96ed86e4ea07af88ae5c521d43ca5f94598290e69a6cc4265db806cd,8678,3
{DsasEnKmoDDnfeEkDzSTQ6P55U4j9agM2zm},28263795424,e7cd7aea46e062d5fd738a19ee47f11677198a2f33659612a3e78c4807b8c033,8689,3
{DsRQ79HJ7y9v4HsHQwT7GnMaBSpqF6vYP3p},28263795424,2d392a7029cf583b3f363c99e6babf61e905a0093736177f4b521b948c64f5f3,8745,3
{DsWirYV6BN9qviiLWbZcGTJYrJgqYmdGU5r},28263795424,273e6cb81fca7a4e1bed1675e16bf4bbafa2286c6d9193a4c2c6c1327aa65431,8747,3
{DsZw2ycjUhjeGMNAcAzMmet9hScprcavHGy},28263795424,36533c58d52c87c826b3e6b885c5613a03871c35c7190cad6cb751c0022fa095,8879,3
{DseYAjUhusM8iamku8fEaohiGEKwGpnmSW9},28263795424,22c885006907b0c25ecdc2d9fd1d621c1962f6f47f83876421c055121f5ffd4c,8910,3
{DsmyARg18TG232becMWr95oJZ2MhvKYkxXX},28263795424,cce0b6856a252ba53a44c9aaa980c49e460f0c169b530887b6d7997c72d4def7,9038,3
{DsWo4yEAyfLyvcmrsuCQUtqaJaZ5wiJyZgj},28263795424,25539d941a5b62cc4f90091bc6a78960519a10a59f3037b2d46cc69a0620d58d,9285,3
{Dsf588TffjxR6wSKL94iHNmjgJ6wKN9siJ1},28263795424,380e6d216d2f56a43f6d82c6a11ae4fe3593a7d82304babe2d374731c3d6185c,9303,3
{DsZjefpJsadmqxDVsQeuytGMGGtMzGC25fY},28263795424,bfede8889c35993e47b5d5dce610c132846199cc17841a69745b7a979d7ce404,9351,3
{DsozitGzug9q39AHCUzvovwBSdKskLAcGyW},28263795424,a33c57cb817e0970dc9efb9490c8aabdf8527dd4623a59dff3e5c473ee583dc8,9639,3
{DsZN8kRNejpeSm18Fv8ozFbLa5vuboA6RWw},28263795424,6ee25b7e989ce74943ac9d95410ca9554ab76f3934272cbd8d049761a5191f67,9649,3
{DseSvTm9yAUnJBxEXLPuLBc62hgHrtWXURM},28263795424,7ce2a4307711854a0abd7d0d64660530195e99e1b459e5240b78aa0bed1860ac,9649,3
{DsaakpWqsqYdZpB7yigM9HDFiTL6iReUWQb},28263795424,1a007c4d2cad87e4889f14ce0138a31740047551ba856e103c3c4c88471d50da,10154,3
{DsXQjk2LhmANwvh4KypAE61gFDRQAweGiw3},28263795424,8fc2d55df51fe9e94c01acfde8ea2808b600042563b09cd5c86d5ef4e278f5b1,10495,3
{DshpgvZHtdvuDVDDf2yrkxUGmGWKwtEkbyy},28263795424,b46504b6491d53d2d255552dc28dcebd34bee4861e454f9d484a3d50123baeda,10513,3
{DsdwKF4f5T7w8ubQGKjQan8YtwmtwBZbuN5},28263795424,695a04f9d81f369a3eaf8830bff350cde4a1e6bd4c72ccf58d1db292c2e5da6b,10904,3
{DsgaRQ9z3W6qGuJy1YmzTtDgBhoNsaNhu9o},28263795424,ebcb8fffa2b7ef0a6b8c319b267a1c3aef4e3604aef3f9bd4470655b85c0ad74,14069,3
{DsdoJjnKUbtGudgBh27ceEPACF9iHAHQgak},28263795424,043f3fc471e423b42bbec144d170c67712cad200948f8533e10d2a8a385dbec6,15721,3
{DsaXmgYy6dFFc3QBioTzh7MerUmvNv6KSR5},28263795424,bc797fb751cf147912efae697cd540ed55f2a6e42de6e62a741e58e4e1076592,16321,3
{DsY2tEKpR9h2QtkrAgQrhW8qTYiKoKcGeHD},28263795424,a072fb27fce5e5dca506a83b549729d7e6fe503ef2cb9f696502f2df6c78b6b3,18162,3
{DsUjg9NrqbPq5CjsorSiWWzRW5vbT894ffW},28263795424,7edb17ba43fbaec85212c63a2b1b546ce0fa6d567c4d08a734eaa088060f6e8f,31826,3
{DsbewHVpGpnBEU5ZivmGZN5uD96g5X6GcKL},28263795424,eacb60e9a8d7f8b3d17a15d65669940341500984623bfe1b0d299e05e94497c5,35142,39
{DsbFJ9X5eqqFtx5R8R2CTSepdvp4i7idtES},28263795424,6c808054b5938316b71ade446067e06218a2ec76aeab657262b860e7cedeee73,35717,3
{DshLcYbzpgKTu6zNNuefiXkqCbzxcjmF72R},28263795424,4f6591876d5fed8c13541957f0c479cafeabd5260683b1c93dd23e83f5f04b5f,43797,3
{DsSm3usM5QiYcUjKPq8mciX1ShsYdkKVyBT},28263795424,143bcaa12a5d83fdc43f351416f056bf0635bb3bde9f5b0d88bd543df97a3c7a,48652,3
{DsSJebYcF1HAs15sjvpYiy3WhTC8zujg2c4},28263795424,3e8210da45fa4d841b66dc2b1496304ef0d23c17577983876aaf08570b943f94,49006,3
{DsYiXfCfXru8GYtjvN6Baz1RprZBZX81nHC},28263795424,c51dc1adfcd6affa93022453fd42512e8611cd060795d38016af7c80ab89b33a,49069,3
{DskL5g4vGa4BfUADvnV8gfhfRgMTciQ5YcR},28263795424,da96e9b0f877df771fcd89545a7cabb67dc4f501933317007da63fc6b8a37f5e,49620,3
{DsjNKRMxK93UibBmdHg3DVDP3qWbKEPLpbU},28263795424,8be40f0340bb5536e7101a83042061d0e3aaa7fbfb9dd7782f5b634a6323f278,50699,11
{DsjJswbcHZiVzPLaykSKeqrdjRdV32RXVou},28263795424,7a583f525ac85cd33da354fcc2d608a7137629e87eb3301e324b0d6e9be83f4a,57871,3
{DsR1WbbJNxgCUYtEkvHAHKy1Gt1HNyeb3PC},28263795424,c44b4d1ad9f7ecfe7762978d1a56633b15e2137b101067ddea4780f6ac1c6024,58192,3
{Dsd5mfPSiySUrkz4v4LXriqPRW7cbL3LAHA},28263795424,8868f2cc5fbf3e2bdc59f7bae0131e98050a830d8f92ee44227b08b9ee1d129c,59962,3
{DsgYD8E1PcgZdKVfvzNj6Ze6jKrwbjLp4A6},28263795424,87df37649c47aea50cef1f6409aabf96ede2b3f60bb2fbe9a57980f3d24eb291,92016,3
{DsX5t4DPKmCxHNJ1F2kRtHQrbMvpBzkqggH},28263795424,e317ad0c5b7e2a0ddcd6a51ca79ed10454bee6bd1b010bd1b24cfc1bb4acbc71,105887,17
{DscZ3vDetbHadTvtTazkfrQSLztDeyK7aep},28263795424,1f64fcbbab74b2a42f9c361fc7a84ae61b6810c1588f7b11d43e7ae643362b46,119652,19
{DshdRS9n464JFVXRzd7CHKWy7WsdZ5cCvhq},28263795424,a5fc1dfedd34caac3d1a2bcdfbe203772dbc6e8e9ae7f41c3f154c6bb8e879f6,119864,3
{Dsa1MFYCTnnfQvNG9TJ9h9eMuQKxA8EBusM},28263795424,c2adb79783af8869ff6c34fc0a6e06eeec51259fce45ca867c102e77ea17955a,119929,3
{DsVvcWQYNSMZr4gGgxLkg4CccZkv5XNQGMU},28263795424,08703a9ea9c88e8fa6f0556d83ddc5c24268625eec425b0eb263aaf1cc4bd343,123345,3
{DsmtwPzmA7PnM6tRdLm4ncHSbx9KT5FiqhG},28263795424,b91296f8e48c913661592dbac2b7639e357fa1bd8b57b747dc3f24e9cfb27356,128929,3
{DsYQAJEayp8K3WPfvXEQDTmg1qCisnpWJ4E},28263795424,bfa26bd7e8e36a9c4bbdc19cb6e8b02f5fdcdf40cae2b1219942602f9bd434ea,131833,3
{DsoRC9ie6uAaTWRr6k5t6rXbzDNdaR1Ctj8},28263795424,ef690afc2c50de87cb9e7c1311445c0a775f39cf787293a6958e7badf09549ec,132336,9
{DsmjE65SP8B1DmrvxgxPxFQLiVqrqZ48TcL},28263795424,d864fe8c8f2e5a182e375f6460b24322dce5fa79615587deb40b6162d2318f82,133221,3
{DsiRAJSoMkq6EN6fvNm8jV1Ryv5sWPJMmTQ},28263795424,eaf91b40fce95387646c6f17c13b84a9448caae8941b444eb1983dd96a1ec3f3,136409,5
{DshySPPSYHMSnRhTVSF5J4FdXnqrjQ9DCrB},28263795424,97eec73c0c8987f8e95cee718b864be207b8c3a51cf5af1027cce9110e70a92b,136512,9
{DsSgCcLtyU5X2t55MUuHFeebPfSNnp8CekD},28263795424,2d5eb5a6c8f3810c9c2f37a71fd00c2ed20d19f7c52d2a17591f80baab1b6bb5,138411,3
{DseHutzskBE5dghNq1xQBpFdZb9E64xhaFz},28263795424,8942d022d55fc580721c4b82d01e2a09fbef3273b2a7efacbbf6600fca4a41dc,139968,11
{DsnrFE6nR6XLtYPD2js6xhx2tBbTAsJvheW},28263795424,5964286df96d22b14cad5703b27a93965bdf32d1fbec0d919fc7fe35e7e9fb74,139995,11
{DsYZ21bypA1RomfNdys9W9rukzCUuWZD7RZ},28263795424,4036cbdd3119d5e8eda7f6189013b042c558e1eb0b92455b023fc0e1bf6503ae,140544,7
{DsSU5LLYnmKNjRdRJy7fBwh5awGAYH9z1vw},28263795424,38ea4d5d6a9c9e6aa6693be5d8ea11f21e1a24aaa4eee7fcea6983ee9018b137,141337,3
{DshMedLrxmtqfwX8mp1VgUisA4jKcEu4JpG},28263795424,899f1522a8b3ca88bb851187f8f2cae48b5aea2250145118a0530d1ed9cb9f55,143352,3
{DsYX7dPmC5LKjRogmDkYWN4NFGEGUPtApcw},28263795424,572913bbbde9d987d4d95f121b3687b7a0bd67214fcc1a0a63cc147adb4e9881,145196,13
{DsanfGhNhgCcp8PabhCzhjAVQNQYwrpGyFK},28263795424,e8010d038a74111e67f0add54e26cdd338ecc9e60834a6202b7b7fec068cdedc,145220,3
{Dsk7e3pj78NQqnUMiaZFt2fRXbgKyLfd4UG},28263795424,0e4c55cab717b25152a8ce3c7920c2e6c38ff7ec16c652f3dce05f51730866fa,145728,9
{DskxVrYoadW8oZKGpxTQJuZf4SwH4JR3dWc},28263795424,15cb435534d3af7bac4d3800b623d73179b06e226a887da2b1dfb2e9f788a97f,146269,5
{DsevHgKxzqNbcm1z4Jzx4hZaawfJokaYj4F},28263795424,54b3865fd00ddbd7b2bca01d27f4a4925e1cf90dd1211f94ec51775cea133f90,150093,3
{Dsf9qNMBj6BYroTjAhhCezy8bfHVaQrwDoy},28263795424,560cf9f5afe2f8fd2c5ec25729c7b78822828475c98f814a6713858874257773,150552,7
{DsTAfQuZHSyUDxHpZGhzRCeCd9BuYAHTYG2},28263795424,b61efc22646c50e65158b2c9e3503b0322e521af56391b419f985a711b15f032,152702,3
{DskR9AYnTNtd4FKiWtxVEu4Z72sx3TyGQSX},28263795424,b84001be9af883da3da6a7ac29e5fae4342d63a135bc1ff254517ae3481e3d90,155584,3
{DsRMTsZFUQX4VDDhdT2HngEwYnzHYW3NBoq},28263795424,72a61a356b7e0be4d3318f017de10611051e502fae80128a3ed63d7ca9947482,156596,3
{Dsn1uXBxcK2FTbg46Nwmzq86T1GUfyFDWPM},28263795424,65cffdeb1fc136119a6cd8085dc8963baf628bbd473db602248d6d75a3c6f48f,162012,9
{DsWSwqznrSuqYeM8NWs5YZ9T2mh3R8u7CLT},28263795424,30734f70f5b942efe598ed877c650a63eec2f0779201fc23f142514291e5d1af,162354,3
{DsYeVmNUuXxRgTDqbAUDePoSgoWT4i3ouYP},28263795424,38e53489892baecf509c66fde467a9bf4bd63087d5dae7e8b873e9ab961df10a,162742,3
{Dsi65YutrDux9A9UjXbjuhK828gY6HkugTo},28263795424,89d080cffb2daf3096a30a07b26495b787f0402e10dad34a7cd8118e25573aca,164264,3
{Dsen7FwLFNqCBrDDsP4yUm2hMAjvXADVoKR},28263795424,b27aad18e667b6caba65d88d111706d0948ea00570e2dadfac7974338b4ca51f,167822,5
{Dshnr3cgiLAhT6WbtJMH4UB7bVZ85KSTRm3},28263795424,2a65f84b73efd4fe650da098f2003351c8a918e94d4e23728d52627f698127bb,168358,3
{DsXMR1bJ5ZtCtJZ4agtyyextgr1vG96mota},28263795424,2dde569eaf6bd91622f3abf15a2a37a1226dd815ae46c504facbf67a2a45530e,170967,3
{DsR7XBt8u4TSJzx2rqCe7c9BEs4TZA7t4xE},28263795424,743cbd2b7fb0e90aa558213a3db3c746e08c98b70f43e10b34d5d2b948c1f9e7,180921,5
{Dsc8KmjCGznrBnZDR4AipaiPSmnPgSWfQqo},28263795424,e81c18f917603eee34567f725fb145283d6fc502da241d02b0e6cdb2b044f604,189824,3
{DsnrM1535q223uiaWBrfXkoHfR6gFQteSTx},28263795424,8450e6f234437069a19a1bf29b82caa2a7a035b698fdb3f3dbde8ac7ae7b212f,190796,3
{DsfUNARfEwzupqqZrn3HrBc6VCkJbUYiSS5},28263795424,49b0399392fe4e1ba52f35ed7a22b31b8307e69f5b8851c2e0e0cada7fa793dd,192069,7
{DsmU6a4JRYX9H37wQy3SDaNKSjqumFJpeaQ},28263795424,5c4b677597f3a6cbc3c0eeeb57ff846b578923242f8069cfb9f2bcddc9b95fc1,192345,5
{DsUNYn57Ynzy8hyjbfPsjfshEubfzjMmKEA},28263795424,02f33b947825ccfc041b1f45335e965e57aedff8183b8cdf8b17fce94c1e0007,192508,3
{DsQzqHrBdKATo16mgRxBvSGxmHdHRYWhnMd},28263795424,1cbd70c73af19c59b2ffbe37576d4d2e892fd78e2e2d8f74a4cc492aff1f4075,195093,7
{DsigwhQGnypdew3NKxMTc7USShhGqJXVwEx},28263795424,52b033ba3851fe7bae83ce92580a401462dc62fa4a5bbf65b2a80792539c1029,195108,7
{DsoW1ibcHynxmbxwHhFDWFk5FHfUeJYbq3u},28263795424,bd029ed2bfdc47c0ac1d16310e5104f1cbc3e91d38574fa71a5720a82860f68c,195438,3
{DsiEgy3rV1ZZaKCHJ8yqfVqirpTyrbcfyJs},28263795424,278dbbba751a73c8aa02d98db77b596b1e89b228600f39a24f5bd9232b4687b7,195938,3
{DsgNBkqGh7V7WhG9ijLiMofRQSHN39JSTC5},28263795424,31b2d07cd3c8021d16329d3f0eeabbee575d7ee31fbb37b6a9e73dfe0fe5e5c4,196999,3
{DsiuxtnDXTvdCCfmE87zuDx7u2Ln8X8XDDm},28263795424,148e498f537c4cfa97e840f6a049eab9e51c67b30d02099d05a13e025dfad88c,199567,3
{Dsd29tSAFuwTv6Gd26p94VFoJngbPVXbcD7},28263795424,c539c1fe3170e6f019bcca9447cde230681b7283a8155bea3a385d2b518c9f5b,202318,3
{DshyC5Fuo4EWhiRwqG1d2NVFn6cryrL8RRw},28263795424,e587b02763f627c48ee7032a4d27b1cde2c548b0de4d475c85cdf02520093bd5,202991,3
{Dsbywy8cwY5nanzknGRtihCNodGLq1bh9XL},28263795424,dfd103637abb3db1b3214fcc372ba31b6339b21999f7b9524b9c6e51c1b0b97d,204817,3
{DsXix1N3YMV6kN2ML4aRN21PVbQGiudE8fz},28263795424,c9e807955f52eac20fa6615bbf8ea91b401c747be975c0ae6f85ff7609ec11b3,205664,3
{DsYSsAKwxKPei7yC33WNgPPd6g8VpTj5goj},28263795424,2a5f327340e7d316b17b6fa218584c09184324092a2536518a9ece8e5f9ce53f,207146,7
{DsoPrVNtcA7cP9ikkaDRxVA73NHxbHcGkNh},28263795424,d2e03787c4c9c046ba9123543d41b02ac2edfd0f11b5bbe08b9c6c7fcb639f4d,218658,7
{DsRb54ikw8ZERMvMkLTzk5tS5a99FnY4YPi},28263795424,e210bc151c5b79aeed2dc3ce74bc14a5f86f3e48e991a3f0429e976c4dfe6e5e,220520,7
{DsVjEfiKDXVhyBRASD2rb2vfrxWyAwocxEL},28263795424,4b5055102026f687d832b0212371e8f15121547a36591f40e4fc49829d1aecfb,233119,7
{DsUcF1whs2gyXFGSChVKHyi5qFenE2V8b3S},28263795424,b3e98144396f81a0dc8e2aa3944efb392a9425d4c5daff197c7455a879a0dc2e,296290,33
{DscuEw4HoTW7Qp8Tvn4fwjtvp3Xgo2fWtP3},28263795424,e7fb30e24300d88085e4d2d55808dc3c90f64f09688182bf4944ea2292b1e935,301914,3
{DsbhXzepRsJEbbfBx2YJdsf8Dbwz9chgzTN},28263795424,7755c8b2ac8873c6fea5da5d70d0086a6d9960a04845f4a21ebcf565ac623334,351609,5
{DskzFWS2XTuWZRdz1S4x28EMSus2Hqgw4dH},28263795424,5e95ae4413afc6f44c44be182b2018bb7f6738b670bd2d04b8173c611464d62e,362441,7
