day,avg_price,avg_pool,avg_pool_dcr
2016-02-08,2.00000000,0,0.00000000
2016-02-09,2.00000000,871,1742.98464973
2016-02-10,2.00000000,5148,10296.26086957
2016-02-11,2.00000000,9662,19323.35163892
2016-02-12,2.00000000,14989,29978.37487733
2016-02-13,2.00000000,20474,40947.49848943
2016-02-14,2.00000000,20903,41805.51377634
2016-02-15,2.00000000,22271,44542.31050228
2016-02-16,2.00000000,23748,47496.23896104
2016-02-17,2.00000000,24534,49068.83290488
2016-02-18,2.00000000,25610,51219.54599407
2016-02-19,2.00000000,26257,52514.38852097
2016-02-20,2.00000000,26840,53679.94245222
2016-02-21,2.00000000,30390,60780.19071518
2016-02-22,2.00000000,32038,64075.27944404
2016-02-23,2.00000000,33489,66977.79983214
2016-02-24,2.08178997,36394,72787.42565311
2016-02-25,3.48958029,39948,79997.95217179
2016-02-26,5.93901117,41368,84539.56997972
2016-02-27,7.32326473,41642,89639.76302730
2016-02-28,4.56949410,41277,94392.63353659
2016-02-29,5.24387262,41108,97477.63911704
2016-03-01,6.71680321,41659,104771.32754081
2016-03-02,8.47482048,41428,106701.51287129
2016-03-03,5.46190577,41736,115963.58978723
2016-03-04,10.93755979,41989,121651.65652174
2016-03-05,6.39990425,41713,125361.38909476
2016-03-06,7.18789038,41865,133871.90875233
2016-03-07,9.55419457,41609,136123.45047490
2016-03-08,18.27323135,42253,147668.64921466
2016-03-09,26.33826392,42461,163206.26447219
2016-03-10,10.22866318,42037,195684.22178218
2016-03-11,11.05608193,41651,198241.13100437
2016-03-12,8.82309140,42142,210355.76005817
2016-03-13,8.96680461,42236,218628.28710938
2016-03-14,8.49900640,42004,218491.09395484
2016-03-15,9.37605434,42292,227275.10217918
2016-03-16,9.97736019,42404,236299.71614100
2016-03-17,10.86572483,42010,235517.10741049
2016-03-18,11.88056447,42051,244163.49422633
2016-03-19,9.70792591,41598,248111.76385858
2016-03-20,19.14023393,42186,259497.40618102
2016-03-21,12.73869785,42000,270398.13573001
2016-03-22,12.98171481,41725,275576.31363636
2016-03-23,11.92731040,41824,288111.31157136
2016-03-24,15.29772112,41655,292467.79038718
2016-03-25,10.07805080,41926,306055.36998147
2016-03-26,12.04870947,41564,305343.86100196
2016-03-27,28.09772621,42880,323646.42045455
2016-03-28,11.01661725,41980,331757.85985037
2016-03-29,14.29133466,41765,334788.78842505
2016-03-30,16.63412823,42272,347554.52348993
2016-03-31,11.10391725,41675,349173.52476704
2016-04-01,13.98569501,42316,364121.78079096
2016-04-02,11.74150088,41587,359508.97469066
2016-04-03,8.51196255,41905,370374.87536372
2016-04-04,15.36842281,41615,368286.48850575
2016-04-05,23.31028646,42564,379421.94364162
2016-04-06,12.85097723,41944,384491.89770024
2016-04-07,11.83641561,41627,388355.97638660
2016-04-08,7.77238330,41804,395629.67510354
2016-04-09,8.30831782,41483,392749.08856502
2016-04-10,11.29482108,42242,395022.17485822
2016-04-11,15.50727372,41917,393514.34903226
2016-04-12,21.05947228,42991,412673.53820598
2016-04-13,8.31994037,42019,408825.36570375
2016-04-14,26.09569525,42443,410767.57725948
2016-04-15,22.51960255,43062,423529.68630339
2016-04-16,14.67139754,42271,424412.65272244
2016-04-17,28.77339981,43505,452320.79581152
2016-04-18,12.94006864,42504,445760.03410853
2016-04-19,15.45620257,42140,444112.36392573
2016-04-20,18.32711586,43296,467658.30434783
2016-04-21,7.91406502,42352,459113.12978019
2016-04-22,23.74953418,42408,456264.20948617
2016-04-23,9.16913251,42874,462664.64603960
2016-04-24,21.92722923,42534,459737.71391753
2016-04-25,20.62343204,43594,473022.59108781
2016-04-26,14.41268684,42757,471079.04020421
2016-04-27,22.10523694,42727,474343.86320755
2016-04-28,16.43952139,43397,492168.37103594
2016-04-29,18.76706370,42760,487278.30812102
2016-04-30,19.42018829,42703,494383.34375000
2016-05-01,24.55191602,42856,509795.66793409
2016-05-02,19.60023125,42426,513376.39693593
2016-05-03,17.55548244,42225,523636.20575816
2016-05-04,36.98086976,42204,530781.63064833
2016-05-05,17.89661153,42580,553507.23312883
2016-05-06,31.12875819,42203,553022.98863636
2016-05-07,11.19131946,42042,562828.01680672
2016-05-08,29.37238826,41724,559136.20994475
2016-05-09,23.66814962,42887,577180.33477322
2016-05-10,12.59123491,42261,572263.41864587
2016-05-11,26.86638405,43366,587195.95526316
2016-05-12,18.29502876,42705,579176.74927954
2016-05-13,23.76215621,42726,589097.72539490
2016-05-14,16.51980743,42206,588366.40799729
2016-05-15,26.56609780,43131,612529.65327381
2016-05-16,20.40272610,42764,609261.91269841
2016-05-17,14.16048729,42273,613837.01347118
2016-05-18,36.54111819,41983,610445.59507042
2016-05-19,16.72032795,42922,627862.18662143
2016-05-20,21.06918850,42869,631081.71428571
2016-05-21,17.46720443,42680,629313.30309140
2016-05-22,40.05048890,43242,642291.47643979
2016-05-23,13.64743036,42459,641001.96755354
2016-05-24,34.98644639,42412,642490.60377358
2016-05-25,17.75543994,43008,650910.81989529
2016-05-26,54.44953060,43731,668486.75401070
2016-05-27,24.61937630,43021,664970.09633028
2016-05-28,21.61995704,42605,664708.91674048
2016-05-29,22.37257283,42693,676254.20500000
2016-05-30,16.14854759,42240,673628.06718806
2016-05-31,32.09788052,43249,692796.05565217
2016-06-01,18.98326919,42324,682600.89053161
2016-06-02,55.43223065,42559,693153.87234043
2016-06-03,25.80372813,43054,708992.00488486
2016-06-04,23.75375060,42450,708895.61940732
2016-06-05,23.19526539,42410,713677.17512077
2016-06-06,24.21128961,42701,730964.73852877
2016-06-07,26.49093555,42218,730630.44934334
2016-06-08,21.04648758,41951,735183.00062305
2016-06-09,23.22332676,41927,741034.39661654
2016-06-10,19.63531899,41796,745407.63147793
2016-06-11,44.39675422,42968,772462.38686131
2016-06-12,26.68360921,42290,763228.48433420
2016-06-13,22.61923216,41801,759574.23998239
2016-06-14,44.22784152,43157,802217.62445415
2016-06-15,18.39735966,42141,789271.66354760
2016-06-16,19.32004643,42005,792182.11219512
2016-06-17,29.35343857,42701,805092.60774516
2016-06-18,25.93744428,42282,811016.96692776
2016-06-19,23.54115721,42105,812197.82263191
2016-06-20,33.95556927,42532,831438.16533333
2016-06-21,23.66600811,42032,825761.56944444
2016-06-22,20.20573035,42156,842631.48437500
2016-06-23,37.00990866,42559,852152.75117371
2016-06-24,29.22352835,42428,850610.84304636
2016-06-25,31.88487886,42025,852620.31007752
2016-06-26,23.70478747,41944,860025.11923688
2016-06-27,26.65784107,42094,873209.25371604
2016-06-28,35.86503337,42062,882140.71460177
2016-06-29,26.94730089,41886,884732.34241020
2016-06-30,23.14198613,41536,887360.60843882
2016-07-01,44.56277990,42184,909261.86816720
2016-07-02,22.12957480,41595,903448.05599144
2016-07-03,46.00345561,42185,921571.53869969
2016-07-04,29.01585490,41777,915750.76104418
2016-07-05,26.81080315,41445,921025.01693667
2016-07-06,26.41891630,41294,922932.28841608
2016-07-07,25.69100406,41425,933267.67549669
2016-07-08,27.58364869,41282,935383.15368196
2016-07-09,25.06874312,41200,936663.08138101
2016-07-10,18.69158038,41333,945578.57851522
2016-07-11,43.03340374,42084,955114.60160428
2016-07-12,23.08140478,41676,947364.67727063
2016-07-13,37.37991621,41696,953473.84615385
2016-07-14,26.37869609,41772,956211.01572739
2016-07-15,24.99381400,41411,954796.12020649
2016-07-16,24.78096065,41193,954009.05426357
2016-07-17,23.78897846,41148,956240.90134298
2016-07-18,32.11191861,41151,958670.55250000
2016-07-19,16.75235485,41304,964507.84702647
2016-07-20,27.48550810,42360,971034.74055416
2016-07-21,25.70516195,41612,955660.19292158
2016-07-22,25.11907718,41485,957664.80362812
2016-07-23,34.11495910,41840,970907.59479016
2016-07-24,27.07770281,41479,966329.23703704
2016-07-25,25.52411508,41236,967733.00460123
2016-07-26,19.78234193,41360,975158.46744309
2016-07-27,19.91870009,41194,972622.05466013
2016-07-28,19.52507250,41794,975459.03786105
2016-07-29,25.64726343,41598,970862.01815182
2016-07-30,26.12369119,42106,973888.19669488
2016-07-31,42.88117287,42358,986662.42993631
2016-08-01,24.36378498,41938,982114.69634100
2016-08-02,24.74344409,41682,979465.97327707
2016-08-03,31.72376440,42519,1001061.38074534
2016-08-04,33.35445420,42119,1001664.15904573
2016-08-05,20.33246394,41881,1001659.06719504
2016-08-06,41.34460831,43016,1022131.36180905
2016-08-07,27.72630824,42315,1006641.46823697
2016-08-08,29.17303336,42076,1010265.47168348
2016-08-09,27.85198030,41694,1007216.10158311
2016-08-10,28.50018521,41635,1011347.62563238
2016-08-11,27.49515976,41427,1010768.02546816
2016-08-12,28.22273995,41424,1014890.79237288
2016-08-13,26.34335324,41314,1016577.96830814
2016-08-14,24.99875937,41686,1030788.38724374
2016-08-15,62.22232031,41454,1028088.37500000
2016-08-16,33.21261176,42125,1045323.40132450
2016-08-17,29.20625787,41581,1041095.23446328
2016-08-18,28.23725268,41446,1043415.93682881
2016-08-19,29.00398823,41393,1046784.42185339
2016-08-20,27.80413955,41431,1053602.67411444
2016-08-21,30.27589049,41621,1063500.30303030
2016-08-22,21.99575868,41493,1062929.86339896
2016-08-23,44.88014496,42536,1082805.02623907
2016-08-24,24.57218555,41837,1066358.45052796
2016-08-25,41.36935737,42409,1084575.49215686
2016-08-26,19.73948053,41868,1074642.78609191
2016-08-27,35.10383470,42390,1079253.12650046
2016-08-28,27.79121430,42018,1072473.90086831
2016-08-29,26.73540209,42190,1085158.27497575
2016-08-30,37.09379800,42205,1088477.67830424
2016-08-31,28.62355960,41988,1084953.79714841
2016-09-01,29.21790329,41606,1081266.89699571
2016-09-02,29.88676429,41518,1082358.05697279
2016-09-03,30.28761406,41423,1085235.01220339
2016-09-04,27.95151170,41329,1089148.74843554
2016-09-05,40.74547040,41928,1109598.82051282
2016-09-06,26.55451129,41733,1105017.54951456
2016-09-07,38.00170845,41919,1113763.76888080
2016-09-08,27.55018926,41327,1107382.12467724
2016-09-09,27.36689075,41306,1110424.87113402
2016-09-10,16.54070732,41939,1128415.41084927
2016-09-11,21.92959223,41912,1120140.27701375
2016-09-12,29.13289449,42663,1119533.66246851
2016-09-13,28.70281489,42197,1112086.28122192
2016-09-14,39.47469346,42377,1121287.12975391
2016-09-15,31.97625162,41977,1113494.48539909
2016-09-16,33.54773901,41735,1116209.36935167
2016-09-17,30.45983720,41648,1120419.74078212
2016-09-18,24.32910878,41709,1130260.65561044
2016-09-19,29.20280500,41506,1126893.40350877
2016-09-20,29.94515775,42183,1136916.10262418
2016-09-21,28.26829731,41761,1126881.79787234
2016-09-22,43.54370509,42698,1158377.91454965
2016-09-23,25.44833099,41878,1144352.08588317
2016-09-24,57.06173469,43200,1181269.48453608
2016-09-25,31.08624258,42207,1158527.40978311
2016-09-26,37.57747801,42093,1163040.49479941
2016-09-27,21.23502524,42031,1171334.17154309
2016-09-28,25.66419427,41812,1167252.07477820
2016-09-29,26.77312000,42422,1164982.51982216
2016-09-30,28.17645469,42127,1159587.39578947
2016-10-01,38.08855810,42817,1175099.37646334
2016-10-02,38.73767148,42416,1172298.81702899
2016-10-03,28.02939196,42343,1182085.82048647
2016-10-04,62.77390644,43365,1214885.32456140
2016-10-05,33.96796734,42460,1193247.38204833
2016-10-06,36.56541042,42236,1198465.24753868
2016-10-07,24.73796362,42017,1198165.79550102
2016-10-08,60.15085690,42490,1208823.58974359
2016-10-09,19.55891701,42413,1202652.35756114
2016-10-10,43.49658590,43167,1200199.83762376
2016-10-11,35.43945373,42503,1182408.44131679
2016-10-12,52.24476044,42990,1215609.31097561
2016-10-13,27.47422077,42299,1203120.26887598
2016-10-14,61.51395851,43430,1239526.55185185
2016-10-15,35.57269444,42683,1220111.15925627
2016-10-16,31.52198337,42273,1219911.35446313
2016-10-17,20.50224028,42169,1223941.31041415
2016-10-18,27.72496303,41977,1215968.85115607
2016-10-19,37.47356697,42555,1211790.11530398
2016-10-20,48.46553185,42248,1215256.16326531
2016-10-21,29.52872182,42207,1223664.99863714
2016-10-22,62.94760331,43246,1258421.48214286
2016-10-23,36.09350713,42530,1239282.21776316
2016-10-24,22.85618930,42151,1245741.48089983
2016-10-25,25.18633354,41836,1238058.00522876
2016-10-26,33.63275633,42443,1236370.86791148
2016-10-27,77.90964297,42498,1246280.10344828
2016-10-28,31.69934506,42515,1251236.38978162
2016-10-29,30.54289513,42122,1241078.28039702
2016-10-30,47.10053822,43027,1272008.94799054
2016-10-31,33.54817509,42249,1255668.20955671
2016-11-01,37.46103864,42553,1279469.06861199
2016-11-02,37.05503674,42132,1272933.81183932
2016-11-03,34.36044918,41954,1274208.92628399
2016-11-04,41.99756051,42093,1287676.31888545
2016-11-05,35.93795820,41551,1278180.24094088
2016-11-06,34.21364643,41511,1287885.05355355
2016-11-07,37.31044349,41506,1291743.82958580
2016-11-08,36.43282879,41828,1309928.10065646
2016-11-09,38.45029686,41444,1304088.47124601
2016-11-10,22.74850863,41580,1314907.81119836
2016-11-11,57.67375605,42242,1318524.54347826
2016-11-12,30.97165094,41910,1307291.19436250
2016-11-13,65.74298793,43070,1346052.27884615
2016-11-14,37.65018587,42113,1321871.02166745
2016-11-15,41.13537471,41850,1322668.20554855
2016-11-16,27.14425297,42012,1340780.43760984
2016-11-17,25.26185087,41706,1334639.13758599
2016-11-18,30.62864603,42378,1334936.93770339
2016-11-19,28.73446118,42026,1326918.75583658
2016-11-20,37.53401852,42577,1337905.01950867
2016-11-21,38.95715855,42152,1325791.52913753
2016-11-22,51.58053146,43137,1374914.69969040
2016-11-23,37.90430566,42272,1355049.80672870
2016-11-24,37.31886895,42107,1359861.33444816
2016-11-25,40.14352240,42122,1367098.25882353
2016-11-26,23.73512304,41746,1362381.24610697
2016-11-27,46.66371505,42923,1379426.68571429
2016-11-28,21.16353859,42119,1351120.96066863
2016-11-29,44.62000769,42853,1349345.05093834
2016-11-30,38.33234261,42457,1331725.42580645
2016-12-01,38.33737225,42388,1342724.61439732
2016-12-02,35.63055414,42071,1334363.92682927
2016-12-03,32.78967679,42883,1377225.31096849
2016-12-04,33.16794180,42526,1366088.25614367
2016-12-05,53.36661341,43181,1388489.18740630
2016-12-06,41.47620517,42343,1369066.99332889
2016-12-07,42.77798041,42195,1379555.87109688
2016-12-08,39.84194711,42090,1389229.17842566
2016-12-09,26.89827091,42141,1408157.47987616
2016-12-10,25.94868202,41813,1398071.49211528
2016-12-11,27.93534135,42399,1395585.15174603
2016-12-12,25.87983017,42047,1386424.17624021
2016-12-13,34.89827318,42741,1387634.49874477
2016-12-14,29.33623373,42280,1375174.74761666
2016-12-15,42.73497200,42960,1392063.22092223
2016-12-16,37.51855307,42515,1379049.08218126
2016-12-17,18.00565676,42769,1408237.77137871
2016-12-18,20.71289641,42323,1393415.48723724
2016-12-19,40.87937969,43155,1380180.23354565
2016-12-20,37.44713023,42716,1366993.52756410
2016-12-21,52.51025462,43331,1406152.83982684
2016-12-22,41.32836021,42702,1387956.30499562
2016-12-23,39.89485605,42457,1398832.55172414
2016-12-24,44.58760930,42782,1425965.99436620
2016-12-25,40.72753241,42560,1420211.31503268
2016-12-26,38.66829646,42837,1451183.17774086
2016-12-27,27.54247937,42253,1432855.83726415
2016-12-28,40.77379968,43000,1443821.67058824
2016-12-29,32.40811419,42487,1427943.42522757
2016-12-30,51.12471992,43237,1455217.33995037
2016-12-31,41.91801512,42708,1439136.51553931
2017-01-01,33.06453658,42730,1465001.70663812
2017-01-02,23.35961448,42326,1455595.17269076
2017-01-03,38.96780704,43073,1452347.35258724
2017-01-04,29.64056594,42591,1438062.83509068
2017-01-05,46.65366936,43278,1453540.41080039
2017-01-06,39.22680829,42818,1439309.23540670
2017-01-07,71.19918651,43692,1491699.36253776
2017-01-08,47.43009764,42988,1471079.14253898
2017-01-09,27.05314788,42519,1479585.92447130
2017-01-10,63.59173954,43341,1494391.39072848
2017-01-11,35.93626762,42786,1472299.93061493
2017-01-12,107.26878834,43017,1487107.62857143
2017-01-13,45.08062765,43135,1493154.96331058
2017-01-14,86.76160854,43358,1521937.35031847
2017-01-15,24.14223936,42566,1503904.21056172
2017-01-16,61.55465057,42198,1488962.47963801
2017-01-17,36.54515744,42929,1492458.66438356
2017-01-18,89.68104565,43738,1527131.52173913
2017-01-19,44.51134217,43142,1508015.74699352
2017-01-20,80.35578436,43228,1530692.52606635
2017-01-21,26.48894406,42594,1519850.10696435
2017-01-22,60.50114119,43407,1531208.64893617
2017-01-23,38.06355666,42866,1507603.55428571
2017-01-24,46.08650977,42625,1502385.96521739
2017-01-25,32.91901373,43128,1529541.12413074
2017-01-26,85.50022198,43572,1541389.94444444
2017-01-27,26.09008353,43109,1522778.13020833
2017-01-28,67.15530556,44070,1531890.86206897
2017-01-29,58.62105638,43753,1519463.04084507
2017-01-30,31.01159695,43127,1534329.62237762
2017-01-31,67.90361483,44028,1554112.28125000
2017-02-01,32.00591062,43106,1521890.84356035
2017-02-02,79.98223494,43909,1542931.61904762
2017-02-03,28.31350210,43205,1517048.77123955
2017-02-04,65.25736258,43992,1527810.74117647
2017-02-05,32.55184102,43237,1501637.14052174
2017-02-06,79.02117079,44457,1543282.00000000
2017-02-07,38.15122361,43389,1505878.80200334
2017-02-08,98.20865180,42874,1492716.93478261
2017-02-09,34.93887614,43502,1522224.93501048
2017-02-10,83.13261996,44506,1557003.00000000
2017-02-11,29.58985540,43457,1520455.67192862
2017-02-12,74.79252352,44032,1526986.82786885
2017-02-13,34.68068399,43514,1508127.21416175
2017-02-14,87.00150676,44461,1543699.44252874
2017-02-15,51.89092416,43605,1513771.35427221
2017-02-16,142.22418837,44673,1609115.66666667
2017-02-17,59.65226733,43920,1582083.76040021
2017-02-18,57.11251789,43728,1621324.84627093
2017-02-19,61.01329034,43352,1622402.86177474
2017-02-20,61.88118135,42932,1625245.28380282
2017-02-21,58.23458225,42571,1642958.23376623
2017-02-22,56.10591197,42311,1654196.32401656
2017-02-23,56.44109239,42108,1665458.74216251
2017-02-24,56.74233841,42102,1694303.36903039
2017-02-25,49.69354525,41793,1702944.90868167
2017-02-26,48.27210267,41711,1707804.74069899
2017-02-27,54.73548283,42082,1740893.93198529
2017-02-28,57.34721691,41701,1741586.27376033
2017-03-01,50.89360559,41424,1746492.04970286
2017-03-02,52.92393035,41442,1763724.19866920
2017-03-03,57.03906350,41442,1775540.95365322
2017-03-04,56.33914308,41520,1793573.10264901
2017-03-05,47.91431526,41653,1824031.69512195
2017-03-06,58.85962518,42051,1854085.43267974
2017-03-07,56.88533918,41692,1843313.61347518
2017-03-08,62.38265775,41727,1867146.95363812
2017-03-09,56.18897373,41430,1875016.92697466
2017-03-10,55.00041957,41366,1889898.83048530
2017-03-11,52.63123620,41171,1894251.25691906
2017-03-12,55.11292602,41385,1916532.03733122
2017-03-13,56.18650811,41188,1916255.96038804
2017-03-14,54.97134565,41060,1922535.22073579
2017-03-15,51.76897274,40928,1926343.43131188
2017-03-16,55.71463356,41129,1947155.31749850
2017-03-17,54.75361630,41051,1951953.17193240
2017-03-18,56.47637656,41324,1977046.70290965
2017-03-19,57.49127172,41052,1971943.67181751
2017-03-20,46.28276939,41244,1995681.64195867
2017-03-21,49.46496073,41647,2014673.48342328
2017-03-22,99.33280417,41197,1997030.21276596
2017-03-23,58.39112281,42114,2043567.86714286
2017-03-24,52.44758507,41667,2030266.99312533
2017-03-25,53.66321526,41853,2051535.66485998
2017-03-26,45.06798962,42006,2069362.83759591
2017-03-27,43.22906686,41677,2053845.09957806
2017-03-28,57.08537816,42411,2076504.69000000
2017-03-29,39.25657111,41758,2051221.40959556
2017-03-30,42.51965801,41788,2052956.68765133
2017-03-31,31.96476966,42048,2040404.51561975
2017-04-01,61.78315015,42917,2042100.04488330
2017-04-02,58.82362607,42393,2015404.31188925
2017-04-03,49.38402915,42115,2014820.84037162
2017-04-04,40.12460008,42068,2021173.06955381
2017-04-05,59.49724155,42690,2030555.36974038
2017-04-06,49.98639606,42195,2007322.55247059
2017-04-07,37.18657221,42911,2059530.47185430
2017-04-08,37.70338907,42541,2042253.30078125
2017-04-09,36.17302041,42829,2027792.02371134
2017-04-10,36.45334427,42449,2011363.74159292
2017-04-11,41.17392871,43124,2008855.27542373
2017-04-12,36.16688088,42695,1989306.01861575
2017-04-13,33.55210505,43141,1983988.77386197
2017-04-14,39.37542019,42699,1964420.61409214
2017-04-15,50.16805744,43466,1970134.73293323
2017-04-16,46.22592904,43063,1952178.85261876
2017-04-17,39.31720422,43487,1978762.58620690
2017-04-18,44.15898246,43083,1960691.62827822
2017-04-19,46.68601122,43586,1973747.31903114
2017-04-20,49.00748510,43203,1957845.50903226
2017-04-21,48.95554131,43564,1981620.34267913
2017-04-22,47.93098935,43198,1966354.65007541
2017-04-23,117.26635154,44238,2021387.08888889
2017-04-24,45.49009447,43459,1986123.72527855
2017-04-25,41.37946312,43644,1997608.17647059
2017-04-26,43.45116369,43258,1979740.56987690
2017-04-27,54.84571462,43978,2002690.68387097
2017-04-28,40.59086978,43513,1981754.89209949
2017-04-29,36.94785501,43773,1980883.57933972
2017-04-30,37.22831568,43389,1963902.72150000
2017-05-01,44.53744725,43866,1961626.64617169
2017-05-02,39.98338226,43452,1943828.09229305
2017-05-03,61.79407087,43877,1953442.72085646
2017-05-04,54.53252437,43481,1936163.69613878
2017-05-05,53.47214538,44019,1999033.74967405
2017-05-06,53.13042667,43655,1983001.14306016
2017-05-07,48.23484695,43924,2015874.17283019
2017-05-08,49.14189452,43559,1999319.02368758
2017-05-09,46.77540090,43988,2028001.22293814
2017-05-10,45.55754539,43614,2011248.08388626
2017-05-11,43.82092996,43932,2025183.99717248
2017-05-12,42.97109653,43561,2008347.87568157
2017-05-13,40.23658149,43886,2015315.50442478
2017-05-14,41.82003405,43510,1998230.24650572
2017-05-15,66.79474813,44059,2009577.63312203
2017-05-16,59.05803124,43596,1989459.52902519
2017-05-17,62.23585884,44166,2064218.61243144
2017-05-18,62.19866225,43683,2047223.12360387
2017-05-19,63.18488074,43531,2054233.07489451
2017-05-20,37.00680664,43097,2057107.99660095
2017-05-21,93.89168125,43333,2053629.38297872
2017-05-22,43.20490647,43211,2034887.34471218
2017-05-23,107.65120675,43687,2052720.44444444
2017-05-24,40.00328071,43312,2031078.50586207
2017-05-25,102.40722942,43515,2032778.26666667
2017-05-26,43.31370545,43353,2016019.46065518
2017-05-27,101.57119664,44300,2052407.78260870
2017-05-28,40.79024961,43409,2009766.50567986
2017-05-29,97.76265293,44330,2038321.48780488
2017-05-30,54.50719972,43472,1998303.15763219
2017-06-01,49.51942891,43603,2033041.19281729
2017-06-02,121.75246892,44480,2081862.88235294
2017-06-03,47.65880465,43572,2040745.85375086
2017-06-04,130.11933791,43271,2029375.60000000
2017-06-05,45.37799231,43615,2047901.27477477
2017-06-06,114.25339841,44461,2082754.46376812
2017-06-07,47.85333590,43624,2045237.05114823
2017-06-08,125.35097359,44614,2097004.07142857
2017-06-09,50.53478874,43657,2053302.23240418
2017-06-10,157.29115945,44054,2082048.37500000
2017-06-11,48.37243661,43689,2069471.22839943
2017-06-12,117.73281890,44308,2101668.13636364
2017-06-13,42.45167001,43611,2070545.80495575
2017-06-14,103.01223684,44253,2090928.55172414
2017-06-15,38.08343518,43548,2055526.08073458
2017-06-16,97.68939231,44015,2061862.50000000
2017-06-17,37.51025492,43568,2033938.44814429
2017-06-18,94.95417281,44406,2050481.23529412
2017-06-19,38.73139359,43594,2011455.45837651
2017-06-20,111.39651546,43775,2010995.44117647
2017-06-21,39.15341551,43648,1996736.50586207
2017-06-22,101.46169428,44179,2007657.70270270
2017-06-23,42.66590089,43668,1980900.53449454
2017-06-24,113.44106988,44079,1996917.78947368
2017-06-25,42.95091001,43728,1979461.41289199
2017-06-26,113.95338903,44257,1999975.44736842
2017-06-27,44.86006741,43734,1975564.78581220
2017-06-28,118.00147839,44365,2004690.90476190
2017-06-29,46.03598312,43771,1978208.53701165
2017-06-30,121.30576001,44557,2016279.93577982
2017-07-01,58.42585334,43805,1982605.17540813
2017-07-02,181.24248044,44850,2073601.66666667
2017-07-03,57.16498283,43930,2034025.55154415
2017-07-04,108.77382688,44300,2076859.81276596
2017-07-05,74.67484037,43398,2038713.19087452
2017-07-06,70.05048537,42907,2052766.04400000
2017-07-07,70.70418524,42660,2066835.17575758
2017-07-08,70.89111829,42396,2081455.39215686
2017-07-09,69.64277766,42275,2106484.40805604
2017-07-10,72.16539744,42025,2117822.29547325
2017-07-11,74.11329518,41705,2120009.77012522
2017-07-12,75.19648127,41593,2146026.07701149
2017-07-13,73.97253804,41033,2137194.49239865
2017-07-14,71.86692862,40638,2139236.25803403
2017-07-15,69.16610232,40361,2145099.50995575
2017-07-16,64.58440842,39945,2142787.23869985
2017-07-17,62.24570133,40035,2166719.08494208
2017-07-18,59.49823168,40018,2179973.08342541
2017-07-19,58.08168627,40149,2196477.30861552
2017-07-20,59.29929889,40609,2228125.22936358
2017-07-21,61.04942417,41374,2278312.41577061
2017-07-22,61.81195678,41314,2283185.94135802
2017-07-23,62.23167282,41147,2281768.56663941
2017-07-24,61.62502226,41023,2284550.27818930
2017-07-25,60.32123082,40713,2274213.38792390
2017-07-26,58.81706760,40500,2268350.35127273
2017-07-27,57.66546300,40419,2268418.32756437
2017-07-28,59.32172856,41052,2307334.33259424
2017-07-29,59.79366376,41126,2314711.74316109
2017-07-30,60.27334960,41122,2319759.16476462
2017-07-31,60.51647715,41007,2317848.24363234
2017-08-01,61.85876512,41159,2331549.68296796
2017-08-02,62.38146698,41235,2342885.27638191
2017-08-03,62.33431447,41054,2339987.28571429
2017-08-04,61.83034707,40872,2336105.59752547
2017-08-05,61.44038074,40802,2339250.14584696
2017-08-06,60.68711904,40771,2343618.44501940
2017-08-07,60.85513646,40773,2348803.88415446
2017-08-08,61.00576176,40972,2365086.01917989
2017-08-09,61.26786917,40993,2370590.37524430
2017-08-10,61.51831831,41004,2376763.08706315
2017-08-11,62.29419854,41046,2384391.29338235
2017-08-12,62.70982653,41132,2395608.65632458
2017-08-13,62.77484035,41044,2396311.52575865
2017-08-14,62.76159174,40962,2397457.61049180
2017-08-15,63.29727768,40957,2403267.50122399
2017-08-16,64.23269008,41140,2421425.15755627
2017-08-17,64.56849531,41157,2429950.09210526
2017-08-18,64.50708801,41025,2427987.63789152
2017-08-19,64.36726026,40886,2426921.87558685
2017-08-20,64.52646096,40939,2438067.13422347
2017-08-21,64.37364350,40929,2444796.70738844
2017-08-22,64.33344598,40911,2450771.37176799
2017-08-23,64.62912028,40956,2460003.56069008
2017-08-24,64.67343122,40984,2469242.86970899
2017-08-25,64.44834851,40883,2469631.90393413
2017-08-26,63.32616691,40818,2471630.96896552
2017-08-27,62.75533716,40563,2459949.26116303
2017-08-28,62.75607967,40815,2479418.10711818
2017-08-29,62.47485183,40871,2486645.66546112
2017-08-30,62.22205874,40831,2486719.62177251
2017-08-31,62.86284682,40932,2495418.72920892
2017-09-01,65.10086615,41278,2518974.28268551
2017-09-02,67.34483288,41631,2546968.95161290
2017-09-03,68.91700050,41522,2547383.03582803
2017-09-04,69.68022426,41348,2546749.95304835
2017-09-05,70.11644808,41137,2543815.18243243
2017-09-06,69.88567503,40997,2544892.68349865
2017-09-07,69.45697978,40919,2550318.73172368
2017-09-08,68.44271156,40798,2553920.63989290
2017-09-09,68.35991506,40750,2558861.25720621
2017-09-10,68.03850785,40859,2574126.96293495
2017-09-11,66.78674386,40778,2576893.21293970
2017-09-12,66.41874744,40682,2576298.62500000
2017-09-13,65.63274364,40742,2585356.46290801
2017-09-14,65.92641619,40829,2594860.96636086
2017-09-15,65.61786633,40932,2605048.89783491
2017-09-16,64.68638348,40836,2602942.67733508
2017-09-17,64.71468995,40751,2599386.26897690
2017-09-18,64.01733935,40808,2604730.66602687
2017-09-19,64.36269598,40836,2607313.67692308
2017-09-20,66.01899641,41216,2632929.10657895
2017-09-21,67.24225923,41374,2645413.81690141
2017-09-22,67.90065823,41279,2643202.04806867
2017-09-23,67.96536130,41136,2638935.61425577
2017-09-24,67.99086593,40973,2633918.63642341
2017-09-25,67.72458997,40903,2634622.90852228
2017-09-26,67.15763461,40856,2636229.87290503
2017-09-27,66.53610983,40809,2637267.94298575
2017-09-28,65.97473546,40719,2634606.64392991
2017-09-29,65.77683803,40810,2643185.74180865
2017-09-30,65.46191181,40839,2647055.16510454
2017-10-01,65.34356769,40888,2651612.90006246
2017-10-02,65.29355890,40827,2648605.42577598
2017-10-03,65.84746817,40976,2658858.99463007
2017-10-04,67.00822077,41190,2674249.79587482
2017-10-05,67.57527677,41166,2674908.00295421
2017-10-06,68.05139160,41086,2672868.44421769
2017-10-07,68.27266340,41093,2677256.64784053
2017-10-08,67.63898584,40926,2670205.61200000
2017-10-09,66.45504421,40751,2662314.58776807
2017-10-10,65.12574002,40540,2650989.63457484
2017-10-11,63.80614607,40512,2649648.37024457
2017-10-12,63.33713260,40563,2651477.42090620
2017-10-13,65.87387592,41142,2685392.36041940
2017-10-14,67.91717243,41537,2710113.78664620
2017-10-15,69.40270529,41534,2712602.90564516
2017-10-16,70.43329319,41357,2705528.44827586
2017-10-17,71.06596769,41244,2704512.70336391
2017-10-18,70.66888379,41046,2699314.15451505
2017-10-19,70.92708119,40876,2694160.26645768
2017-10-20,70.51968382,40930,2705112.16885813
2017-10-21,70.66126853,40821,2703840.37892702
2017-10-22,72.78032198,41225,2738647.07980846
2017-10-23,74.53169496,41287,2752261.20206871
2017-10-24,79.71389964,41435,2770139.87505189
2017-10-25,91.54114097,43398,2934702.69135802
2017-10-26,95.54390814,42633,2898662.95485327
2017-10-27,95.11091695,41550,2833616.16698292
2017-10-28,93.65222207,40984,2814040.21084337
2017-10-29,88.83841947,40519,2809259.89082969
2017-10-30,84.83940573,39896,2778366.63154147
2017-10-31,86.88285801,40689,2871062.50586510
2017-11-01,85.39177807,40830,2907274.20106289
2017-11-02,84.17066887,40577,2904987.68481375
2017-11-03,85.26313852,40981,2957503.60825688
2017-11-04,84.93181054,40950,2972213.34927235
2017-11-05,83.70732685,40817,2981092.24207961
2017-11-06,82.22362592,40636,2981399.06526173
2017-11-07,80.15874653,40556,2991152.02425181
2017-11-08,80.92391937,40660,3008904.34055265
2017-11-09,80.84547823,40952,3041847.28996865
2017-11-10,79.65637391,40804,3040919.15443787
2017-11-11,79.49108211,40742,3044088.21983471
2017-11-12,78.99735010,40811,3056299.41067457
2017-11-13,78.77254185,40824,3064209.35532995
2017-11-14,78.31167798,40852,3072233.52552553
2017-11-15,77.47049432,40808,3073554.32810271
2017-11-16,76.44236480,40726,3071351.55477258
2017-11-17,75.36402902,40651,3067869.91256831
2017-11-18,74.61619099,40665,3068988.59557867
2017-11-19,75.06650344,40789,3077600.02481752
2017-11-20,74.91312840,40929,3087317.65564087
2017-11-21,75.17416454,40911,3085467.27732342
2017-11-22,75.01231808,40998,3091697.70991254
2017-11-23,74.06855475,40797,3076438.96306306
2017-11-24,71.93060157,40595,3060178.34330840
2017-11-25,68.76529199,40298,3034387.83408748
2017-11-26,66.01863984,40102,3013413.73604061
2017-11-27,65.21980760,40013,2997235.48597654
2017-11-28,72.69394230,41796,3097706.77384393
2017-11-29,77.83120287,42427,3133809.44915254
2017-11-30,83.89150331,42501,3142366.66695502
2017-12-01,88.20735949,42285,3135880.51266586
2017-12-02,89.74976227,41801,3110538.20860215
2017-12-03,88.95105524,41273,3085355.22322581
2017-12-04,86.18171086,40660,3050761.00311526
2017-12-05,84.23248948,40295,3035240.50543242
2017-12-06,85.47400266,40935,3103336.77967359
2017-12-07,85.98818313,41034,3123428.83249158
2017-12-08,85.39963965,40973,3131853.84934666
2017-12-09,84.62571837,40786,3128394.08376194
2017-12-10,83.17526065,40739,3136813.71578160
2017-12-11,80.59411015,40568,3133245.40748163
2017-12-12,79.21418777,40406,3125914.51829724
2017-12-13,76.30481225,40454,3133331.82644628
2017-12-14,72.92345269,40164,3111307.99305556
2017-12-15,71.42615548,40105,3102287.32114246
2017-12-16,74.89608274,40916,3152073.24903368
2017-12-17,78.49998447,41713,3204759.79221682
2017-12-18,81.23545311,41816,3213059.41394928
2017-12-19,83.54130884,41672,3207094.95833333
2017-12-20,85.07393688,41429,3195941.68273867
2017-12-21,84.85098278,41186,3184905.98263889
2017-12-22,84.37311614,40985,3178700.91211226
2017-12-23,83.32161873,40779,3171736.76142525
2017-12-24,81.33367864,40638,3169618.02965517
2017-12-25,79.81823934,40451,3160612.17996401
2017-12-26,79.31001542,40702,3184340.38535800
2017-12-27,77.55047264,40612,3179623.64760433
2017-12-28,76.04968595,40502,3171523.49858035
2017-12-29,75.48093461,40654,3180691.96496146
2017-12-30,74.53232755,40692,3179978.63029990
2017-12-31,76.34260666,40845,3186667.48554283
2018-01-01,79.17578257,41443,3227866.74435543
2018-01-02,81.75042288,41575,3238376.24405507
2018-01-03,84.50647700,41602,3245159.59738372
2018-01-04,86.70849272,41489,3243336.41193182
2018-01-05,88.65100368,41527,3257793.97334559
2018-01-06,88.67877590,41247,3247117.43274336
2018-01-07,87.96859195,40916,3232214.47062706
2018-01-08,87.20208617,40827,3238534.97711812
2018-01-09,88.10176101,40805,3246840.61568938
2018-01-10,87.97467788,41031,3278864.80296610
2018-01-11,86.72553264,40810,3271481.73163186
2018-01-12,85.42613259,40692,3270931.92086331
2018-01-13,86.43542594,40816,3288915.39598662
2018-01-14,85.97956983,40968,3310690.00000000
2018-01-15,86.56620763,40921,3314660.36382536
2018-01-16,86.60019273,40965,3325539.58326068
2018-01-17,86.08113663,40958,3332444.13862816
2018-01-18,84.84168053,40771,3324125.89129053
2018-01-19,83.87210273,40732,3326250.27458121
2018-01-20,82.23694309,40704,3327879.15491867
2018-01-21,79.55967731,40483,3311645.35471204
2018-01-22,78.22327728,40326,3297903.91855808
2018-01-23,76.71832818,40578,3313396.37110312
2018-01-24,76.35258509,40626,3310825.06462781
2018-01-25,76.39464725,40859,3321036.01706485
2018-01-26,76.72546712,40916,3319007.80122951
2018-01-27,77.52776241,41070,3324119.97915389
2018-01-28,77.92567767,41053,3317111.07404844
2018-01-29,78.60954514,41029,3311494.89507959
2018-01-30,79.39491224,41118,3315200.90085922
2018-01-31,80.06201493,41084,3310491.35511364
2018-02-01,81.06980426,41151,3315279.98780488
2018-02-02,82.28088073,41127,3313803.52341920
2018-02-03,84.31737081,41341,3333206.83539945
2018-02-04,85.33344405,41303,3334715.15231788
2018-02-05,85.74124475,41118,3325285.71746293
2018-02-06,86.11775959,41053,3326434.12943633
2018-02-07,85.98272083,40996,3329431.00955882
2018-02-08,84.54352658,40812,3321344.26142857
2018-02-09,83.70656597,40677,3315148.92978395
2018-02-10,82.95074267,40698,3320865.39380282
2018-02-11,82.22473379,40820,3333786.82334133
2018-02-12,81.21393444,40697,3325305.17190635
2018-02-13,80.83414583,40761,3330143.76981611
2018-02-14,80.35291748,40817,3333570.86658114
2018-02-15,79.78403587,40858,3334989.45615142
2018-02-16,80.21297295,40814,3329391.58039216
2018-02-17,79.95100128,40928,3336525.97124413
2018-02-18,80.86870727,41012,3341422.07417582
2018-02-19,81.66798238,41127,3349500.47207447
2018-02-20,82.49646797,41153,3351434.49837925
2018-02-21,82.84434347,41111,3349071.21877205
2018-02-22,82.89332048,41017,3343579.35429344
2018-02-23,82.73393383,40923,3338131.90388848
2018-02-24,82.34814368,40875,3336033.44731333
2018-02-25,82.23324927,40858,3336140.32070707
2018-02-26,82.97182658,40993,3348036.34782609
2018-02-27,83.51040109,41105,3358861.67681347
2018-02-28,83.90969906,41045,3356579.78305622
2018-03-01,83.90392805,40976,3353529.96562123
2018-03-02,84.95304005,41087,3365843.54397635
2018-03-03,84.66016699,41074,3369153.97284345
2018-03-04,83.71144701,40869,3356219.28943338
2018-03-05,83.08408112,40702,3345139.96257916
2018-03-06,83.46474892,40891,3362556.28851744
2018-03-07,83.13762104,40933,3367722.30451415
2018-03-08,82.30731404,40851,3362601.63799551
2018-03-09,81.10485618,40701,3351006.07195572
2018-03-10,81.45144772,40779,3356351.11726576
2018-03-11,82.01005145,41035,3375539.23740053
2018-03-12,82.93410417,41063,3377383.12568639
2018-03-13,83.48925026,41084,3379903.90838710
2018-03-14,83.89517420,41047,3378364.60317460
2018-03-15,84.60749086,41014,3377443.64694656
2018-03-16,85.56239275,41157,3392407.44490934
2018-03-17,85.82163256,41071,3389373.89946687
2018-03-18,85.20912014,40954,3384186.59275684
2018-03-19,85.12162644,40801,3374851.94848680
2018-03-20,85.26575012,40987,3393950.28366534
2018-03-21,84.22958264,40831,3384340.02368421
2018-03-22,84.07517449,40722,3377611.19076549
2018-03-23,84.47618846,40985,3401047.28353414
2018-03-24,84.07150067,40922,3397733.75408671
2018-03-25,84.14726492,40842,3392785.31857506
2018-03-26,86.15808516,41151,3419855.78197908
2018-03-27,86.81109428,41166,3424319.90626940
2018-03-28,87.78990092,41125,3425198.89138241
2018-03-29,87.54153806,41089,3427682.75102041
2018-03-30,87.63531973,40994,3425843.04600484
2018-03-31,86.47502651,40791,3414465.22613709
2018-04-01,85.34391519,40708,3411851.29740519
2018-04-02,82.52211390,40497,3396987.57654385
2018-04-03,83.23649555,40500,3396498.18442211
2018-04-04,85.71329750,41215,3453700.73684211
2018-04-05,87.52181624,41381,3469678.60565371
2018-04-06,88.24423869,41254,3463015.38070629
2018-04-07,89.00094187,41133,3457696.17368421
2018-04-08,88.14785072,40994,3453063.06927045
2018-04-09,87.45118239,40724,3435337.54381892
2018-04-10,87.58947508,40833,3449247.20707506
2018-04-11,87.26238233,40890,3458620.57924528
2018-04-12,86.24136217,40816,3456671.97831978
2018-04-13,86.36051259,40781,3456267.73479948
2018-04-14,86.35262344,40964,3474198.97238806
2018-04-15,86.10361674,40822,3464447.02286049
2018-04-16,87.15145598,40938,3476109.26963563
2018-04-17,87.60519590,41092,3492205.25214521
2018-04-18,87.73945885,40989,3486793.80470016
2018-04-19,87.71780839,40949,3487230.12365591
2018-04-20,88.07621178,40957,3491986.05103281
2018-04-21,88.45210995,40979,3497966.99783394
2018-04-22,87.90944657,40983,3502988.81617183
2018-04-23,88.51712394,40862,3495802.44705094
2018-04-24,89.76834459,41167,3526103.93303900
2018-04-25,90.23645449,41093,3525048.68021845
2018-04-26,90.80547882,41031,3525324.41105354
2018-04-27,91.12624040,41069,3535291.30565010
2018-04-28,89.86245728,40856,3524189.78161629
2018-04-29,89.67869374,40808,3525312.05450041
2018-04-30,88.42614489,40799,3529265.55456286
2018-05-01,88.40886084,40779,3530665.15988372
2018-05-02,88.08267885,40862,3540649.35135135
2018-05-03,87.75999794,40877,3544334.66862361
2018-05-04,87.76052063,40857,3544311.15489307
2018-05-05,88.25468836,41030,3560900.10020311
2018-05-06,88.23349952,40979,3558475.36891794
2018-05-07,87.90678299,40950,3558358.41337047
2018-05-08,89.25799591,40958,3560649.77049180
2018-05-09,91.91478452,41309,3593903.16130852
2018-05-10,95.51023404,41650,3630723.60403226
2018-05-11,96.63639545,41430,3620904.03351520
2018-05-12,96.94257754,41173,3607822.29586936
2018-05-13,95.80407996,40970,3602143.39779412
2018-05-14,94.16451968,40688,3587699.41028781
2018-05-15,93.68101494,40691,3596998.36639676
2018-05-16,93.25593193,40800,3614925.89777469
2018-05-17,92.27715111,40830,3625132.50907868
2018-05-18,91.40102902,40750,3623373.46012270
2018-05-19,90.85356960,40713,3624272.79397294
2018-05-20,90.82046450,40863,3641082.94653873
2018-05-21,90.67013083,40856,3643281.38885410
2018-05-22,91.65079180,40933,3652119.27311522
2018-05-23,92.45105328,41157,3675940.22026432
2018-05-24,92.88332578,41023,3668174.73342541
2018-05-25,93.04446413,41035,3674230.31975968
2018-05-26,92.79692353,40991,3675158.85367893
2018-05-27,91.33038525,40815,3663562.10866575
2018-05-28,90.63984467,40692,3655221.69373134
2018-05-29,90.16592087,40844,3670443.60315534
2018-05-30,90.62052172,40906,3676872.92406986
2018-05-31,90.20832705,40948,3681386.85403727
2018-06-01,91.32080030,40923,3679898.05359246
2018-06-02,92.75632442,41250,3711077.73998729
2018-06-03,93.61741849,41139,3704547.27625772
2018-06-04,93.60578256,40990,3695175.96645963
2018-06-05,93.99077127,41024,3703265.13431463
2018-06-06,93.01179962,40887,3695582.27204503
2018-06-07,92.82546116,40824,3693953.41585445
2018-06-08,93.02421641,40923,3706624.74956421
2018-06-09,93.74568483,40998,3717240.88967468
2018-06-10,94.07669270,41073,3728081.43000773
2018-06-11,94.34451629,40961,3722283.47701863
2018-06-12,95.00884408,41018,3733053.86771447
2018-06-13,95.50492083,41048,3741490.34260731
2018-06-14,95.06429116,40968,3740075.91418685
2018-06-15,94.84770278,40876,3737172.68878249
2018-06-16,94.79733803,40898,3744567.81351351
2018-06-17,94.07416238,40884,3748784.37454324
2018-06-18,94.19178556,40817,3746145.56224066
2018-06-19,95.51033205,41012,3767154.17122396
2018-06-20,96.56424942,41203,3789945.36830835
2018-06-21,97.11740856,41108,3786958.24301887
2018-06-22,97.10011250,41019,3785610.51543431
2018-06-23,95.70445794,40840,3775930.21038790
2018-06-24,95.39889558,40759,3773283.31144068
2018-06-25,95.60155129,40887,3789326.70270270
2018-06-26,95.20976281,40924,3797504.11365003
2018-06-27,96.46994360,40905,3799361.95367232
2018-06-28,97.73050880,41215,3833385.35486577
2018-06-29,97.94135671,41110,3829218.11791730
2018-06-30,96.40693106,40913,3816937.52957746
2018-07-01,94.20223191,40631,3794628.66344006
2018-07-02,91.58023719,40508,3785531.69368723
2018-07-03,88.40150979,40343,3769157.32551320
2018-07-04,86.69865770,40322,3762483.74227344
2018-07-05,85.38487474,40677,3783223.60839599
2018-07-06,86.31865483,40620,3769688.56993007
2018-07-07,92.28149898,41683,3849600.07176656
2018-07-08,95.14780759,41770,3853751.39758065
2018-07-09,97.91316813,41595,3839741.20739666
2018-07-10,99.91380132,41535,3840650.61511729
2018-07-11,100.07029621,41277,3825329.48346457
2018-07-12,99.93742224,41022,3810062.89573071
2018-07-13,98.46977529,40878,3806153.60103245
2018-07-14,96.27042278,40653,3792676.83654588
2018-07-15,93.16989467,40449,3778805.08359957
2018-07-16,93.36762012,40557,3789994.26432665
2018-07-17,93.09933608,40839,3815950.29581796
2018-07-18,93.02530123,40913,3822311.61394448
2018-07-19,93.89465339,40967,3827101.11352133
2018-07-20,94.07959175,41081,3838118.18081435
2018-07-21,93.93705676,40988,3830304.13092551
2018-07-22,93.73748964,40930,3825860.36106870
2018-07-23,92.93429104,40882,3821908.96114519
2018-07-24,91.69833870,40762,3810397.34813847
2018-07-25,91.82368223,40751,3807760.59343066
2018-07-26,91.30098655,40887,3817561.69416873
2018-07-27,91.19439309,40838,3810419.17891817
2018-07-28,90.49432066,40874,3810470.59076331
2018-07-29,90.78251592,40816,3801964.27762803
2018-07-30,91.38082684,41000,3815390.11629686
2018-07-31,91.65830640,41068,3818744.53429603
2018-08-01,92.19443269,41048,3814703.50213675
2018-08-02,92.69001098,41046,3813136.82014388
2018-08-03,93.97438721,41106,3818283.02356322
2018-08-04,96.04830338,41324,3839698.49506173
2018-08-05,98.35397745,41350,3845532.05967742
2018-08-06,99.74249944,41364,3852773.61279737
2018-08-07,100.40904519,41197,3845007.88159772
2018-08-08,100.13365745,41045,3839711.46211490
2018-08-09,99.36746857,40871,3831223.89117647
2018-08-10,97.78950232,40786,3831988.84996411
2018-08-11,95.69663043,40595,3819546.82511816
2018-08-12,95.24305424,40640,3827074.98150358
2018-08-13,95.90762783,40843,3848349.38942308
2018-08-14,95.57251485,40953,3861072.64195701
2018-08-15,95.06951564,40849,3853308.42955542
2018-08-16,95.54624348,40944,3863652.09984399
2018-08-17,95.65256596,40973,3867701.91459075
2018-08-18,95.88005722,41032,3875209.90838619
2018-08-19,95.28378851,40919,3866381.48270677
2018-08-20,95.11501851,40824,3858860.24464061
2018-08-21,95.07212157,40932,3869957.27424023
2018-08-22,95.09553516,40903,3868093.31686662
2018-08-23,94.70143295,40945,3873108.50577664
2018-08-24,94.46957376,40858,3865355.51203008
2018-08-25,93.72468997,40824,3862176.96041822
2018-08-26,92.65979254,40777,3856856.48808757
2018-08-27,92.43085670,40736,3851127.61005518
2018-08-28,92.82250593,40978,3870556.39368421
2018-08-29,92.84582393,40946,3865030.08030199
2018-08-30,92.97152219,40949,3862882.00992830
2018-08-31,95.09148058,41088,3873710.89507959
2018-09-01,96.07621612,41230,3886788.68547141
2018-09-02,96.54370076,41100,3876357.87649123
2018-09-03,97.58626586,41088,3877956.63316583
2018-09-04,98.90791281,41220,3895053.80210526
2018-09-05,99.94603996,41125,3891112.66309444
2018-09-06,101.38359303,41239,3909553.91147036
2018-09-07,101.70800062,41149,3909104.13869258
2018-09-08,100.12187143,40892,3892801.99155794
2018-09-09,98.04774471,40658,3877403.10046885
2018-09-10,96.93577555,40546,3871092.98473748
2018-09-11,97.08321923,40817,3900066.91629393
2018-09-12,96.93885433,40884,3908766.65348837
2018-09-13,97.38916319,40869,3909127.58559622
2018-09-14,97.95836657,41062,3930117.36827393
2018-09-15,98.22561500,40997,3927002.89378442
2018-09-16,97.50481042,40942,3924973.20057513
2018-09-17,96.72424306,40813,3915324.52673493
2018-09-18,97.45772337,40925,3927364.70179372
2018-09-19,97.73623827,41021,3938448.62668559
2018-09-20,97.75187290,40971,3936016.85630926
2018-09-21,97.28825946,40913,3932778.50632911
2018-09-22,97.37078130,40818,3925464.05433589
2018-09-23,98.28623108,41047,3949493.91885800
2018-09-24,98.17093318,41004,3948052.72902796
2018-09-25,98.55185293,40946,3945069.54410727
2018-09-26,98.91846449,41048,3958245.01868512
2018-09-27,98.33724205,40916,3948879.51204819
2018-09-28,98.46006366,40880,3948149.20934826
2018-09-29,98.14847825,40960,3958659.19627618
2018-09-30,97.29754649,40832,3948398.49197432
2018-10-01,96.87480980,40776,3944139.71101746
2018-10-02,97.01330702,40844,3951270.58779150
2018-10-03,96.82747423,40918,3958762.44821826
2018-10-04,98.65650731,41009,3967694.32184655
2018-10-05,100.17859740,41257,3993353.20000000
2018-10-06,100.61658646,41176,3989706.03166421
2018-10-07,100.38541813,40997,3976844.14455782
2018-10-08,99.58872047,40864,3968391.86179402
2018-10-09,98.96233729,40803,3966386.53542781
2018-10-10,98.72833987,40840,3972894.41314249
2018-10-11,98.87802159,40866,3977670.24830393
2018-10-12,99.09781055,40959,3988856.71398305
2018-10-13,98.42729737,40886,3984174.40305810
2018-10-14,98.80406739,40957,3992795.02050265
2018-10-15,99.13200919,40974,3996179.77269715
2018-10-16,99.70616069,41056,4006150.08320951
2018-10-17,100.49583335,41031,4006503.07295029
2018-10-18,100.82710198,41076,4015136.68490305
2018-10-19,100.66014810,40965,4008521.48228346
2018-10-20,101.82044437,41016,4017294.17161017
2018-10-21,102.41365531,41162,4037165.39495798
2018-10-22,101.93905351,40953,4022115.62867384
2018-10-23,101.36620471,40873,4019695.21359941
2018-10-24,100.35451106,40797,4016502.69235669
2018-10-25,99.98345755,40836,4023990.44616300
2018-10-26,100.56792057,40927,4035297.49511855
2018-10-27,101.11059959,41011,4045879.98037736
2018-10-28,100.75036800,41015,4049669.05697589
2018-10-29,100.06172602,40877,4039137.65888138
2018-10-30,100.60767491,40897,4043296.98333333
2018-10-31,100.69517650,41026,4058438.00129116
2018-11-01,100.92498161,41013,4059605.23167849
2018-11-02,100.91851344,40989,4059785.89623312
2018-11-03,99.93785189,40917,4055449.32076814
2018-11-04,98.67105619,40785,4044014.16875522
2018-11-05,97.46408694,40667,4032282.24695122
2018-11-06,97.11552870,40808,4043998.99553903
2018-11-07,98.14132464,40788,4039790.85338050
2018-11-08,102.70245265,41560,4112347.78602620
2018-11-09,105.51234041,41589,4118221.83020344
2018-11-10,108.12336668,41548,4120357.27561837
2018-11-11,109.92168804,41492,4125937.23228346
2018-11-12,109.57743994,41148,4103865.85530547
2018-11-13,108.54647143,40893,4090215.44548736
2018-11-14,107.38018965,40784,4091074.07275223
2018-11-15,106.52742720,40795,4103076.81717011
2018-11-16,104.50800640,40685,4100823.89249852
2018-11-17,103.06686398,40660,4104796.37114198
2018-11-18,101.58980142,40664,4108981.62849873
2018-11-19,100.92358130,40665,4110687.01430348
2018-11-20,101.55998491,40894,4133556.01076631
2018-11-21,102.38029568,40987,4143286.74601299
2018-11-22,104.45049388,41299,4176241.71833202
2018-11-23,105.29367277,41261,4175962.92492492
2018-11-24,105.85561436,41125,4166939.13787510
2018-11-25,104.99062703,41007,4161403.28904594
2018-11-26,104.05277123,40778,4143485.06014075
2018-11-27,103.96850906,40816,4151052.22871046
2018-11-28,103.86749736,40940,4166906.16690962
2018-11-29,103.40548668,40862,4162009.06973684
2018-11-30,101.90893822,40747,4153033.67277937
2018-12-01,102.06820931,40788,4157742.70892979
2018-12-02,101.99426016,40950,4174216.62894930
2018-12-03,101.48625128,40894,4168757.96391753
2018-12-04,102.78880189,40946,4173789.31607263
2018-12-05,104.02550267,41194,4199603.82589928
2018-12-06,104.27238057,41111,4193760.56378299
2018-12-07,103.97947306,40970,4182464.35424091
2018-12-08,103.15824631,40902,4178349.33953835
2018-12-09,101.76540016,40741,4163885.56210526
2018-12-10,101.41122346,40754,4165365.71791692
2018-12-11,102.02266134,40893,4178735.77192982
2018-12-12,102.32472836,41038,4192882.14977974
2018-12-13,102.37570798,40997,4188859.69552458
2018-12-14,102.95111826,41000,4189538.66734280
2018-12-15,102.65341150,40977,4187908.86746988
2018-12-16,102.29493746,40931,4184024.14941691
2018-12-17,102.36487688,40893,4180559.87468193
2018-12-18,102.88210093,40957,4187307.09426987
2018-12-19,103.63087716,41014,4193987.11654135
2018-12-20,104.98075668,41177,4212436.96077128
2018-12-21,106.34605789,41209,4218749.31161236
2018-12-22,107.00642640,41209,4223198.56688418
2018-12-23,106.51448811,41020,4209787.44212651
2018-12-24,105.82768939,40838,4196246.42498152
2018-12-25,105.07688384,40831,4200337.78426230
2018-12-26,104.68558994,40856,4206394.80912281
2018-12-27,103.98406614,40829,4206249.18033946
2018-12-28,103.22847886,40810,4206132.84072455
2018-12-29,103.25386403,40903,4216214.37666667
2018-12-30,102.81342525,40881,4214315.49566295
2018-12-31,101.83162297,40812,4206907.46030806
2019-01-01,101.78821465,40846,4209037.35704698
2019-01-02,101.95253997,40877,4210593.19120342
2019-01-03,104.22072651,41111,4232837.64831383
2019-01-04,105.67609010,41279,4250479.51836735
2019-01-05,107.09711017,41270,4252948.03361345
2019-01-06,107.73860276,41164,4247023.14350649
2019-01-07,108.30454265,41121,4248763.26592357
2019-01-08,108.69313646,41049,4247391.95308123
2019-01-09,108.69935083,40990,4249357.44867359
2019-01-10,109.48428371,40934,4250174.37334437
2019-01-11,110.08220688,41069,4271747.78994749
2019-01-12,110.08391859,41032,4276088.29502196
2019-01-13,109.40172063,40933,4274009.37313433
2019-01-14,107.84814692,40799,4267551.28561047
2019-01-15,106.27610252,40695,4261778.01716247
2019-01-16,106.52917877,40804,4276360.03712121
2019-01-17,106.72588342,40909,4289814.29760666
2019-01-18,108.38549307,41149,4317810.49846154
2019-01-19,109.90578902,41251,4332759.76454294
2019-01-20,110.22568999,41156,4329667.95352113
2019-01-21,110.22255695,40950,4313969.21717172
2019-01-22,110.21033761,40983,4324860.40944411
2019-01-23,111.39550274,40984,4331417.45300462
2019-01-24,111.47825722,41083,4349653.57754801
2019-01-25,111.12673737,40967,4345259.63914174
2019-01-26,110.72517386,40897,4345018.98410405
2019-01-27,111.16570336,40900,4351567.04461756
2019-01-28,110.95661652,40967,4365702.54858300
2019-01-29,111.47468272,40945,4369194.43107388
2019-01-30,110.81660422,40957,4377608.12400531
2019-01-31,110.20830134,40818,4368050.75249501
2019-02-01,110.30203391,40886,4380242.34465318
2019-02-02,109.86214943,40952,4392319.75689784
2019-02-03,108.10237616,40782,4378008.31246163
2019-02-04,107.61256115,40780,4379830.60326721
2019-02-05,108.79057861,40939,4397501.66048925
2019-02-06,109.33976643,41093,4415343.74831461
2019-02-07,109.01166810,41011,4409112.31989064
2019-02-08,109.01560107,40916,4400983.65338924
2019-02-09,108.84454189,40925,4404189.72407170
2019-02-10,109.34147919,40953,4408999.89452603
2019-02-11,109.83702501,40984,4414907.09751524
2019-02-12,113.75769991,41109,4430903.00072046
2019-02-13,117.22122446,41619,4492690.31672297
2019-02-14,118.93354864,41465,4487677.15839243
2019-02-15,118.79562890,41143,4464216.58239509
2019-02-16,116.16273348,40826,4441418.47307002
2019-02-17,111.90581921,40428,4407420.42298085
2019-02-18,106.69720143,40159,4383434.64062500
2019-02-19,100.79053364,40024,4367371.84575982
2019-02-20,101.14100544,40004,4358916.53594967
2019-02-21,110.61680874,41908,4534335.30116473
2019-02-22,116.73204632,42096,4554414.36305278
2019-02-23,120.68411580,41887,4540484.05800000
2019-02-24,122.55951787,41529,4513066.65126677
2019-02-25,123.90152348,41326,4506237.19301471
2019-02-26,123.37079588,41152,4504422.30031283
2019-02-27,120.84903277,40820,4481099.24108108
2019-02-28,117.51225685,40499,4458276.62196796
2019-03-01,117.46156398,40864,4515117.90070922
2019-03-02,115.60163354,40727,4509947.88186606
2019-03-03,113.20775772,40629,4506310.96472282
2019-03-04,111.47556627,40535,4500097.20728643
2019-03-05,110.07507247,40613,4510541.39175258
2019-03-06,108.46762560,40686,4518259.33775297
2019-03-07,108.44597002,40657,4512816.45598688
2019-03-08,110.17233004,41078,4554000.73769470
2019-03-09,111.46830807,41129,4557976.62150538
2019-03-10,111.82141502,41148,4560554.81753890
2019-03-11,113.35708108,41066,4552779.53514266
2019-03-12,114.67484853,41269,4578415.86998395
2019-03-13,114.00711054,41011,4553945.39681275
2019-03-14,112.11854281,40828,4538097.86842105
2019-03-15,109.32622794,40546,4509046.90030675
2019-03-16,108.05522975,40444,4497011.53686294
2019-03-17,109.65066421,41070,4559939.91858887
2019-03-18,110.08958740,41003,4550278.93493151
2019-03-19,110.73538601,41026,4551406.06385472
2019-03-20,112.91890506,41169,4566724.39001848
2019-03-21,115.71994563,41372,4591629.68949468
2019-03-22,117.14905910,41318,4590716.76535836
2019-03-23,117.23123762,41198,4584431.46779303
2019-03-24,114.21775512,40822,4549439.02801358
2019-03-25,108.97540641,40394,4506482.27813268
2019-03-26,109.48196959,40273,4492836.80294760
2019-03-27,112.66903467,41202,4588626.63228070
2019-03-28,114.44890319,41264,4596640.74499089
2019-03-29,116.51936075,41278,4601745.41507871
2019-03-30,117.81670774,41307,4610803.84006879
2019-03-31,117.64400139,41096,4594794.95841210
2019-04-01,118.57343486,41005,4592159.22361478
2019-04-02,120.30364297,41147,4617484.16166282
2019-04-03,120.44130108,41090,4621487.66120996
2019-04-04,119.86414730,40975,4618875.68971793
2019-04-05,117.75752234,40790,4606523.26290631
2019-04-06,112.74677698,40485,4579509.14274809
2019-04-07,107.26560062,40061,4533449.96324461
2019-04-08,106.87561954,40006,4523272.65283843
2019-04-09,112.70117753,41291,4650753.96005416
2019-04-10,115.92574423,41563,4677079.84177654
2019-04-11,118.25810136,41481,4671285.17041522
2019-04-12,118.31910754,41263,4651922.73333333
2019-04-13,117.14053786,40924,4619684.49179104
2019-04-14,114.74117126,40695,4599686.84866221
2019-04-15,110.10958987,40431,4573429.93370166
2019-04-16,109.90415547,40233,4550324.70827943
2019-04-17,117.31384800,41644,4697105.30616114
2019-04-18,120.74554446,41720,4708502.77552743
2019-04-19,123.76646830,41585,4702324.52579710
2019-04-20,126.83463915,41537,4712846.28188976
2019-04-21,127.67005626,41314,4703195.96374889
2019-04-22,127.21260011,41050,4688292.47049689
2019-04-23,125.89657618,40861,4682520.98896769
2019-04-24,123.57661202,40715,4681054.59955752
2019-04-25,120.74577574,40558,4675873.66880342
2019-04-26,117.16244746,40443,4671662.72079439
2019-04-27,116.03936742,40448,4676478.64199873
2019-04-28,116.62286376,40765,4714353.91671660
2019-04-29,117.95187517,41055,4749131.70644922
2019-04-30,118.52393287,41062,4752423.33395639
2019-05-01,118.90503808,41035,4752723.91171750
2019-05-02,119.04092299,41009,4753226.74293591
2019-05-03,119.44031741,40997,4756335.06694856
2019-05-04,119.18285962,40961,4757130.54220315
2019-05-05,119.23188696,40920,4756689.28043040
2019-05-06,119.34333987,40979,4768045.81499395
2019-05-07,120.28482515,40989,4773241.80766028
2019-05-08,120.16795599,41016,4781091.25409836
2019-05-09,118.73933286,40892,4772276.18219462
2019-05-10,117.23288074,40685,4751781.81006006
2019-05-11,115.39525461,40677,4752543.74045139
2019-05-12,112.29716705,40524,4733906.03791774
2019-05-13,110.31802504,40447,4720237.54742715
2019-05-14,109.78385247,40589,4728227.12117715
2019-05-15,110.88178621,40876,4751074.26207386
2019-05-16,111.22728706,41068,4763651.68697343
2019-05-17,111.74948507,41016,4751093.53451552
2019-05-18,112.32233934,41014,4745465.44824841
2019-05-19,112.40538153,41038,4742977.53072626
2019-05-20,113.24126915,41000,4734190.81937322
2019-05-21,115.66398880,41181,4751325.57172848
2019-05-22,116.90859272,41261,4759402.69634231
2019-05-23,117.84812435,41180,4751767.06425406
2019-05-24,118.75062712,41109,4746231.07554226
2019-05-25,118.77629684,41064,4745435.97666935
2019-05-26,116.55377994,40848,4725326.55391121
2019-05-27,114.89378601,40570,4695231.07147629
2019-05-28,114.35304936,40742,4714633.26850764
2019-05-29,115.75067967,40852,4725873.22639149
2019-05-30,117.41117132,41194,4764162.73802083
2019-05-31,122.20925571,41300,4778195.88532110
2019-06-01,125.40069345,41642,4825157.69840061
2019-06-02,126.95281129,41383,4805993.26362897
2019-06-03,127.13108162,41141,4789892.93670886
2019-06-04,126.32831680,40970,4782745.49921997
2019-06-05,125.04220534,40809,4775694.76384365
2019-06-06,122.14672455,40665,4770873.65175909
2019-06-07,121.12807260,40637,4775310.06898907
2019-06-08,120.25512052,40707,4789264.52702703
2019-06-09,118.49357309,40730,4796508.04161332
2019-06-10,117.41652287,40702,4795408.08580858
2019-06-11,118.53797200,40807,4807511.99441341
2019-06-12,119.56447190,41128,4845692.34293369
2019-06-13,120.18078928,41079,4842018.18261505
2019-06-14,120.57094146,41070,4843705.85442514
2019-06-15,119.96562859,40951,4832916.98367859
2019-06-16,119.81630510,40909,4830913.14793741
2019-06-17,119.73814577,40911,4833605.90727624
2019-06-18,120.25916333,40942,4839556.54474708
2019-06-19,120.88914996,41049,4855046.19959541
2019-06-20,121.40293608,41055,4858989.23934181
2019-06-21,121.88897953,41046,4861446.89288775
2019-06-22,121.07350978,40975,4857113.25168539
2019-06-23,119.27420139,40804,4840748.44140127
2019-06-24,118.31000409,40719,4832474.11906231
2019-06-25,118.09060150,40814,4843704.16119829
2019-06-26,118.29701451,40885,4851559.54135338
2019-06-27,118.75092772,40994,4863629.57761286
2019-06-28,118.64975058,40980,4861937.07704403
2019-06-29,118.22333202,40953,4859087.36910805
2019-06-30,117.06747918,40831,4844398.75040872
2019-07-01,119.15987228,41054,4868738.08197788
2019-07-02,121.05869597,41178,4882906.44583594
2019-07-03,124.33388048,41345,4905180.87385483
2019-07-04,127.11076036,41480,4928486.36733186
2019-07-05,128.00391722,41287,4914244.73908918
2019-07-06,128.49151948,41156,4908847.51617995
2019-07-07,127.32421359,40947,4896321.70965469
2019-07-08,125.40166001,40763,4885903.29627601
2019-07-09,126.68253425,40840,4903667.31218089
2019-07-10,126.91598759,41064,4940120.71231979
2019-07-11,128.24567166,41121,4957431.56554054
2019-07-12,128.71959712,41046,4958217.62460064
2019-07-13,127.62962984,40957,4958750.40666150
2019-07-14,125.75327246,40743,4941808.29749104
2019-07-15,124.20627505,40686,4942002.11784141
2019-07-16,125.90364725,40870,4969532.03892617
2019-07-17,126.95582080,41120,5005708.69307637
2019-07-18,127.47016029,41110,5011605.22400000
2019-07-19,128.43229070,41051,5011653.79169413
2019-07-20,129.37737172,41114,5027843.72452504
2019-07-21,128.44644382,40994,5022287.09562639
2019-07-22,127.35284150,40798,5005888.00531915
2019-07-23,126.60622575,40784,5011516.82534870
2019-07-24,126.52468700,40886,5029964.95318215
2019-07-25,126.06986508,40899,5036810.38865248
2019-07-26,126.30049826,40875,5037594.66247050
2019-07-27,125.42755447,40935,5049770.45255973
2019-07-28,123.31972909,40750,5030744.63699156
2019-07-29,121.27910682,40615,5015398.89065363
2019-07-30,120.71681049,40695,5023267.41660802
2019-07-31,120.13257351,40817,5034579.09245173
2019-08-01,120.96990230,40967,5048116.00903070
2019-08-02,123.62688210,41163,5068425.84356035
2019-08-03,125.20481699,41290,5082772.65866873
2019-08-04,125.59450915,41187,5072200.65895062
2019-08-05,126.52748650,41048,5058144.09704641
2019-08-06,127.85455620,41126,5072421.82697548
2019-08-07,129.46735966,41129,5077987.56627517
2019-08-08,129.63997202,41163,5090448.55371353
2019-08-09,130.56850114,41025,5080575.70324575
2019-08-10,129.91203867,41087,5098021.11449753
2019-08-11,128.02016530,40803,5070157.86567164
2019-08-12,125.71000866,40680,5060906.73719926
2019-08-13,124.87838906,40713,5068493.65215240
2019-08-14,127.81907459,41040,5110163.82907232
2019-08-15,129.48415508,41273,5142372.86150845
2019-08-16,131.81123274,41246,5145768.58291771
2019-08-17,134.03620179,41313,5163146.84568966
2019-08-18,134.09295851,41220,5163182.61154177
2019-08-19,132.72709915,40920,5135288.67126623
2019-08-20,130.35756014,40747,5123360.66837024
2019-08-21,130.47984249,40784,5135797.85799257
2019-08-22,129.93871449,40935,5161835.49316109
2019-08-23,128.90610474,40805,5150647.36265060
2019-08-24,128.21058505,40841,5159713.81767181
2019-08-25,127.43402456,40819,5160073.16920152
2019-08-26,127.88653596,40887,5170709.89330025
2019-08-27,129.55012352,41064,5194927.52133437
2019-08-28,130.86313097,41164,5211166.37373096
2019-08-29,131.66038597,41136,5214206.52131148
2019-08-30,132.38724250,41036,5207581.52790854
2019-08-31,134.56783299,41207,5237183.64119067
2019-09-01,134.06303953,41111,5234049.98196078
2019-09-02,132.89023570,40887,5213987.41479821
2019-09-03,131.18228655,40750,5204076.29198081
2019-09-04,130.27828291,40767,5212166.56664600
2019-09-05,130.00200356,40771,5216433.06807667
2019-09-06,131.23912980,40995,5248716.61659808
2019-09-07,131.41709201,41053,5260521.21739130
2019-09-08,131.07159074,40955,5252331.24806202
2019-09-09,131.10846252,40891,5247966.82244224
2019-09-10,131.59794317,41005,5267128.88705416
2019-09-11,131.74647538,40995,5269996.26626776
2019-09-12,131.52503834,40977,5272008.87260359
2019-09-13,133.13236099,41008,5280143.19140625
2019-09-14,132.87293781,41101,5297438.67647059
2019-09-15,130.20416983,40814,5265710.92552301
2019-09-16,127.14335409,40542,5233297.38489775
2019-09-17,127.48947977,40744,5257626.71720501
2019-09-18,127.20117533,40894,5274331.19771863
2019-09-19,126.55376830,40859,5267677.43475907
2019-09-20,128.99108651,40947,5276450.75706646
2019-09-21,130.70782754,41299,5319884.70194384
2019-09-22,130.68025435,41133,5300768.84154663
2019-09-23,130.04573495,40936,5277909.78151261
2019-09-24,129.42069666,40890,5274018.04525223
2019-09-25,127.15261142,40769,5259477.88733380
2019-09-26,126.38595596,40660,5244347.24789644
2019-09-27,125.60442406,40828,5262255.88787666
2019-09-28,125.22477404,40846,5260501.67168675
2019-09-29,123.32808563,40805,5250091.67157191
2019-09-30,121.29672233,40660,5225570.86612022
2019-10-01,121.07788101,40743,5226722.10201794
2019-10-02,122.03221395,40935,5239782.76096922
2019-10-03,123.63857400,41175,5259723.38019560
2019-10-04,125.33265585,41234,5260244.98902707
2019-10-05,126.61038888,41202,5252522.77769347
2019-10-06,126.75412126,41135,5242136.72625698
2019-10-07,126.68227836,40985,5222442.45814978
2019-10-08,127.93005977,40935,5215350.24849809
2019-10-09,131.50628954,41329,5265298.24595469
2019-10-10,133.57935170,41401,5278653.36704835
2019-10-11,136.77347004,41340,5278144.64108031
2019-10-12,139.56329540,41433,5301575.68674699
2019-10-13,140.46265235,41267,5293630.42108586
2019-10-14,141.88362278,41240,5308198.94379391
2019-10-15,142.21184566,41098,5305416.25975104
2019-10-16,140.62379129,40935,5301310.60428994
2019-10-17,138.19662318,40743,5291005.03840473
2019-10-18,137.14846540,40683,5294861.39672642
2019-10-19,134.60969322,40690,5307064.90264256
2019-10-20,131.01353895,40538,5294559.46288799
2019-10-21,129.28350190,40428,5282131.45947593
2019-10-22,129.87515494,40740,5321527.22032787
2019-10-23,129.68934356,40937,5345316.66107784
2019-10-24,130.91387410,40925,5342810.86148008
2019-10-25,132.69018658,41151,5372249.45631769
2019-10-26,134.57336394,41239,5385706.21526104
2019-10-27,134.64857760,41155,5379158.82625190
2019-10-28,134.36587865,40960,5358885.76216216
2019-10-29,133.03900254,40889,5354744.91461412
2019-10-30,130.13449659,40668,5329095.13004115
2019-10-31,127.39448755,40501,5307740.71675393
2019-11-01,126.32254395,40634,5321156.04526749
2019-11-02,124.38592736,40720,5326134.12017995
2019-11-03,124.77498258,40750,5321663.63129689
2019-11-04,126.87787529,41022,5347270.29323758
2019-11-05,129.94070648,41313,5377735.65193746
2019-11-06,132.22657078,41394,5386017.67632450
2019-11-07,133.49844910,41252,5369356.21955959
2019-11-08,135.88170319,41204,5366829.61614825
2019-11-09,138.33343893,41384,5397908.85747847
2019-11-10,139.24894598,41200,5382231.89224490
2019-11-11,138.90858209,41050,5373578.65613519
2019-11-12,137.06099126,40854,5358688.11633466
2019-11-13,134.80802302,40695,5345811.82675045
2019-11-14,130.20644080,40493,5324639.67313019
2019-11-15,126.71038079,40305,5300199.74406671
2019-11-16,124.61530612,40433,5311158.89303079
2019-11-17,124.94396719,40603,5324503.36888627
2019-11-18,127.73586781,41018,5367339.71310508
2019-11-19,131.18261166,41420,5411464.81773050
2019-11-20,133.41297485,41339,5400085.35455861
2019-11-21,135.41951126,41293,5397439.53269448
2019-11-22,138.53435675,41309,5405278.72856078
2019-11-23,141.34389114,41394,5425122.31937173
2019-11-24,144.44144234,41393,5437742.38876014
2019-11-25,148.54016318,41563,5480498.11083744
2019-11-26,150.14991438,41397,5477296.61637081
2019-11-27,149.68531235,41121,5458803.80153322
2019-11-28,146.93666817,40852,5444368.34937759
2019-11-29,142.14309261,40527,5418704.49074074
2019-11-30,136.86907548,40273,5396651.01032924
2019-12-01,133.58479957,40260,5401408.05736544
2019-12-02,128.35081483,40373,5417722.98707483
2019-12-03,125.37621319,40183,5389198.31310141
2019-12-04,123.37261727,40408,5406972.47382063
2019-12-05,124.09289134,40692,5427772.22007941
2019-12-06,125.94896546,41023,5453685.39023162
2019-12-07,131.73585958,41312,5479266.97137405
2019-12-08,141.35737921,42054,5569240.58144330
2019-12-09,149.11259636,42168,5592459.24808836
2019-12-10,154.90138430,42051,5593273.39246779
2019-12-11,158.03339931,41711,5569737.25093633
2019-12-12,158.41219987,41287,5537205.85424354
2019-12-13,156.01146730,40940,5516306.99532273
2019-12-14,150.24974954,40580,5493698.95755968
2019-12-15,143.11677271,40173,5455464.39064090
2019-12-16,133.31968656,39815,5418850.35654127
2019-12-17,131.78675753,39711,5406056.80971660
2019-12-18,134.83760730,40794,5542283.36519871
2019-12-19,137.10485150,41212,5595328.42251656
2019-12-20,138.81239535,41230,5598126.19842657
2019-12-21,140.03239219,41215,5599256.32737170
2019-12-22,138.21609602,41031,5579504.92341842
2019-12-23,135.71806791,40586,5522280.74035088
2019-12-24,135.53213954,40782,5549293.94596443
2019-12-25,135.65980061,40868,5560589.82222222
2019-12-26,134.92033856,40926,5568423.16268657
2019-12-27,134.14150866,40840,5555886.88716418
2019-12-28,135.03195978,40911,5563240.54509284
2019-12-29,136.53130929,41124,5589581.08921162
2019-12-30,137.64005400,41158,5594098.79969302
2019-12-31,137.89537849,41065,5583290.17918677
2020-01-01,137.18648807,40941,5568771.49099099
2020-01-02,136.28561683,40833,5555821.74768354
2020-01-03,135.47969851,40814,5553894.98714202
2020-01-04,137.34513841,40934,5569630.58472401
2020-01-05,139.38643431,41191,5605566.73955179
2020-01-06,142.11748900,41243,5616478.25914634
2020-01-07,144.54994652,41321,5634111.17427969
2020-01-08,146.61911097,41269,5637439.14070681
2020-01-09,148.98063086,41275,5651882.07588076
2020-01-10,150.28441724,41249,5663907.92824705
2020-01-11,149.94480866,41082,5656579.31772334
2020-01-12,147.87106145,40929,5653686.96215781
2020-01-13,144.20050715,40613,5622098.77237049
2020-01-14,141.75072528,40442,5606973.73955179
2020-01-15,140.24430338,40679,5646072.70739550
2020-01-16,137.65305492,40633,5642493.13443709
2020-01-17,136.00816707,40572,5633638.90148368
2020-01-18,136.26878682,40808,5662560.06751592
2020-01-19,137.33561756,40938,5676519.22322503
2020-01-20,138.48424799,41115,5698089.19331912
2020-01-21,139.37143798,41094,5694471.74393109
2020-01-22,138.93782689,41032,5686446.39775910
2020-01-23,137.11647124,40831,5659310.42068361
2020-01-24,135.35162479,40694,5639864.62614980
2020-01-25,133.26370261,40666,5632501.54229935
2020-01-26,131.92928711,40626,5621217.25351213
2020-01-27,130.02295006,40730,5625470.39856115
2020-01-28,128.33375518,40622,5601107.80507974
2020-01-29,128.75647707,40754,5606434.87049399
2020-01-30,130.55367995,41026,5628972.14825753
2020-01-31,132.75276442,41213,5642467.84375000
2020-02-01,133.68204473,41236,5638031.30528512
2020-02-02,134.36682513,41110,5616629.89141414
2020-02-03,134.80986370,41056,5606095.53786408
2020-02-04,135.41166569,41039,5600884.44662921
2020-02-05,135.78981864,41031,5597799.58868715
2020-02-06,135.55512757,40997,5592419.19859813
2020-02-07,135.07721359,40885,5576159.65767790
2020-02-08,135.15743837,40919,5579240.23092236
2020-02-09,134.00214640,40873,5570922.57825267
2020-02-10,133.15020266,40801,5558326.57763975
2020-02-11,132.69113816,40834,5558835.79923664
2020-02-12,132.70492408,40896,5562593.89878543
2020-02-13,132.35458021,40907,5559072.17952636
2020-02-14,130.85798957,40852,5546992.12696148
2020-02-15,130.37507118,40762,5529805.20301348
2020-02-16,127.82743604,40738,5519061.49369748
2020-02-17,124.94010999,40533,5482524.03088803
2020-02-18,122.93829468,40525,5468092.19807345
2020-02-19,123.39491395,40670,5473084.50433705
2020-02-20,123.50869553,41134,5512341.36279926
2020-02-21,121.10265392,40829,5459509.23240938
2020-02-22,120.09708194,40579,5412955.99121901
2020-02-23,122.20910800,40919,5435435.91711072
2020-02-24,125.00099265,41282,5462295.96388262
2020-02-25,130.55049295,41403,5467817.08585313
2020-02-26,139.57991829,42162,5558749.13760807
2020-02-27,147.12867181,42131,5562362.08414726
2020-02-28,152.40068677,41857,5541337.43271375
2020-02-29,157.08347541,41723,5545257.63585434
2020-03-01,159.19549174,41523,5548136.23614275
2020-03-02,161.34051020,41256,5536460.62266501
2020-03-03,165.62853168,41502,5612721.80111008
2020-03-04,166.42117114,41329,5625127.40570934
2020-03-05,163.78460567,40975,5610394.03621908
2020-03-06,159.55606587,40655,5597250.48536355
2020-03-07,150.83795425,40249,5568041.92233787
2020-03-08,140.20379587,39823,5527998.63636364
2020-03-09,134.05961504,39758,5524656.70897588
2020-03-10,134.47573445,40132,5572986.38581207
2020-03-11,137.13405099,41150,5700964.30704225
2020-03-12,140.75205974,41183,5703028.65048544
2020-03-13,143.50931114,41447,5740316.65423112
2020-03-14,144.59461676,41296,5724119.65263158
2020-03-15,143.49610748,41035,5695122.09600000
2020-03-16,141.21137983,40808,5670017.75401070
2020-03-17,137.52431269,40592,5644057.81130742
2020-03-18,134.30497203,40435,5622646.23421717
2020-03-19,131.52167918,40468,5622008.80265849
2020-03-20,132.68760769,40731,5648022.65663580
2020-03-21,133.44013186,41020,5677845.71122995
