day,netfund_reward
2016-02-08,1029.46227780
2016-02-09,1119.93017494
2016-02-10,502.25280826
2016-02-11,910.91813672
2016-02-12,1157.36516686
2016-02-13,892.20064076
2016-02-14,742.46067308
2016-02-15,779.89566500
2016-02-16,1232.23515070
2016-02-17,879.72231012
2016-02-18,842.28731820
2016-02-19,848.52648352
2016-02-20,929.63563268
2016-02-21,965.82279149
2016-02-22,671.95810434
2016-02-23,821.07415540
2016-02-24,1026.96661107
2016-02-25,846.65473353
2016-02-26,776.77608196
2016-02-27,788.63049618
2016-02-28,952.09662741
2016-02-29,836.61029474
2016-03-01,879.04279622
2016-03-02,777.11583812
2016-03-03,961.81984098
2016-03-04,783.91096866
2016-03-05,896.33949214
2016-03-06,857.42192632
2016-03-07,859.89288288
2016-03-08,867.30575256
2016-03-09,808.62053426
2016-03-10,1006.29705906
2016-03-11,768.46749016
2016-03-12,840.12523040
2016-03-13,806.76731684
2016-03-14,892.01531816
2016-03-15,969.23271066
2016-03-16,733.25635918
2016-03-17,917.96036204
2016-03-18,974.79236292
2016-03-19,817.88662136
2016-03-20,861.74610030
2016-03-21,803.47678633
2016-03-22,882.57186172
2016-03-23,919.26923646
2016-03-24,768.81000024
2016-03-25,902.14379501
2016-03-26,903.36704081
2016-03-27,921.71572819
2016-03-28,815.29334157
2016-03-29,822.02119347
2016-03-30,942.51090711
2016-03-31,821.40957057
2016-04-01,895.41594294
2016-04-02,885.62997636
2016-04-03,859.33019115
2016-04-04,814.07009528
2016-04-05,837.92338927
2016-04-06,784.71219589
2016-04-07,1023.24513151
2016-04-08,823.85606233
2016-04-09,781.65408134
2016-04-10,872.78589526
2016-04-11,841.24189714
2016-04-12,910.16755867
2016-04-13,829.02154876
2016-04-14,941.65705505
2016-04-15,808.43226268
2016-04-16,849.61083487
2016-04-17,822.96587640
2016-04-18,794.50421615
2016-04-19,962.85190831
2016-04-20,836.89392284
2016-04-21,796.32091787
2016-04-22,924.70117234
2016-04-23,923.49003790
2016-04-24,856.27207447
2016-04-25,819.33247297
2016-04-26,894.42281046
2016-04-27,872.62238988
2016-04-28,802.98215755
2016-04-29,936.81251713
2016-04-30,838.10505732
2016-05-01,854.45537277
2016-05-02,813.43868501
2016-05-03,789.03612546
2016-05-04,899.35728582
2016-05-05,816.01684402
2016-05-06,772.84769430
2016-05-07,976.10244081
2016-05-08,827.40870291
2016-05-09,787.23741086
2016-05-10,728.47940124
2016-05-11,772.84769405
2016-05-12,962.91186713
2016-05-13,749.46440474
2016-05-14,913.14743088
2016-05-15,880.77056854
2016-05-16,772.24812279
2016-05-17,868.77913812
2016-05-18,864.58213739
2016-05-19,847.79413477
2016-05-20,778.24383792
2016-05-21,874.77485326
2016-05-22,854.38942134
2016-05-23,789.03612532
2016-05-24,838.56904367
2016-05-25,784.78569705
2016-05-26,829.90196999
2016-05-27,875.61187824
2016-05-28,805.56292758
2016-05-29,713.54947633
2016-05-30,791.90931909
2016-05-31,971.18714091
2016-06-01,761.63392536
2016-06-02,737.88851853
2016-06-03,986.02802024
2016-06-04,853.64737714
2016-06-05,684.46135313
2016-06-06,875.01824335
2016-06-07,873.23733780
2016-06-08,813.28018540
2016-06-09,753.32303294
2016-06-10,895.20183905
2016-06-11,833.46378120
2016-06-12,847.11739015
2016-06-13,817.43563166
2016-06-14,835.09186985
2016-06-15,672.98244732
2016-06-16,757.03178350
2016-06-17,1028.57579288
2016-06-18,838.14233174
2016-06-19,804.05239120
2016-06-20,783.48087536
2016-06-21,846.37093808
2016-06-22,796.41154246
2016-06-23,903.38342494
2016-06-24,729.99493410
2016-06-25,814.63202778
2016-06-26,812.28099704
2016-06-27,808.75445192
2016-06-28,805.81566392
2016-06-29,910.43651608
2016-06-30,728.23166132
2016-07-01,789.94620880
2016-07-02,916.90184962
2016-07-03,817.57081594
2016-07-04,850.48524132
2016-07-05,818.13529606
2016-07-06,821.11481985
2016-07-07,855.44917446
2016-07-08,746.04479017
2016-07-09,807.73024074
2016-07-10,884.54608508
2016-07-11,778.05139188
2016-07-12,787.94434159
2016-07-13,653.51661417
2016-07-14,915.38881025
2016-07-15,803.07473507
2016-07-16,837.99102790
2016-07-17,799.58310573
2016-07-18,776.88751552
2016-07-19,825.18838734
2016-07-20,853.12142159
2016-07-21,757.68355437
2016-07-22,804.82054977
2016-07-23,881.05445585
2016-07-24,825.77032552
2016-07-25,687.85096879
2016-07-26,743.71703740
2016-07-27,771.65583181
2016-07-28,757.09585218
2016-07-29,676.43114953
2016-07-30,863.11231892
2016-07-31,772.65261672
2016-08-01,787.05702794
2016-08-02,817.01820319
2016-08-03,807.22320356
2016-08-04,795.12349815
2016-08-05,800.88526268
2016-08-06,849.86026075
2016-08-07,788.78555726
2016-08-08,814.71349742
2016-08-09,830.27026148
2016-08-10,852.74114298
2016-08-11,737.50585337
2016-08-12,808.95173295
2016-08-13,902.86849394
2016-08-14,860.80761321
2016-08-15,692.56409042
2016-08-16,946.08172754
2016-08-17,723.39238353
2016-08-18,855.70759770
2016-08-19,818.05646351
2016-08-20,722.78768428
2016-08-21,897.92250588
2016-08-22,694.26409759
2016-08-23,721.64674069
2016-08-24,926.44609244
2016-08-25,823.76118082
2016-08-26,669.16334139
2016-08-27,966.37911377
2016-08-28,776.41202711
2016-08-29,706.81447578
2016-08-30,787.82146170
2016-08-31,902.48627988
2016-09-01,816.34504831
2016-09-02,710.80777787
2016-09-03,843.72769145
2016-09-04,913.32524261
2016-09-05,687.98890829
2016-09-06,676.57947379
2016-09-07,882.03402053
2016-09-08,720.14995724
2016-09-09,881.68947720
2016-09-10,728.62230974
2016-09-11,917.27335730
2016-09-12,680.04748904
2016-09-13,829.16089202
2016-09-14,741.04842666
2016-09-15,784.53983588
2016-09-16,797.53077628
2016-09-17,885.07841814
2016-09-18,797.53077620
2016-09-19,776.63230686
2016-09-20,696.99219398
2016-09-21,852.88347880
2016-09-22,830.29053894
2016-09-23,792.44736478
2016-09-24,763.07654302
2016-09-25,809.39206968
2016-09-26,815.60512816
2016-09-27,789.05842384
2016-09-28,782.28054182
2016-09-29,816.46634387
2016-09-30,813.12214139
2016-10-01,753.28440469
2016-10-02,781.24596394
2016-10-03,765.58749079
2016-10-04,776.77211450
2016-10-05,796.90443711
2016-10-06,858.41986718
2016-10-07,688.41358736
2016-10-08,913.22452331
2016-10-09,707.98667885
2016-10-10,825.98445867
2016-10-11,763.90979724
2016-10-12,862.89371679
2016-10-13,706.86821647
2016-10-14,814.79983501
2016-10-15,772.29826492
2016-10-16,818.15522200
2016-10-17,791.31212517
2016-10-18,807.52982923
2016-10-19,743.21824314
2016-10-20,693.90623445
2016-10-21,874.83690218
2016-10-22,730.87639929
2016-10-23,755.23894595
2016-10-24,791.22907170
2016-10-25,806.17881620
2016-10-26,855.45760374
2016-10-27,710.94340659
2016-10-28,755.79264021
2016-10-29,797.31970830
2016-10-30,753.02416897
2016-10-31,777.94040983
2016-11-01,745.27244948
2016-11-02,781.26257524
2016-11-03,728.66162235
2016-11-04,808.39359316
2016-11-05,887.57186981
2016-11-06,740.28920147
2016-11-07,700.42321602
2016-11-08,850.47435553
2016-11-09,748.59461500
2016-11-10,761.88327680
2016-11-11,802.87309614
2016-11-12,862.33766476
2016-11-13,644.69745312
2016-11-14,844.24666480
2016-11-15,729.67033172
2016-11-16,747.76133168
2016-11-17,813.54678608
2016-11-18,783.94333160
2016-11-19,760.91842256
2016-11-20,845.89130116
2016-11-21,627.70287740
2016-11-22,760.91842256
2016-11-23,796.00399824
2016-11-24,796.00399824
2016-11-25,669.36699852
2016-11-26,694.03654392
2016-11-27,789.97366492
2016-11-28,724.73642264
2016-11-29,807.51645276
2016-11-30,808.61287700
2016-12-01,712.12754388
2016-12-02,757.42289235
2016-12-03,836.43057232
2016-12-04,701.82007137
2016-12-05,699.64893430
2016-12-06,811.46249548
2016-12-07,770.75367467
2016-12-08,728.95928527
2016-12-09,766.95418475
2016-12-10,757.72685197
2016-12-11,789.20834013
2016-12-12,762.61191054
2016-12-13,706.16234563
2016-12-14,785.95163449
2016-12-15,801.14959428
2016-12-16,793.00783006
2016-12-17,632.34368382
2016-12-18,760.44077342
2016-12-19,826.66045533
2016-12-20,795.17896720
2016-12-21,749.04230360
2016-12-22,715.38967832
2016-12-23,770.24850908
2016-12-24,766.34691086
2016-12-25,761.51021928
2016-12-26,693.25912694
2016-12-27,737.86417148
2016-12-28,803.42821302
2016-12-29,735.17712062
2016-12-30,799.66634176
2016-12-31,759.89798880
2017-01-01,757.21093788
2017-01-02,750.22460564
2017-01-03,755.59870738
2017-01-04,804.50303340
2017-01-05,761.51021934
2017-01-06,759.89798874
2017-01-07,695.94617774
2017-01-08,773.33324318
2017-01-09,721.20445612
2017-01-10,812.02677582
2017-01-11,802.35339264
2017-01-12,641.66775004
2017-01-13,759.89798876
2017-01-14,853.26901476
2017-01-15,768.33692297
2017-01-16,653.93772750
2017-01-17,801.85854781
2017-01-18,777.38244086
2017-01-19,711.93545916
2017-01-20,764.61229810
2017-01-21,771.52945877
2017-01-22,765.67647663
2017-01-23,659.79070960
2017-01-24,834.31599399
2017-01-25,729.49440541
2017-01-26,746.52126246
2017-01-27,778.97870861
2017-01-28,737.47574463
2017-01-29,820.48167257
2017-01-30,751.31006606
2017-01-31,767.80483377
2017-02-01,755.56678023
2017-02-02,768.33692303
2017-02-03,840.70106540
2017-02-04,855.46259267
2017-02-05,668.00911920
2017-02-06,613.21972773
2017-02-07,788.65114473
2017-02-08,852.39649442
2017-02-09,681.70646701
2017-02-10,780.74882860
2017-02-11,765.99783862
2017-02-12,784.96339723
2017-02-13,778.64154434
2017-02-14,674.85779313
2017-02-15,724.37897391
2017-02-16,821.84087225
2017-02-17,759.67598569
2017-02-18,752.82731184
2017-02-19,689.08196209
2017-02-20,782.32929178
2017-02-21,846.60146259
2017-02-22,610.58562237
2017-02-23,736.49585855
2017-02-24,852.92331532
2017-02-25,647.53090603
2017-02-26,758.93530675
2017-02-27,794.92605320
2017-02-28,613.92911070
2017-03-01,754.76246674
2017-03-02,740.15752613
2017-03-03,715.12048509
2017-03-04,839.78408529
2017-03-05,755.80567684
2017-03-06,619.14516054
2017-03-07,753.71925668
2017-03-08,840.30569032
2017-03-09,634.27170666
2017-03-10,786.58037314
2017-03-11,769.88901241
2017-03-12,800.66370859
2017-03-13,690.08344409
2017-03-14,726.07419057
2017-03-15,774.06185250
2017-03-16,834.56803511
2017-03-17,698.95072941
2017-03-18,703.30948815
2017-03-19,697.71127218
2017-03-20,864.52159110
2017-03-21,751.42109624
2017-03-22,662.59331026
2017-03-23,729.21414974
2017-03-24,841.28176342
2017-03-25,684.28381616
2017-03-26,945.60276788
2017-03-27,649.16585430
2017-03-28,681.70161308
2017-03-29,653.29737920
2017-03-30,809.26244522
2017-03-31,753.48685872
2017-04-01,781.37465190
2017-04-02,748.83889316
2017-04-03,713.72093124
2017-04-04,761.23346792
2017-04-05,734.37855592
2017-04-06,717.33601558
2017-04-07,741.09228392
2017-04-08,757.10194302
2017-04-09,857.74650278
2017-04-10,624.33068452
2017-04-11,707.67704122
2017-04-12,837.55418608
2017-04-13,684.66731086
2017-04-14,689.26925692
2017-04-15,763.92304890
2017-04-16,673.41810923
2017-04-17,782.33083315
2017-04-18,757.78712073
2017-04-19,714.83562402
2017-04-20,802.27259946
2017-04-21,757.27579341
2017-04-22,665.23687184
2017-04-23,368.66701355
2017-04-24,715.85827870
2017-04-25,1083.50263755
2017-04-26,659.61227112
2017-04-27,617.17210169
2017-04-28,735.28871770
2017-04-29,827.32763926
2017-04-30,738.53893603
2017-05-01,681.93854270
2017-05-02,746.23415889
2017-05-03,732.56501216
2017-05-04,740.15898260
2017-05-05,666.24433723
2017-05-06,769.01607012
2017-05-07,737.12139435
2017-05-08,702.69539518
2017-05-09,668.77566069
2017-05-10,701.17660114
2017-05-11,777.11630521
2017-05-12,752.30933517
2017-05-13,722.43971824
2017-05-14,684.46986622
2017-05-15,721.93345357
2017-05-16,647.00627889
2017-05-17,779.14136394
2017-05-18,814.07362783
2017-05-19,601.94872111
2017-05-20,718.38960068
2017-05-21,695.71796483
2017-05-22,692.73050154
2017-05-23,733.83317968
2017-05-24,645.61279743
2017-05-25,732.32942317
2017-05-26,761.90330135
2017-05-27,733.83317966
2017-05-28,737.34194491
2017-05-29,679.69794511
2017-05-30,707.76806669
2017-05-31,706.76556241
2017-06-01,733.83317972
2017-06-02,826.06357932
2017-06-03,583.95878032
2017-06-04,685.21171904
2017-06-05,807.01599684
2017-06-06,654.13408439
2017-06-07,713.28184067
2017-06-08,728.82065789
2017-06-09,726.31439713
2017-06-10,714.28434494
2017-06-11,770.43947703
2017-06-12,709.19738112
2017-06-13,640.21317120
2017-06-14,668.50166016
2017-06-15,728.05637376
2017-06-16,786.61850880
2017-06-17,677.93115648
2017-06-18,677.93115648
2017-06-19,723.58977024
2017-06-20,677.43486720
2017-06-21,766.76693760
2017-06-22,610.93210368
2017-06-23,778.67788032
2017-06-24,745.92278784
2017-06-25,665.02763520
2017-06-26,698.77530624
2017-06-27,696.79014912
2017-06-28,719.61945600
2017-06-29,761.80404480
2017-06-30,778.67788032
2017-07-01,593.56197888
2017-07-02,662.54618880
2017-07-03,821.70763412
2017-07-04,680.06372513
2017-07-05,686.45160698
2017-07-06,740.50291459
2017-07-07,686.94298249
2017-07-08,712.00313418
2017-07-09,662.86558175
2017-07-10,713.47726058
2017-07-11,682.02922711
2017-07-12,683.99472922
2017-07-13,757.70105781
2017-07-14,615.69353151
2017-07-15,690.38261115
2017-07-16,749.34767400
2017-07-17,695.29636636
2017-07-18,718.39101598
2017-07-19,675.14996992
2017-07-20,661.88283075
2017-07-21,747.38217195
2017-07-22,688.90848458
2017-07-23,732.14953070
2017-07-24,721.07655375
2017-07-25,678.19552548
2017-07-26,714.19729656
2017-07-27,683.54714010
2017-07-28,701.54802564
2017-07-29,629.54448348
2017-07-30,742.90141134
2017-07-31,703.00755690
2017-08-01,652.89698364
2017-08-02,755.55068226
2017-08-03,674.30344212
2017-08-04,701.54802564
2017-08-05,739.00932798
2017-08-06,611.54359794
2017-08-07,723.44099454
2017-08-08,704.95359858
2017-08-09,755.55068226
2017-08-10,672.84391086
2017-08-11,680.62807758
2017-08-12,669.92484834
2017-08-13,686.95271304
2017-08-14,739.97753214
2017-08-15,678.22442826
2017-08-16,703.27248912
2017-08-17,593.44637472
2017-08-18,718.20498759
2017-08-19,696.04708723
2017-08-20,741.32627493
2017-08-21,617.04935551
2017-08-22,655.58483439
2017-08-23,772.63635148
2017-08-24,722.54022890
2017-08-25,608.86056626
2017-08-26,629.57338615
2017-08-27,778.41667330
2017-08-28,684.96813704
2017-08-29,767.33772315
2017-08-30,592.48298772
2017-08-31,719.65006804
2017-09-01,755.77707947
2017-09-02,622.34798388
2017-09-03,729.28393780
2017-09-04,718.47206510
2017-09-05,715.38636293
2017-09-06,578.03218128
2017-09-07,767.37110532
2017-09-08,634.78616603
2017-09-09,639.07848421
2017-09-10,698.21709024
2017-09-11,685.81705990
2017-09-12,731.12486290
2017-09-13,652.90928717
2017-09-14,661.49392356
2017-09-15,758.78646895
2017-09-16,643.84772662
2017-09-17,658.15545385
2017-09-18,646.70927208
2017-09-19,702.50940837
2017-09-20,744.00181746
2017-09-21,664.83239323
2017-09-22,607.60148426
2017-09-23,689.63245387
2017-09-24,776.90959013
2017-09-25,648.61696905
2017-09-26,687.33755134
2017-09-27,623.30693040
2017-09-28,700.27589226
2017-09-29,732.38564322
2017-09-30,578.91992172
2017-10-01,756.94015866
2017-10-02,651.16686138
2017-10-03,645.02823252
2017-10-04,702.63690336
2017-10-05,641.25061476
2017-10-06,714.91416108
2017-10-07,712.55314998
2017-10-08,624.72353706
2017-10-09,631.33436814
2017-10-10,680.44339902
2017-10-11,664.38852354
2017-10-12,728.60802546
2017-10-13,648.80585028
2017-10-14,657.77769246
2017-10-15,639.83400810
2017-10-16,687.05423010
2017-10-17,738.54764813
2017-10-18,659.68052645
2017-10-19,614.79793925
2017-10-20,708.30332925
2017-10-21,683.99192785
2017-10-22,649.39493355
2017-10-23,679.78418530
2017-10-24,647.52482575
2017-10-25,594.69428040
2017-10-26,702.69300585
2017-10-27,672.77128105
2017-10-28,703.62805975
2017-10-29,567.57771730
2017-10-30,603.57729245
2017-10-31,737.29000015
2017-11-01,666.69343070
2017-11-02,655.00525695
2017-11-03,570.85040595
2017-11-04,734.95236540
2017-11-05,647.05729880
2017-11-06,703.62805975
2017-11-07,642.80789543
2017-11-08,620.28327980
2017-11-09,697.58724079
2017-11-10,711.01128192
2017-11-11,554.55176806
2017-11-12,618.89458589
2017-11-13,712.39997583
2017-11-14,655.46352552
2017-11-15,647.13136206
2017-11-16,698.51303673
2017-11-17,682.77450575
2017-11-18,548.53409445
2017-11-19,668.88756665
2017-11-20,726.74981290
2017-11-21,596.21258536
2017-11-22,706.38230222
2017-11-23,641.11368845
2017-11-24,671.66495447
2017-11-25,637.41050469
2017-11-26,680.46001590
2017-11-27,644.81687221
2017-11-28,656.85221943
2017-11-29,647.41551730
2017-11-30,650.80704711
2017-12-01,687.93054775
2017-12-02,622.39152816
2017-12-03,594.43432405
2017-12-04,705.80482575
2017-12-05,648.97378775
2017-12-06,609.55871309
2017-12-07,640.26580621
2017-12-08,630.18288013
2017-12-09,644.39063958
2017-12-10,666.84806581
2017-12-11,653.55693606
2017-12-12,674.18110310
2017-12-13,741.09506677
2017-12-14,527.97867458
2017-12-15,646.68221366
2017-12-16,686.55560323
2017-12-17,679.22256604
2017-12-18,529.35361927
2017-12-19,760.34428932
2017-12-20,625.94006494
2017-12-21,567.22131488
2017-12-22,684.29579426
2017-12-23,634.38031852
2017-12-24,700.63176815
2017-12-25,607.60747249
2017-12-26,654.34650889
2017-12-27,600.34703970
2017-12-28,664.78338110
2017-12-29,692.46378126
2017-12-30,626.21233165
2017-12-31,627.57366278
2018-01-01,627.11988572
2018-01-02,685.65712547
2018-01-03,694.27888948
2018-01-04,623.03589231
2018-01-05,652.07762362
2018-01-06,622.12833818
2018-01-07,682.93446312
2018-01-08,615.77545944
2018-01-09,598.53193148
2018-01-10,753.44512713
2018-01-11,581.82305195
2018-01-12,579.12734669
2018-01-13,752.10176754
2018-01-14,615.51936770
2018-01-15,693.69482024
2018-01-16,520.27111518
2018-01-17,671.23060974
2018-01-18,686.50627288
2018-01-19,658.20136765
2018-01-20,664.04206238
2018-01-21,645.62140977
2018-01-22,605.18583087
2018-01-23,637.98357820
2018-01-24,699.08623076
2018-01-25,637.98357820
2018-01-26,559.80812566
2018-01-27,750.30463070
2018-01-28,608.33082034
2018-01-29,598.89585193
2018-01-30,690.10054656
2018-01-31,681.66201034
2018-02-01,634.78075795
2018-02-02,653.01902780
2018-02-03,663.25025235
2018-02-04,655.68804290
2018-02-05,569.38988800
2018-02-06,671.70213350
2018-02-07,688.16105995
2018-02-08,613.42863715
2018-02-09,597.41454655
2018-02-10,703.73031470
2018-02-11,625.88404095
2018-02-12,593.41102390
2018-02-13,668.14344670
2018-02-14,681.04368635
2018-02-15,614.31830885
2018-02-16,619.65633905
2018-02-17,637.00493720
2018-02-18,633.44625040
2018-02-19,650.35001270
2018-02-20,587.62815785
2018-02-21,655.24320705
2018-02-22,685.10887114
2018-02-23,609.55724580
2018-02-24,616.16371882
2018-02-25,609.11681426
2018-02-26,621.88932882
2018-02-27,698.52441606
2018-02-28,604.27206736
2018-03-01,601.62947814
2018-03-02,649.63651538
2018-03-03,613.96156114
2018-03-04,602.95077274
2018-03-05,616.60415038
2018-03-06,661.08773548
2018-03-07,604.27206734
2018-03-08,646.55349480
2018-03-09,594.14214204
2018-03-10,680.46672308
2018-03-11,621.00846574
2018-03-12,767.67216720
2018-03-13,668.13464008
2018-03-14,548.77769382
2018-03-15,657.15437694
2018-03-16,644.51268377
2018-03-17,623.58128402
2018-03-18,615.29593829
2018-03-19,606.13845089
2018-03-20,616.16807995
2018-03-21,632.30270059
2018-03-22,652.79802949
2018-03-23,579.97420122
2018-03-24,617.91236325
2018-03-25,621.40092989
2018-03-26,662.39158771
2018-03-27,623.58128401
2018-03-28,580.41027202
2018-03-29,593.05632602
2018-03-30,672.85728753
2018-03-31,655.85052524
2018-04-01,541.59996835
2018-04-02,641.46018796
2018-04-03,652.36195867
2018-04-04,644.07661293
2018-04-05,660.58685815
2018-04-06,487.44946890
2018-04-07,684.76072422
2018-04-08,670.94461882
2018-04-09,608.34039119
2018-04-10,528.46603182
2018-04-11,723.61852069
2018-04-12,560.84752888
2018-04-13,666.62708585
2018-04-14,626.47402957
2018-04-15,601.86409179
2018-04-16,544.87265701
2018-04-17,709.37066200
2018-04-18,493.49401500
2018-04-19,603.59110497
2018-04-20,680.01143799
2018-04-21,645.90292778
2018-04-22,632.95032894
2018-04-23,569.05084144
2018-04-24,627.76928939
2018-04-25,671.80812541
2018-04-26,533.26234060
2018-04-27,707.90440919
2018-04-28,607.87443834
2018-04-29,621.98122912
2018-04-30,563.41667353
2018-05-01,630.10332075
2018-05-02,630.53079929
2018-05-03,640.79028346
2018-05-04,571.11128667
2018-05-05,670.28630052
2018-05-06,605.73704582
2018-05-07,649.76733215
2018-05-08,581.79824936
2018-05-09,621.55375062
2018-05-10,703.20214564
2018-05-11,607.87443837
2018-05-12,567.69145859
2018-05-13,636.94297690
2018-05-14,640.79028348
2018-05-15,611.29426642
2018-05-16,636.94297689
2018-05-17,643.00809292
2018-05-18,613.28352354
2018-05-19,608.20457096
2018-05-20,606.08834071
2018-05-21,585.34928437
2018-05-22,567.57295035
2018-05-23,700.04896338
2018-05-24,626.82739705
2018-05-25,633.17608778
2018-05-26,601.85588024
2018-05-27,608.62781700
2018-05-28,646.71996130
2018-05-29,620.90195239
2018-05-30,582.38656202
2018-05-31,615.39975376
2018-06-01,625.13441287
2018-06-02,683.54236750
2018-06-03,580.69357782
2018-06-04,615.82299981
2018-06-05,556.56855312
2018-06-06,640.37127060
2018-06-07,607.14436099
2018-06-08,660.43145852
2018-06-09,605.11613331
2018-06-10,575.36319323
2018-06-11,598.41124540
2018-06-12,652.46940408
2018-06-13,586.67769151
2018-06-14,595.47785696
2018-06-15,606.37329980
2018-06-16,623.13551956
2018-06-17,667.13634641
2018-06-18,489.45681696
2018-06-19,655.40279259
2018-06-20,604.69707783
2018-06-21,587.51580255
2018-06-22,680.54612223
2018-06-23,581.64902564
2018-06-24,535.97197679
2018-06-25,623.55457505
2018-06-26,629.42135194
2018-06-27,671.32690134
2018-06-28,539.86794755
2018-06-29,657.21178194
2018-06-30,534.39947925
2018-07-01,585.43296990
2018-07-02,626.92361269
2018-07-03,566.76218063
2018-07-04,647.66893408
2018-07-05,579.62427990
2018-07-06,590.41184704
2018-07-07,625.26398698
2018-07-08,525.27153783
2018-07-09,636.88136697
2018-07-10,584.60315704
2018-07-11,584.18825059
2018-07-12,602.85903986
2018-07-13,611.98698128
2018-07-14,626.92361270
2018-07-15,592.48637917
2018-07-16,549.75101708
2018-07-17,633.56211552
2018-07-18,556.80442634
2018-07-19,611.39543155
2018-07-20,621.53804574
2018-07-21,541.84314760
2018-07-22,577.58261225
2018-07-23,664.26108394
2018-07-24,520.89242697
2018-07-25,579.63660440
2018-07-26,628.93241772
2018-07-27,610.03568931
2018-07-28,587.44177486
2018-07-29,549.64831806
2018-07-30,539.37835691
2018-07-31,650.29393679
2018-08-01,587.44177488
2018-08-02,580.86899979
2018-08-03,631.39720835
2018-08-04,594.01455001
2018-08-05,565.66945737
2018-08-06,585.38778268
2018-08-07,635.91599127
2018-08-08,529.51919431
2018-08-09,625.23523173
2018-08-10,617.88559936
2018-08-11,509.22737724
2018-08-12,560.06876874
2018-08-13,625.55248100
2018-08-14,614.57074042
2018-08-15,567.79666024
2018-08-16,537.69855649
2018-08-17,652.39673569
2018-08-18,632.06017910
2018-08-19,538.51201874
2018-08-20,609.68996684
2018-08-21,551.93414611
2018-08-22,568.61012249
2018-08-23,643.04191966
2018-08-24,582.03224982
2018-08-25,530.78412723
2018-08-26,612.94381591
2018-08-27,588.13321684
2018-08-28,570.23704700
2018-08-29,602.77553757
2018-08-30,585.28609890
2018-08-31,607.23347263
2018-09-01,561.36950418
2018-09-02,547.67756509
2018-09-03,587.94797425
2018-09-04,626.20486300
2018-09-05,509.82338044
2018-09-06,586.33715787
2018-09-07,587.94797426
2018-09-08,566.60465741
2018-09-09,575.86685143
2018-09-10,557.74516739
2018-09-11,622.17782209
2018-09-12,539.22077916
2018-09-13,603.25072980
2018-09-14,591.16960703
2018-09-15,556.93975919
2018-09-16,570.63169833
2018-09-17,619.76159756
2018-09-18,515.46123770
2018-09-19,585.12904563
2018-09-20,584.72634148
2018-09-21,528.18429459
2018-09-22,612.03047521
2018-09-23,567.37417993
2018-09-24,582.52542302
2018-09-25,545.44474925
2018-09-26,631.56760441
2018-09-27,531.09094006
2018-09-28,645.92141359
2018-09-29,543.45116461
2018-09-30,485.63721096
2018-10-01,616.81507831
2018-10-02,596.87923219
2018-10-03,595.28436444
2018-10-04,563.38701061
2018-10-05,554.21652140
2018-10-06,597.67666586
2018-10-07,522.71788464
2018-10-08,590.10104435
2018-10-09,555.01395524
2018-10-10,579.33568747
2018-10-11,577.34210285
2018-10-12,581.89379215
2018-10-13,555.83507584
2018-10-14,607.15507574
2018-10-15,551.09784508
2018-10-16,543.99199894
2018-10-17,597.28584499
2018-10-18,612.68184496
2018-10-19,504.12030671
2018-10-20,547.93969124
2018-10-21,606.76030651
2018-10-22,551.88738354
2018-10-23,542.01815279
2018-10-24,584.65322963
2018-10-25,598.86492191
2018-10-26,556.62461430
2018-10-27,543.99199894
2018-10-28,576.75784503
2018-10-29,550.70307585
2018-10-30,579.91599887
2018-10-31,569.65199889
2018-11-01,526.62215282
2018-11-02,582.28461425
2018-11-03,601.53059160
2018-11-04,515.15430238
2018-11-05,526.09839984
2018-11-06,560.88499541
2018-11-07,639.83884144
2018-11-08,555.80380728
2018-11-09,473.72307622
2018-11-10,519.45376922
2018-11-11,637.88453829
2018-11-12,532.74303045
2018-11-13,573.78339599
2018-11-14,547.59573416
2018-11-15,562.44843789
2018-11-16,625.76785896
2018-11-17,497.17471369
2018-11-18,601.53450031
2018-11-19,497.95643496
2018-11-20,600.75277905
2018-11-21,537.43335795
2018-11-22,534.30647296
2018-11-23,545.25057046
2018-11-24,550.86193537
2018-11-25,583.19500894
2018-11-26,569.26334320
2018-11-27,454.32710054
2018-11-28,547.59186308
2018-11-29,628.85991346
2018-11-30,585.12996254
2018-12-01,531.33825304
2018-12-02,573.52024108
2018-12-03,507.73181936
2018-12-04,528.24232730
2018-12-05,576.22917610
2018-12-06,573.90723178
2018-12-07,559.20158454
2018-12-08,608.34940548
2018-12-09,467.87177562
2018-12-10,537.91709516
2018-12-11,568.48936176
2018-12-12,554.94468670
2018-12-13,494.96112572
2018-12-14,582.80801826
2018-12-15,562.02929898
2018-12-16,517.64797917
2018-12-17,549.06702751
2018-12-18,591.59769048
2018-12-19,547.15123188
2018-12-20,542.93648151
2018-12-21,500.40581848
2018-12-22,535.27329895
2018-12-23,591.59769046
2018-12-24,527.22695734
2018-12-25,513.43322880
2018-12-26,571.67341594
2018-12-27,572.43973422
2018-12-28,552.89861877
2018-12-29,450.21197303
2018-12-30,658.26737840
2018-12-31,567.07550642
2019-01-01,595.04612265
2019-01-02,449.06249564
2019-01-03,596.96191828
2019-01-04,541.40384501
2019-01-05,554.43125529
2019-01-06,584.69323740
2019-01-07,492.03701459
2019-01-08,563.73708842
2019-01-09,596.74188431
2019-01-10,450.30681289
2019-01-11,534.14658176
2019-01-12,553.49422073
2019-01-13,575.49741799
2019-01-14,541.35452569
2019-01-15,540.97516022
2019-01-16,522.38625219
2019-01-17,600.91490448
2019-01-18,442.34013802
2019-01-19,602.43236636
2019-01-20,597.50061525
2019-01-21,501.14178587
2019-01-22,553.87358620
2019-01-23,514.79894279
2019-01-24,539.07833287
2019-01-25,584.22282380
2019-01-26,456.37666041
2019-01-27,547.10134891
2019-01-28,526.97995446
2019-01-29,520.21898566
2019-01-30,579.94087640
2019-01-31,517.21411068
2019-02-01,496.55559500
2019-02-02,584.07257962
2019-02-03,569.04820458
2019-02-04,518.34093884
2019-02-05,490.17023562
2019-02-06,543.50676698
2019-02-07,561.91162638
2019-02-08,545.38481384
2019-02-09,532.23848570
2019-02-10,562.66284516
2019-02-11,573.17990766
2019-02-12,471.76537618
2019-02-13,513.45801688
2019-02-14,587.45306394
2019-02-15,504.06778254
2019-02-16,577.31161082
2019-02-17,482.24153106
2019-02-18,516.92775599
2019-02-19,528.08447011
2019-02-20,586.09938377
2019-02-21,429.16160459
2019-02-22,631.09813080
2019-02-23,493.49865624
2019-02-24,508.74616564
2019-02-25,503.91158949
2019-02-26,472.67278984
2019-02-27,506.14293229
2019-02-28,588.33072662
2019-03-01,563.78595541
2019-03-02,519.53098928
2019-03-03,506.14293229
2019-03-04,541.84441761
2019-03-05,543.70386996
2019-03-06,499.07701336
2019-03-07,521.39044167
2019-03-08,555.97625549
2019-03-09,540.35685571
2019-03-10,478.99492780
2019-03-11,465.35280700
2019-03-12,597.97042206
2019-03-13,501.49982443
2019-03-14,587.29237879
2019-03-15,477.19807081
2019-03-16,481.98477984
2019-03-17,556.36287421
2019-03-18,523.22411930
2019-03-19,518.43741026
2019-03-20,546.05303938
2019-03-21,594.65654655
2019-03-22,484.56223857
2019-03-23,520.64666056
2019-03-24,489.34894759
2019-03-25,585.81954526
2019-03-26,512.54607603
2019-03-27,493.03103149
2019-03-28,568.14554264
2019-03-29,459.15585980
2019-03-30,529.85187029
2019-03-31,524.32874445
2019-04-01,479.65157788
2019-04-02,542.46938688
2019-04-03,547.20870276
2019-04-04,474.66071352
2019-04-05,448.41219480
2019-04-06,653.66102868
2019-04-07,446.58938100
2019-04-08,460.07820312
2019-04-09,585.48779256
2019-04-10,563.61402696
2019-04-11,492.52428876
2019-04-12,490.33691220
2019-04-13,538.45919652
2019-04-14,517.31455644
2019-04-15,491.06603772
2019-04-16,549.03151656
2019-04-17,386.43652560
2019-04-18,531.16794132
2019-04-19,595.33098708
2019-04-20,557.41646004
2019-04-21,476.11896456
2019-04-22,494.59255085
2019-04-23,502.08594009
2019-04-24,520.49455470
2019-04-25,532.40601125
2019-04-26,511.10977077
2019-04-27,478.62398027
2019-04-28,525.54789993
2019-04-29,506.77833207
2019-04-30,561.64322272
2019-05-01,450.10867528
2019-05-02,502.80784657
2019-05-03,538.18126289
2019-05-04,510.02691112
2019-05-05,511.10977079
2019-05-06,525.18694669
2019-05-07,457.32773983
2019-05-08,522.29932086
2019-05-09,584.74422930
2019-05-10,448.30390902
2019-05-11,448.30390904
2019-05-12,523.02122727
2019-05-13,503.52975296
2019-05-14,461.14455245
2019-05-15,482.81961516
2019-05-16,529.63632103
2019-05-17,519.62969683
2019-05-18,473.17037049
2019-05-19,491.03934214
2019-05-20,492.11148050
2019-05-21,538.92818630
2019-05-22,510.33783154
2019-05-23,484.60651238
2019-05-24,487.82292727
2019-05-25,531.06583883
2019-05-26,535.35439197
2019-05-27,457.44567537
2019-05-28,486.75078894
2019-05-29,539.64294521
2019-05-30,466.38016122
2019-05-31,508.19355502
2019-06-01,529.27894160
2019-06-02,510.69521106
2019-06-03,486.39340953
2019-06-04,464.18988381
2019-06-05,486.53140503
2019-06-06,521.91550724
2019-06-07,484.40835896
2019-06-08,479.10074363
2019-06-09,512.71564071
2019-06-10,526.86928156
2019-06-11,442.65511836
2019-06-12,540.66908144
2019-06-13,467.07014888
2019-06-14,491.13133839
2019-06-15,549.16126601
2019-06-16,467.07014886
2019-06-17,520.14630218
2019-06-18,485.82372310
2019-06-19,524.74623547
2019-06-20,465.65478480
2019-06-21,461.05485152
2019-06-22,518.37709703
2019-06-23,547.39206083
2019-06-24,491.83902039
2019-06-25,470.93437327
2019-06-26,459.99332909
2019-06-27,572.10137575
2019-06-28,442.47644681
2019-06-29,532.51322176
2019-06-30,481.36392548
2019-07-01,522.70376776
2019-07-02,460.34366676
2019-07-03,486.96932786
2019-07-04,532.51322178
2019-07-05,396.58221524
2019-07-06,539.87031239
2019-07-07,544.77503943
2019-07-08,495.37743138
2019-07-09,475.40818555
2019-07-10,470.85379614
2019-07-11,560.18989585
2019-07-12,469.10210791
2019-07-13,518.85005369
2019-07-14,492.22439257
2019-07-15,474.35717260
2019-07-16,497.47945724
2019-07-17,503.53231999
2019-07-18,516.83474438
2019-07-19,485.96340728
2019-07-20,466.53874574
2019-07-21,519.60969598
2019-07-22,499.14442762
2019-07-23,526.54707510
2019-07-24,470.70117324
2019-07-25,454.74520128
2019-07-26,456.82641500
2019-07-27,565.04952926
2019-07-28,485.26966938
2019-07-29,471.04804218
2019-07-30,474.86360070
2019-07-31,504.69433092
2019-08-01,453.70459438
2019-08-02,545.62486772
2019-08-03,499.49129658
2019-08-04,451.27651170
2019-08-05,543.89052292
2019-08-06,472.08864906
2019-08-07,442.81084865
2019-08-08,512.06100351
2019-08-09,465.01046194
2019-08-10,494.20240379
2019-08-11,478.40441173
2019-08-12,489.39431925
2019-08-13,496.60644606
2019-08-14,501.41453060
2019-08-15,515.83878422
2019-08-16,516.52565344
2019-08-17,462.26298506
2019-08-18,490.08118847
2019-08-19,465.69733116
2019-08-20,515.15191500
2019-08-21,443.71751612
2019-08-22,490.08118847
2019-08-23,543.31355302
2019-08-24,492.48523074
2019-08-25,503.47513826
2019-08-26,436.16195470
2019-08-27,459.51550818
2019-08-28,540.48786847
2019-08-29,487.26910602
2019-08-30,455.64591910
2019-08-31,522.29263562
2019-09-01,481.82855773
2019-09-02,481.14848919
2019-09-03,458.70622749
2019-09-04,520.93249853
2019-09-05,423.00262937
2019-09-06,512.43164186
2019-09-07,489.30931163
2019-09-08,472.98766676
2019-09-09,482.50862625
2019-09-10,513.79177890
2019-09-11,459.72633031
2019-09-12,462.78663872
2019-09-13,473.32770101
2019-09-14,527.73318391
2019-09-15,482.84866053
2019-09-16,477.74814650
2019-09-17,503.93078514
2019-09-18,453.26567923
2019-09-19,503.78938463
2019-09-20,419.82448717
2019-09-21,541.02482024
2019-09-22,482.78132681
2019-09-23,423.52783055
2019-09-24,511.73473974
2019-09-25,462.58127132
2019-09-26,467.63128519
2019-09-27,456.52125468
2019-09-28,494.22802496
2019-09-29,529.24145451
2019-09-30,401.30776961
2019-10-01,544.72816373
2019-10-02,431.94452042
2019-10-03,521.16143228
2019-10-04,478.06798052
2019-10-05,477.39464538
2019-10-06,431.94452041
2019-10-07,525.20144344
2019-10-08,457.53125737
2019-10-09,442.38121577
2019-10-10,472.78463182
2019-10-11,476.00130610
2019-10-12,492.66801852
2019-10-13,488.33467327
2019-10-14,461.00126497
2019-10-15,470.66795813
2019-10-16,496.00136097
2019-10-17,390.66773862
2019-10-18,423.33449469
2019-10-19,518.00142120
2019-10-20,453.00124300
2019-10-21,439.66787309
2019-10-22,488.66800755
2019-10-23,498.66803498
2019-10-24,451.66790601
2019-10-25,457.66792248
2019-10-26,473.66796638
2019-10-27,460.66793072
2019-10-28,529.66812004
2019-10-29,480.33465134
2019-10-30,437.33453337
2019-10-31,520.68129681
2019-11-01,442.57547331
2019-11-02,465.34781310
2019-11-03,494.72083109
2019-11-04,444.55567677
2019-11-05,488.45018680
2019-11-06,445.21574459
2019-11-07,448.84611760
2019-11-08,506.27201794
2019-11-09,472.93859303
2019-11-10,457.42699926
2019-11-11,482.50957642
2019-11-12,446.20584632
2019-11-13,484.15974597
2019-11-14,477.88910168
2019-11-15,457.09696535
2019-11-16,507.26211967
2019-11-17,405.61167539
2019-11-18,471.61845739
2019-11-19,519.80340825
2019-11-20,431.02428646
2019-11-21,525.74401863
2019-11-22,469.28207918
2019-11-23,446.36269474
2019-11-24,496.03116442
2019-11-25,440.48090227
2019-11-26,442.44149975
2019-11-27,480.67315076
2019-11-28,441.13443472
2019-11-29,438.52030465
2019-11-30,436.55970730
2019-12-01,495.70439819
2019-12-02,475.77165707
2019-12-03,416.30019993
2019-12-04,490.80290446
2019-12-05,475.11812456
2019-12-06,478.05902077
2019-12-07,467.27573460
2019-12-08,488.51554068
2019-12-09,424.14258986
2019-12-10,453.22478595
2019-12-11,493.74380069
2019-12-12,440.80766851
2019-12-13,445.46974910
2019-12-14,492.41408761
2019-12-15,434.82558065
2019-12-16,425.11965249
2019-12-17,438.70795189
2019-12-18,492.73761852
2019-12-19,475.26694788
2019-12-20,378.85472837
2019-12-21,493.70821131
2019-12-22,418.97256466
2019-12-23,509.56122731
2019-12-24,464.59042694
2019-12-25,473.97282412
2019-12-26,453.26684409
2019-12-27,435.79617344
2019-12-28,469.44339100
2019-12-29,465.23748881
2019-12-30,459.41393192
2019-12-31,490.79643292
2020-01-01,461.35511755
2020-01-02,429.64908561
2020-01-03,461.03158661
2020-01-04,439.00585495
2020-01-05,497.14852832
2020-01-06,424.11382184
2020-01-07,486.89804320
2020-01-08,439.16922186
2020-01-09,473.76460914
2020-01-10,427.95775376
2020-01-11,448.77905166
2020-01-12,490.10131980
2020-01-13,430.84070270
2020-01-14,418.02759630
2020-01-15,447.81806868
2020-01-16,465.75641764
2020-01-17,446.21643038
2020-01-18,451.66200060
2020-01-19,490.74197512
2020-01-20,413.86333672
2020-01-21,459.34986444
2020-01-22,505.47704748
2020-01-23,387.59646860
2020-01-24,478.56952404
2020-01-25,421.81444084
2020-01-26,474.78268170
2020-01-27,470.02534020
2020-01-28,415.15733490
2020-01-29,398.66521770
2020-01-30,482.39442810
2020-01-31,463.36506210
2020-02-01,465.90231090
2020-02-02,382.49025660
2020-02-03,479.54002320
2020-02-04,465.26799870
2020-02-05,448.77588150
2020-02-06,448.77588150
2020-02-07,374.56135410
2020-02-08,512.84141370
2020-02-09,493.17773550
2020-02-10,435.45532530
2020-02-11,403.42255920
2020-02-12,461.77928160
2020-02-13,453.53322300
2020-02-14,408.17990070
2020-02-15,455.70621330
2020-02-16,483.58454760
2020-02-17,464.42957526
2020-02-18,409.47678576
2020-02-19,455.00909706
2020-02-20,413.24497704
2020-02-21,473.22202158
2020-02-22,454.38106518
2020-02-23,471.65194188
2020-02-24,396.28811628
2020-02-25,436.16814066
2020-02-26,441.50641164
2020-02-27,515.61417348
2020-02-28,419.83931178
2020-02-29,427.37569434
2020-03-01,440.87837976
2020-03-02,428.00372622
2020-03-03,417.95521614
2020-03-04,495.51715332
2020-03-05,417.32718426
2020-03-06,450.61287390
2020-03-07,529.43087484
2020-03-08,433.53786930
2020-03-09,460.14217046
2020-03-10,401.06986466
2020-03-11,459.20944980
2020-03-12,425.00969384
2020-03-13,399.20442327
2020-03-14,492.16557808
2020-03-15,429.05148307
2020-03-16,410.39707086
2020-03-17,446.46226796
2020-03-18,458.58763593
2020-03-19,451.12587105
2020-03-20,373.71005997
2020-03-21,390.80993792
