day,avg_block_voters,avg_block_poolsize,avg_block_difficulty,avg_hashrate
2016-02-08,0,0,35666.26261050,510.61810494
2016-02-09,0,863,148829.14060416,2130.72097196
2016-02-10,0,5128,228174.59591255,3266.67475741
2016-02-11,0,9645,149393.50402238,2138.80071337
2016-02-12,0,16212,142203.52811012,2035.86500870
2016-02-13,0,20285,215942.48707084,3091.55306595
2016-02-14,0,20969,225406.91817324,3227.05113949
2016-02-15,0,22120,176440.88791748,2526.02614428
2016-02-16,0,23492,160498.81224977,2297.79049887
2016-02-17,0,24590,251283.06427908,3597.50847706
2016-02-18,0,25569,275746.53423856,3947.74115513
2016-02-19,0,26228,253105.09607694,3623.59370034
2016-02-20,0,26821,220949.51822520,3163.23651615
2016-02-21,0,29876,246628.29511291,3530.86820593
2016-02-22,5,32023,259035.40817939,3708.49535546
2016-02-23,5,33477,213318.34851117,3053.98443497
2016-02-24,5,36596,243747.16901484,3489.62039804
2016-02-25,5,40089,302787.20407443,4334.87046382
2016-02-26,5,41356,306046.97730855,4381.53919527
2016-02-27,5,41633,269200.25640296,3854.02099109
2016-02-28,5,41341,253340.25397890,3626.96035200
2016-02-29,5,41071,263915.49036190,3778.36133337
2016-03-01,5,41476,267529.83030250,3830.10623951
2016-03-02,5,41491,271623.74790526,3888.71704690
2016-03-03,5,41724,263438.23854039,3771.52873016
2016-03-04,5,41820,268855.75075721,3849.08885615
2016-03-05,5,41749,256794.91221293,3676.41916578
2016-03-06,5,41780,255788.69168174,3662.01355153
2016-03-07,5,41626,265021.36518343,3794.19365401
2016-03-08,5,42227,269827.06422103,3862.99472135
2016-03-09,5,42444,257551.22098233,3687.24690388
2016-03-10,5,42335,259474.03914941,3714.77504103
2016-03-11,5,41650,314383.38251401,4500.88782101
2016-03-12,5,42092,296778.00127820,4248.83936554
2016-03-13,5,42015,278768.67428084,3991.00779728
2016-03-14,5,41783,257883.88730683,3692.00954049
2016-03-15,5,42191,271195.05785042,3882.57968101
2016-03-16,5,42241,291369.20997651,4171.40409303
2016-03-17,5,41874,263109.53896283,3766.82288370
2016-03-18,5,42060,267715.32441166,3832.76187662
2016-03-19,5,41578,319946.51309161,4580.53270066
2016-03-20,5,42186,334002.24979440,4781.76246552
2016-03-21,5,42099,304302.84757017,4356.56926131
2016-03-22,5,41660,271754.14702461,3890.58391341
2016-03-23,5,41986,290157.51757920,4154.05682897
2016-03-24,5,41557,317603.28061368,4546.98567779
2016-03-25,5,42191,291273.03749310,4170.02723413
2016-03-26,5,41576,286064.64923918,4095.46104341
2016-03-27,5,42849,320821.95131561,4593.06596246
2016-03-28,5,42082,339814.07520814,4864.96779913
2016-03-29,5,41810,329979.78748574,4724.17465197
2016-03-30,5,42339,325224.81255295,4656.09977921
2016-03-31,5,41641,354748.80351352,5078.78169795
2016-04-01,5,42176,334459.96896457,4788.31542841
2016-04-02,5,41595,351498.99526009,5032.25563073
2016-04-03,5,41965,371325.32703282,5316.10045261
2016-04-04,5,41608,365863.80816847,5237.91030291
2016-04-05,5,42539,369742.21870287,5293.43579093
2016-04-06,5,41925,355786.21429667,5093.63384924
2016-04-07,5,41559,322119.14038981,4611.63724463
2016-04-08,5,41855,378233.12547108,5414.99634721
2016-04-09,5,41439,376681.46637364,5392.78193028
2016-04-10,5,42506,343445.38497012,4916.95565470
2016-04-11,5,41976,334022.58080098,4782.05353555
2016-04-12,5,43122,326507.26268530,4674.46005047
2016-04-13,5,42031,343074.52465532,4911.64621162
2016-04-14,5,42797,345863.75693395,4951.57841634
2016-04-15,5,43019,385839.44571316,5523.89266948
2016-04-16,5,42205,396398.40222132,5675.06057909
2016-04-17,5,43104,375566.78737999,5376.82356420
2016-04-18,5,42743,333477.04514321,4774.24334286
2016-04-19,5,42417,334974.91161402,4795.68763454
2016-04-20,5,43579,383429.19254563,5489.38614105
2016-04-21,5,42338,396086.43168325,5670.59423490
2016-04-22,5,43150,378409.63287538,5417.52332564
2016-04-23,5,43218,414862.24737715,5939.39928277
2016-04-24,5,42849,474421.82386880,6792.08739342
2016-04-25,5,43759,489194.33712190,7003.57893109
2016-04-26,5,42840,480798.15897594,6883.37456260
2016-04-27,5,43157,525800.25995357,7527.64973576
2016-04-28,5,43696,534558.50871630,7653.03770912
2016-04-29,5,42702,489304.71285176,7005.15913159
2016-04-30,5,42605,548171.34196334,7847.92662112
2016-05-01,5,42884,574505.10500520,8224.93545794
2016-05-02,5,42340,592832.19522712,8487.31630172
2016-05-03,5,42317,610703.61787135,8743.17355435
2016-05-04,5,42492,581212.79112096,8320.96643294
2016-05-05,5,42770,594270.18846849,8507.90341487
2016-05-06,5,42258,579928.76883995,8302.58365392
2016-05-07,5,42275,548507.48744032,7852.73906722
2016-05-08,5,42284,619500.78280449,8869.11867331
2016-05-09,5,43039,610038.66307796,8733.65369072
2016-05-10,5,42057,579092.37912794,8290.60943239
2016-05-11,5,43176,505541.59930766,7237.61545265
2016-05-12,5,42513,501980.85863762,7186.63790356
2016-05-13,5,42683,592201.19269974,8478.28251766
2016-05-14,5,42082,573462.01071965,8210.00193846
2016-05-15,5,43345,651061.20812369,9320.95532195
2016-05-16,5,42445,653331.52317509,9353.45841828
2016-05-17,5,42440,616889.70933928,8831.73708950
2016-05-18,5,42530,665270.72535004,9524.38669455
2016-05-19,5,43067,685650.99042119,9816.16193443
2016-05-20,5,42667,698429.93259651,9999.11239683
2016-05-21,5,42437,656082.56736672,9392.84390105
2016-05-22,5,43384,675303.87773177,9668.02689907
2016-05-23,5,42652,721677.59932876,10331.93895791
2016-05-24,5,42771,698634.46256845,10002.04056197
2016-05-25,5,43283,702621.43606298,10059.12029786
2016-05-26,5,43050,647671.76988296,9272.43023397
2016-05-27,5,43365,649602.74233923,9300.07511246
2016-05-28,5,42478,778250.62455289,11141.86993515
2016-05-29,5,42710,810918.25198453,11609.55790668
2016-05-30,5,42101,695540.52284737,9957.74599557
2016-05-31,5,43315,666400.29905720,9540.55830165
2016-06-01,5,42425,821345.14565680,11758.83513108
2016-06-02,5,42850,801664.35871344,11477.07401014
2016-06-03,5,43232,720256.43570051,10311.59278689
2016-06-04,5,42444,876408.80196873,12547.15714127
2016-06-05,5,42300,929039.58859414,13300.64883234
2016-06-06,5,42739,770548.94223690,11031.60835625
2016-06-07,5,42215,742687.32647854,10632.72592793
2016-06-08,5,41979,783136.27069281,11211.81556979
2016-06-09,5,41879,771305.01373643,11042.43269746
2016-06-10,5,41793,698684.98162305,10002.76382092
2016-06-11,5,42298,773860.22475905,11079.01452338
2016-06-12,5,42515,825546.66507097,11818.98642601
2016-06-13,5,41829,820348.86878182,11744.57187576
2016-06-14,5,43258,827341.80170242,11844.68660309
2016-06-15,5,42337,805439.50815704,11531.12115480
2016-06-16,5,42125,636557.69168619,9113.31489270
2016-06-17,5,42957,556730.69675664,7970.46711750
2016-06-18,5,42203,754457.76129820,10801.23803663
2016-06-19,5,41948,806065.28570268,11540.08013511
2016-06-20,5,42639,782340.41275109,11200.42162368
2016-06-21,5,41834,726352.87886056,10398.87286687
2016-06-22,5,42332,720660.68546046,10317.38025189
2016-06-23,5,42245,747532.22360439,10702.08817696
2016-06-24,5,42495,814880.80236211,11666.28798761
2016-06-25,5,42028,735407.61800235,10528.50556183
2016-06-26,4,41817,700753.93749838,10032.38414700
2016-06-27,5,42225,768028.72313826,10995.52749422
2016-06-28,5,41872,747785.02663452,10705.70744611
2016-06-29,5,41763,769436.33846280,11015.67970017
2016-06-30,5,41604,853656.29972499,12221.41963114
2016-07-01,5,41793,749174.19914693,10725.59561448
2016-07-02,5,41780,722994.09975664,10350.78671219
2016-07-03,5,41735,830409.25353733,11888.60195413
2016-07-04,5,41834,834765.91274662,11950.97431687
2016-07-05,5,41415,844837.73589831,12095.16815370
2016-07-06,5,41269,832047.27175269,11912.05273635
2016-07-07,5,41448,864536.08732186,12377.18073753
2016-07-08,5,41275,948104.84374335,13573.59765686
2016-07-09,5,41143,840444.88315437,12032.27762413
2016-07-10,5,41419,818440.37636786,11717.24883409
2016-07-11,5,41578,915464.46974316,13106.29986066
2016-07-12,5,41823,873755.01005537,12509.16397635
2016-07-13,5,41513,776075.40280780,11110.72824763
2016-07-14,5,41673,654774.72018555,9374.12003148
2016-07-15,5,41390,759409.27614217,10872.12668437
2016-07-16,5,41177,767137.34782680,10982.76606819
2016-07-17,5,41158,804606.34572443,11519.19313680
2016-07-18,5,41243,831523.74623468,11904.55765308
2016-07-19,5,41079,799841.61512457,11450.97859647
2016-07-20,5,42069,784089.02871964,11225.45578501
2016-07-21,5,41529,804266.23603498,11514.32393682
2016-07-22,5,41562,758941.51992919,10865.43002557
2016-07-23,5,41566,729841.22045136,10448.81391037
2016-07-24,5,41485,821939.10198112,11767.33854104
2016-07-25,5,41230,850800.77049441,12180.53828228
2016-07-26,5,41439,673429.85291036,9641.19731467
2016-07-27,4,41253,579522.29698062,8296.76437612
2016-07-28,4,42176,634669.25098161,9086.27892248
2016-07-29,4,41611,659134.70271474,9436.53997273
2016-07-30,5,42341,690142.75424672,9880.46853020
2016-07-31,5,42038,795539.32699284,11389.38464039
2016-08-01,5,42168,773622.14354842,11075.60602001
2016-08-02,5,41993,705794.62267744,10104.54940697
2016-08-03,5,42795,714857.69305210,10234.30137651
2016-08-04,5,42034,698300.91707572,9997.26533869
2016-08-05,5,41791,650578.53281307,9314.04507304
2016-08-06,5,42704,652274.55139656,9338.32622087
2016-08-07,5,42143,715155.34236956,10238.56269012
2016-08-08,5,42071,697611.86172189,9987.40043799
2016-08-09,5,41697,692828.11706085,9918.91368175
2016-08-10,5,41625,717742.15204560,10275.59689999
2016-08-11,5,41421,774651.56578771,11090.34380284
2016-08-12,5,41414,708233.04792590,10139.45926263
2016-08-13,5,41251,727637.02211555,10417.25737782
2016-08-14,5,41777,834504.35011752,11947.22964042
2016-08-15,5,41728,932398.91940543,13348.74288557
2016-08-16,5,42272,835654.93610767,11963.70207108
2016-08-17,5,41575,950421.16413221,13606.75939125
2016-08-18,5,41451,905249.62678417,12960.05847251
2016-08-19,5,41393,981447.70617253,14050.95266915
2016-08-20,5,41386,964159.99439194,13803.45214675
2016-08-21,5,41529,916780.88454259,13125.14638903
2016-08-22,5,41274,1024105.99556548,14661.67252864
2016-08-23,5,42335,863664.99327808,12364.70966943
2016-08-24,5,41694,759667.33596143,10875.82121265
2016-08-25,5,42500,947201.30505494,13560.66209313
2016-08-26,5,41668,981904.94927008,14057.49881632
2016-08-27,5,42377,890349.28407295,12746.73685703
2016-08-28,5,41831,1047925.39056807,15002.68427046
2016-08-29,5,42317,1030483.78711075,14752.98054900
2016-08-30,5,41950,852308.13265054,12202.11851950
2016-08-31,5,41977,846707.83320245,12121.94150957
2016-09-01,5,41605,978183.27960195,14004.21731795
2016-09-02,5,41516,991870.27934964,14200.16803894
2016-09-03,5,41423,885393.08444103,12675.78113926
2016-09-04,5,41332,947893.40977628,13570.57065028
2016-09-05,5,41642,1134362.05750557,16240.15979603
2016-09-06,5,41496,1020246.58733146,14606.41908815
2016-09-07,5,41860,865930.19457638,12397.13955441
2016-09-08,5,41363,917905.15549676,13141.24207896
2016-09-09,5,41770,873820.39518523,12510.10006633
2016-09-10,5,42311,962048.56629284,13773.22376464
2016-09-11,5,41842,932189.11054686,13345.73914495
2016-09-12,5,42305,1083458.36319941,15511.39412173
2016-09-13,5,42213,977413.22741968,13993.19282148
2016-09-14,5,42055,956427.78823344,13692.75357149
2016-09-15,5,42023,892243.66394908,12773.85785575
2016-09-16,5,41733,855965.63957830,12254.48142830
2016-09-17,5,41566,864008.27773936,12369.62432121
2016-09-18,5,41825,989508.42845935,14166.35446450
2016-09-19,5,41754,1040466.81175441,14895.90309686
2016-09-20,5,42469,956778.89292944,13697.78018212
2016-09-21,5,42008,868917.96252930,12439.91410657
2016-09-22,5,42785,911850.51075656,13054.56040847
2016-09-23,5,41816,1000976.84936861,14330.54277364
2016-09-24,5,42992,1003530.46025993,14367.10169119
2016-09-25,5,42326,914859.69203824,13097.64152578
2016-09-26,5,42189,889647.92662523,12736.69583270
2016-09-27,5,42319,925397.41216747,13248.50540354
2016-09-28,5,41901,898864.98737921,12868.65241438
2016-09-29,5,42748,881219.60980269,12616.03134899
2016-09-30,5,42426,950296.81533450,13604.97914452
2016-10-01,5,43032,1000928.81523047,14329.85509013
2016-10-02,5,42348,950790.51630545,13612.04724293
2016-10-03,5,42228,932329.45334291,13347.74837068
2016-10-04,5,43072,878935.33634353,12583.32841631
2016-10-05,5,42529,845852.09503382,12109.69028474
2016-10-06,5,42204,868950.23203497,12440.37609481
2016-10-07,5,41884,955970.96354046,13686.21341444
2016-10-08,5,42831,897150.33475899,12844.10449128
2016-10-09,5,42179,1010640.12442825,14468.88760815
2016-10-10,5,42924,942887.80514539,13498.90762299
2016-10-11,5,42394,918937.07260369,13156.01557972
2016-10-12,5,42858,925284.43024586,13246.88789135
2016-10-13,5,42189,1000381.87943641,14322.02485230
2016-10-14,5,43130,923605.98923445,13222.85839384
2016-10-15,5,42588,927313.11043856,13275.93160829
2016-10-16,5,42170,961862.65695436,13770.56218288
2016-10-17,5,42312,986320.16309329,14120.70947957
2016-10-18,5,42125,965752.44114168,13826.25050245
2016-10-19,5,42682,1082448.39983585,15496.93492301
2016-10-20,5,42236,1107366.37868443,15853.67460380
2016-10-21,5,42057,1012921.98471749,14501.55599254
2016-10-22,5,43114,1111203.26874704,15908.60566159
2016-10-23,5,42332,1058094.58314134,15148.27210222
2016-10-24,5,42279,969166.12149358,13875.12265402
2016-10-25,5,42029,966834.70147232,13841.74474487
2016-10-26,5,42709,970698.03252647,13897.05434664
2016-10-27,5,42446,1147668.66766400,16430.66464754
2016-10-28,5,42841,1071988.12678599,15347.17982082
2016-10-29,5,42373,982647.65757350,14068.13184256
2016-10-30,5,43212,968785.84863556,13869.67845572
2016-10-31,5,42198,906098.57696151,12972.21251667
2016-11-01,5,42557,878157.29592562,12572.18955581
2016-11-02,5,42036,837367.74294156,11988.22356886
2016-11-03,5,41933,821342.33177122,11758.79484593
2016-11-04,5,41994,750297.08191766,10741.67143040
2016-11-05,5,41553,776752.10090999,11120.41623503
2016-11-06,5,41533,922424.49143801,13205.94341252
2016-11-07,5,41531,869186.04343917,12443.75210237
2016-11-08,5,41997,787186.62493143,11269.80269976
2016-11-09,5,41501,800714.56856738,11463.47628476
2016-11-10,5,41580,764345.94348683,10942.80276702
2016-11-11,5,42018,750444.79352491,10743.78615214
2016-11-12,5,41860,805696.40133393,11534.79898078
2016-11-13,5,42702,935526.24123739,13393.51536888
2016-11-14,5,42311,842425.94486874,12060.63960838
2016-11-15,5,41928,859342.24007952,12302.82272404
2016-11-16,5,42326,835458.33934692,11960.88748222
2016-11-17,5,41693,831094.02048793,11898.40545966
2016-11-18,5,42712,854303.17498348,12230.68065808
2016-11-19,5,42115,880638.16035700,12607.70699448
2016-11-20,5,42978,903121.30973071,12929.58829871
2016-11-21,5,42264,1035303.13378003,14821.97700344
2016-11-22,5,43423,894235.89994496,12802.37981724
2016-11-23,5,42283,817181.03888533,11699.21945641
2016-11-24,5,42094,845270.67062361,12101.36628865
2016-11-25,5,42100,850606.18809692,12177.75253217
2016-11-26,4,41762,751711.48567799,10761.92082338
2016-11-27,5,42369,756904.91303538,10836.27282556
2016-11-28,5,42177,795834.87532494,11393.61587512
2016-11-29,5,42486,798766.18033318,11435.58207227
2016-11-30,5,42461,831945.04278093,11910.58916938
2016-12-01,5,42337,847392.30185315,12131.74074447
2016-12-02,5,42140,807577.10784374,11561.72422396
2016-12-03,5,43356,870926.79625613,12468.67369043
2016-12-04,5,42351,939137.02043747,13445.20929747
2016-12-05,5,43349,871486.66120749,12476.68902929
2016-12-06,5,42309,782972.19699895,11209.46659929
2016-12-07,5,42157,835637.36400905,11963.45049912
2016-12-08,5,42025,876950.82872847,12554.91709863
2016-12-09,5,42172,849641.21757764,12163.93747610
2016-12-10,5,41653,865249.40613672,12387.39300747
2016-12-11,5,42755,896907.11628821,12840.62244003
2016-12-12,5,41921,884148.64974354,12657.96511817
2016-12-13,5,43032,886673.80318437,12694.11662299
2016-12-14,5,42181,841148.67025943,12042.35343279
2016-12-15,5,43295,829038.34213533,11868.97522200
2016-12-16,5,42485,878846.56207886,12582.05747444
2016-12-17,5,43257,942360.01377019,13491.35146734
2016-12-18,5,42097,856421.73051589,12261.01108050
2016-12-19,5,43288,785127.22719228,11240.31921330
2016-12-20,5,42683,875450.16639383,12533.43277980
2016-12-21,5,43597,928704.47206847,13295.85111728
2016-12-22,5,42520,872834.14266908,12495.98032532
2016-12-23,5,42543,854767.26320655,12237.32480388
2016-12-24,5,42536,865516.64110932,12391.21889236
2016-12-25,5,42340,872749.94256315,12494.77486965
2016-12-26,5,43120,840375.49313634,12031.28419793
2016-12-27,5,42050,752238.07719419,10769.45980118
2016-12-28,5,43168,746892.10898652,10692.92393913
2016-12-29,5,42307,794530.87932905,11374.94714127
2016-12-30,5,43454,786685.98764140,11262.63529714
2016-12-31,5,42511,847288.93184768,12130.26084183
2017-01-01,5,43059,820577.10656992,11747.83945521
2017-01-02,5,42095,829459.95587433,11875.01127941
2017-01-03,5,43276,814072.57770330,11654.71699269
2017-01-04,5,42434,809489.48819501,11589.10292751
2017-01-05,5,43593,875910.34190298,12540.02090900
2017-01-06,5,42653,915686.33058139,13109.47614414
2017-01-07,5,43862,885034.13225720,12670.64217963
2017-01-08,5,42779,827025.37762818,11840.15649958
2017-01-09,5,42614,854839.79529745,12238.36321374
2017-01-10,5,42765,795450.28489049,11388.10986400
2017-01-11,5,42940,867577.95216180,12420.72977089
2017-01-12,5,43042,916960.60177577,13127.71932116
2017-01-13,5,43353,788991.82567174,11295.64696024
2017-01-14,5,43044,805664.75460667,11534.34590859
2017-01-15,5,42684,962232.23424580,13775.85325748
2017-01-16,5,42747,1013823.25586685,14514.45909291
2017-01-17,5,43132,917466.48350578,13134.96180611
2017-01-18,5,43188,930604.56307790,13323.05387976
2017-01-19,5,43327,934106.11465306,13373.18404476
2017-01-20,5,42985,925417.04360449,13248.78645814
2017-01-21,5,42775,929672.41415243,13309.70871593
2017-01-22,5,42858,966758.90127555,13840.65954698
2017-01-23,5,43095,930996.49525750,13328.66499941
2017-01-24,5,43137,830805.41016082,11894.27355327
2017-01-25,5,43385,908390.56023586,13005.02582736
2017-01-26,5,43155,909223.84934183,13016.95565889
2017-01-27,5,43366,927231.90547643,13274.76903276
2017-01-28,5,43188,931421.39383570,13334.74808440
2017-01-29,5,43334,967708.69546895,13854.25733031
2017-01-30,5,43196,1069147.71355935,15306.51488110
2017-01-31,5,43329,1106532.40528117,15841.73497549
2017-02-01,5,43189,1194860.70793277,17106.29221282
2017-02-02,5,43446,1260534.06487568,18046.50861378
2017-02-03,5,43190,1340490.27315648,19191.20627938
2017-02-04,5,43672,1565394.57372259,22411.06166491
2017-02-05,5,43057,1964367.95536027,28122.98708528
2017-02-06,5,43803,1822477.99785822,26091.61132827
2017-02-07,5,43464,1437904.69864040,20585.84551808
2017-02-08,5,43786,1472986.91974312,21088.10215911
2017-02-09,5,43432,1642339.54020373,23512.64871368
2017-02-10,5,43841,1611934.98029912,23077.36007888
2017-02-11,5,43383,1658485.08848924,23743.79738655
2017-02-12,5,43899,1715859.51521959,24565.20167466
2017-02-13,5,43352,1903888.30823506,27257.12673035
2017-02-14,5,44124,1880109.48519748,26916.69583941
2017-02-15,5,43594,1718204.21867479,24598.76975686
2017-02-16,5,44195,1575165.25789175,22550.94422813
2017-02-17,5,43688,1676397.94286008,24000.24779889
2017-02-18,5,43721,1890094.01464166,27059.63993084
2017-02-19,5,43145,1947491.36557675,27881.37241465
2017-02-20,5,42944,1775199.49490112,25414.74591492
2017-02-21,5,42580,1809809.48417948,25910.24182180
2017-02-22,5,42307,2078587.98881451,29758.22477939
2017-02-23,5,42097,1816387.21831479,26004.41233178
2017-02-24,5,42075,1718352.49697970,24600.89259176
2017-02-25,5,41772,2024947.65410187,28990.27983493
2017-02-26,5,41737,1809397.29409844,25904.34067875
2017-02-27,5,41962,1773148.68500173,25385.38537676
2017-02-28,5,41690,2002433.03056318,28667.94792900
2017-03-01,5,41441,1809848.67779597,25910.80293948
2017-03-02,5,41370,1699769.09610086,24334.84226168
2017-03-03,5,41434,1681336.34853380,24070.94876843
2017-03-04,5,41460,1696173.72798146,24283.36896672
2017-03-05,5,41462,1906133.86989377,27289.27544331
2017-03-06,5,41858,1858866.49367096,26612.56932649
2017-03-07,5,41540,1698031.22809882,24309.96197424
2017-03-08,5,41542,1826620.60880522,26150.91925673
2017-03-09,5,41343,2097916.70311020,30034.94543197
2017-03-10,5,41293,1915393.61628845,27421.84313642
2017-03-11,5,41164,1935008.04693876,27702.65426366
2017-03-12,5,41218,2064077.11561715,29550.47902666
2017-03-13,5,41217,2345006.10369460,33572.41508096
2017-03-14,5,41046,2268849.34382424,32482.11243759
2017-03-15,5,40911,2173096.24918302,31111.25773767
2017-03-16,5,41120,2218795.20384528,31765.50945679
2017-03-17,5,41007,2542163.57793946,36395.03142777
2017-03-18,5,41307,2529163.37292740,36208.91324321
2017-03-19,5,41021,2330397.57659623,33363.27126053
2017-03-20,5,41086,2229816.64188647,31923.29850993
2017-03-21,5,41667,2735518.17453116,39163.20365742
2017-03-22,5,41545,2907255.53042595,41621.89141432
2017-03-23,5,41838,2637286.44908908,37756.86349674
2017-03-24,5,41511,2749756.86324242,39367.05266526
2017-03-25,5,41945,3086137.30231095,44182.86261464
2017-03-26,5,41755,3140086.41244223,44955.22816018
2017-03-27,5,41438,4140062.49330670,59271.44337383
2017-03-28,5,42413,4106627.32856958,58792.76691022
2017-03-29,5,41704,3586003.46937129,51339.22541431
2017-03-30,5,41990,3199528.92419483,45806.24030674
2017-03-31,5,42327,3385169.31710141,48463.97169458
2017-04-01,5,42219,3737264.87357121,53504.76802826
2017-04-02,5,42461,4165218.61489254,59631.59243885
2017-04-03,5,42052,4139988.64718448,59270.38615156
2017-04-04,5,41871,4039966.17502502,57838.40866226
2017-04-05,5,42995,4120068.43345906,58985.19726330
2017-04-06,5,42052,4412281.96065937,63168.68907254
2017-04-07,5,43323,4088181.41280390,58528.68489369
2017-04-08,5,42255,4120085.44595515,58985.44082368
2017-04-09,5,43223,4721938.16290181,67601.89994466
2017-04-10,5,42294,5692668.37899126,81499.41504914
2017-04-11,5,43487,5018059.53356942,71841.33862021
2017-04-12,5,42593,5030501.76267105,72019.46851047
2017-04-13,5,43575,5681902.40190096,81345.28331743
2017-04-14,5,42549,5428517.50858742,77717.68388382
2017-04-15,5,43779,5203412.04564697,74494.94854555
2017-04-16,5,42858,5213088.31824845,74633.47946012
2017-04-17,5,43951,4936167.84605288,70668.93155455
2017-04-18,5,42943,5361599.19275919,76759.64395720
2017-04-19,5,44003,5631063.14507945,80617.44016609
2017-04-20,5,43162,5617378.78004418,80421.52716511
2017-04-21,5,43988,6140342.36806843,87908.56552366
2017-04-22,5,43171,6672048.05502015,95520.76064551
2017-04-23,5,44446,6447974.02553175,92312.79188372
2017-04-24,5,43415,3896703.54046014,55787.38089495
2017-04-25,5,43844,4130659.39684935,59136.82340128
2017-04-26,5,43060,7433772.58804779,106426.03383856
2017-04-27,5,44286,7242361.85665696,103685.69106713
2017-04-28,5,43203,5919563.43050898,84747.77113545
2017-04-29,5,44141,5949694.92936167,85179.15047595
2017-04-30,5,43159,7023991.15158728,100559.37427820
2017-05-01,5,44260,7378055.17353746,105628.35226142
2017-05-02,5,43238,7530073.81502847,107804.73590671
2017-05-03,5,44309,7256431.29967226,103887.11705921
2017-05-04,5,43328,7157809.98921698,102475.19938223
2017-05-05,5,44503,7133673.37128588,102129.64610006
2017-05-06,5,43416,6767032.10564199,96880.60528238
2017-05-07,5,44411,7745752.12319814,110892.50684020
2017-05-08,5,43353,8232463.24085462,117860.53461664
2017-05-09,5,44455,7910564.06319032,113252.04648105
2017-05-10,5,43324,7255816.35351516,103878.31314710
2017-05-11,5,44364,7125661.63149352,102014.94556542
2017-05-12,5,43364,7543722.44126108,108000.13725106
2017-05-13,5,44372,8027321.14562080,114923.60598310
2017-05-14,5,43296,8462174.27520974,121149.20588359
2017-05-15,5,44394,8151411.71534324,116700.15577877
2017-05-16,5,43418,7821184.17835945,111972.43420682
2017-05-17,5,44550,6737096.74092050,96452.03390747
2017-05-18,5,43455,7565513.28934152,108312.10718392
2017-05-19,5,43181,8319655.76337770,119108.83139228
2017-05-20,5,43121,7630634.25492918,109244.41524220
2017-05-21,5,43269,7197806.00222694,103047.80460839
2017-05-22,5,43422,7172273.96991230,102682.27379575
2017-05-23,5,43386,6932516.63830000,99249.77413491
2017-05-24,5,43588,6831335.21270936,97801.20442200
2017-05-25,5,43329,6305558.00365770,90273.88469580
2017-05-26,5,43595,6362079.36807775,91083.07606817
2017-05-27,5,43545,6668011.12319956,95462.96567835
2017-05-28,5,43556,7147838.31564227,102332.43934260
2017-05-29,5,43595,7739137.19107113,110797.80378303
2017-05-30,5,43642,7351727.25925178,105251.42715866
2017-05-31,5,43740,6952463.90345955,99535.35030660
2017-06-01,5,43798,6749390.38196319,96628.03652823
2017-06-02,5,43832,7443701.08496414,106568.17573707
2017-06-03,5,43655,8755870.06562119,125353.91859956
2017-06-04,5,43687,7975834.65802048,114186.49671501
2017-06-05,5,43797,7308371.18320138,104630.71739626
2017-06-06,5,43795,7535673.98659694,107884.91108584
2017-06-07,5,43841,7262100.14091122,103968.27535164
2017-06-08,5,43803,7355158.21168760,105300.54658701
2017-06-09,5,43825,7594474.96031857,108726.73861620
2017-06-10,5,43883,7904995.04760275,113172.31734832
2017-06-11,5,43772,8122512.54391463,116286.41912488
2017-06-12,5,43967,8808309.45222008,126104.67010111
2017-06-13,5,43698,9001957.91156489,128877.04943380
2017-06-14,5,43735,8029239.14724686,114951.06516396
2017-06-15,5,43759,7452603.99337554,106695.63473862
2017-06-16,5,43780,7831472.18240398,112119.72300986
2017-06-17,5,43633,8911534.02452280,127582.49064172
2017-06-18,5,43807,9298611.61794299,133124.10932424
2017-06-19,5,43729,8426338.76680494,120636.16476148
2017-06-20,5,43821,8003949.51904360,114589.00474376
2017-06-21,5,43756,8150101.49517545,116681.39793620
2017-06-22,5,43840,8888542.06862438,127253.32497954
2017-06-23,5,43822,8307663.01325442,118937.13649372
2017-06-24,5,43968,9129393.93757585,130701.49464730
2017-06-25,5,43780,9353398.61941709,133908.47058949
2017-06-26,5,43954,8763100.32250689,125457.43098911
2017-06-27,5,43856,8994909.98375249,128776.14736894
2017-06-28,5,43959,8746548.03789998,125220.45925224
2017-06-29,5,43844,9153533.49887690,131047.09006839
2017-06-30,5,44117,10010726.75724620,143319.14677188
2017-07-01,5,43795,10888429.82911330,155884.83340278
2017-07-02,5,44081,10043408.63853930,143787.03880963
2017-07-03,5,43943,9212980.74541663,131898.17000081
2017-07-04,5,43946,10952059.84375020,156795.79617581
2017-07-05,5,43353,10656069.05843730,152558.22703302
2017-07-06,5,42904,10225808.20198040,146398.37267558
2017-07-07,5,42640,10946992.62463470,156723.25104120
2017-07-08,5,42380,11176946.24342180,160015.39528215
2017-07-09,5,42238,11047787.37064180,158166.28483356
2017-07-10,5,42015,11183442.28605570,160108.39625104
2017-07-11,5,41704,11912542.85336220,170546.60655797
2017-07-12,5,41589,11972654.69917920,171407.20126425
2017-07-13,5,41024,11792657.03222250,168830.25428780
2017-07-14,5,40642,12378374.48451020,177215.71196204
2017-07-15,5,40338,11022053.18718230,157797.85991240
2017-07-16,5,39921,10998900.05707170,157466.38679032
2017-07-17,5,40018,11530219.13525170,165073.04700540
2017-07-18,5,40020,11789956.31232110,168791.58927563
2017-07-19,5,40118,12631643.19067060,180841.64799557
2017-07-20,5,40636,11932157.61567050,170827.42243341
2017-07-21,5,41369,11032170.61016360,157942.70658182
2017-07-22,5,41320,12090761.43519860,173098.08315972
2017-07-23,5,41134,12549077.56785310,179659.59249632
2017-07-24,5,41019,13071968.07003830,187145.58451724
2017-07-25,5,40705,13255816.56470020,189777.66209054
2017-07-26,5,40486,12849872.61461770,183965.94212516
2017-07-27,5,40393,12885899.72077400,184481.72626753
2017-07-28,5,41012,13223335.97336080,189312.65183202
2017-07-29,5,41121,13317792.86766850,190664.94940513
2017-07-30,5,41106,12166369.72730430,174180.53363273
2017-07-31,5,41004,12742864.47312040,182433.95389804
2017-08-01,5,41175,13159113.47286980,188393.20670110
2017-08-02,5,41230,12705375.93818940,181897.24712636
2017-08-03,5,41048,13604223.79715110,194765.65432076
2017-08-04,5,40867,13425180.73513980,192202.37400105
2017-08-05,5,40796,13767342.75096760,197100.95622743
2017-08-06,5,40770,14351987.33431090,205471.05411157
2017-08-07,5,40769,12952744.40608040,185438.71205854
2017-08-08,5,40963,12901528.10757060,184705.47096813
2017-08-09,5,40979,13595595.06434160,194642.12057002
2017-08-10,5,41002,15398083.42410830,220447.54909209
2017-08-11,5,41050,14913877.29686030,213515.38415524
2017-08-12,5,41132,14822622.12653350,212208.92424809
2017-08-13,5,41042,13967442.02701570,199965.68904936
2017-08-14,5,40953,13773852.55010510,197194.15414209
2017-08-15,5,40953,13706679.85369350,196232.47236119
2017-08-16,5,41137,15268315.29451050,218589.71618313
2017-08-17,5,41156,16113233.27106780,230686.03310685
2017-08-18,5,41014,13873100.72545820,198615.04636652
2017-08-19,5,40871,14616721.39324490,209261.13452910
2017-08-20,5,40942,15513977.73915910,222106.75673520
2017-08-21,5,40930,16103825.97645470,230551.35303116
2017-08-22,5,40911,14460604.75906630,207026.08173524
2017-08-23,5,40951,13865637.75731510,198508.20235284
2017-08-24,5,40983,15746027.67059820,225428.91295710
2017-08-25,5,40884,16817875.06986410,240774.07804427
2017-08-26,5,40830,15099451.81468810,216172.17243871
2017-08-27,5,40561,14092664.28506790,201758.44072625
2017-08-28,5,40819,15679102.55286300,224470.77565059
2017-08-29,5,40869,16988140.82595320,243211.69755770
2017-08-30,5,40835,19478413.86202750,278863.83505120
2017-08-31,5,40910,17906962.75534300,256366.06468296
2017-09-01,5,41295,18021029.76514310,257999.11160511
2017-09-02,5,41634,20094616.62758030,287685.73747038
2017-09-03,5,41515,19904646.78523480,284966.02327005
2017-09-04,5,41359,19951956.94216080,285643.34185927
2017-09-05,5,41139,20983030.00364640,300404.75878883
2017-09-06,5,40998,22002048.48652340,314993.59564875
2017-09-07,5,40916,19473154.94480480,278788.54545959
2017-09-08,5,40803,21910309.44112990,313680.20831631
2017-09-09,5,40746,20721443.61930160,296659.74223603
2017-09-10,5,40859,18477101.99667460,264528.49600191
2017-09-11,5,40790,19038699.08344290,272568.63307258
2017-09-12,5,40681,19513903.47418330,279371.92412973
2017-09-13,5,40748,21114197.22479490,302282.62187263
2017-09-14,5,40833,20134440.79626150,288255.88247730
2017-09-15,5,40928,19770070.85588030,283039.35921869
2017-09-16,5,40844,22283294.01092860,319020.06341364
2017-09-17,5,40758,22558411.70839600,322958.80179088
2017-09-18,5,40811,21205676.60209300,303592.29165181
2017-09-19,5,40838,19823015.97912330,283797.35112807
2017-09-20,5,41203,19956843.78073660,285713.30456548
2017-09-21,5,41374,21798820.81760140,312084.07500987
2017-09-22,5,41278,21444596.46901720,307012.80170115
2017-09-23,5,41146,19359613.09522890,277163.01702407
2017-09-24,5,40968,19353841.22679550,277080.38373688
2017-09-25,5,40902,22281353.68564760,318992.28463489
2017-09-26,5,40856,22618037.31677410,323812.43525084
2017-09-27,5,40809,22558052.88664280,322953.66469856
2017-09-28,5,40721,20298026.45889360,290597.86604764
2017-09-29,5,40810,21667618.10573370,310205.70382115
2017-09-30,5,40837,24102491.49379900,345064.70905995
2017-10-01,5,40885,22363874.99203150,320173.70567536
2017-10-02,5,40826,23700102.37046770,339303.88197670
2017-10-03,5,40975,23023135.47010210,329612.04631822
2017-10-04,5,41180,22815561.62715050,326640.30342828
2017-10-05,5,41171,23528791.23879620,336851.29628347
2017-10-06,5,41085,23095298.40007520,330645.17106561
2017-10-07,5,41093,24632983.04428450,352659.52192708
2017-10-08,5,40913,25260444.17466510,361642.60537540
2017-10-09,5,40761,24729659.06606400,354043.58976658
2017-10-10,5,40543,22411158.97274700,320850.64951135
2017-10-11,5,40514,22592532.66758010,323447.29647023
2017-10-12,5,40557,23491250.91952920,336313.84813836
2017-10-13,5,41119,24651634.95552490,352926.55308970
2017-10-14,5,41533,23805624.66317230,340814.59796392
2017-10-15,5,41539,23027692.06002090,329677.28100050
2017-10-16,5,41357,21709472.43392180,310804.91372369
2017-10-17,5,41246,22754972.65783190,325772.87795587
2017-10-18,5,41059,25631615.63236860,366956.50294889
2017-10-19,5,40882,25858377.05694640,370202.94595741
2017-10-20,5,40933,23707711.01961220,339412.81164085
2017-10-21,5,40824,24190585.28854700,346325.90895136
2017-10-22,5,41231,25143427.44367550,359967.32859978
2017-10-23,5,41321,25348265.18386350,362899.89991677
2017-10-24,5,41567,26965712.72848330,386056.18094055
2017-10-25,5,43412,26671985.74263310,381851.02161329
2017-10-26,5,42814,23357569.36069880,334399.98839418
2017-10-27,5,41627,23281638.41608310,333312.91864792
2017-10-28,5,40940,24952804.93698860,357238.27049278
2017-10-29,5,40529,27144920.20392970,388621.81509469
2017-10-30,5,39837,24226685.22595310,346842.73578652
2017-10-31,5,40696,22103451.21875030,316445.33371088
2017-11-01,5,40825,24281514.46888740,347627.70180407
2017-11-02,5,40552,25033812.51371100,358398.02013528
2017-11-03,5,40970,24467059.08964490,350284.06206441
2017-11-04,5,40948,21198595.22100490,303490.91065120
2017-11-05,5,40824,22431378.96738970,321140.13023040
2017-11-06,5,40629,22639631.13109000,324121.58433845
2017-11-07,5,40577,24398559.15601340,349303.37881533
2017-11-08,5,40622,23905227.09943520,342240.56198509
2017-11-09,5,40951,22202922.50162360,317869.42006699
2017-11-10,5,40814,24082299.32275360,344775.62667903
2017-11-11,5,40738,26357822.14375390,377353.28033736
2017-11-12,5,40812,23630983.88512490,338314.34319639
2017-11-13,5,40820,21198045.30347380,303483.03772515
2017-11-14,5,40850,21184454.66234800,303288.46652793
2017-11-15,5,40804,21769893.71386280,311669.93846146
2017-11-16,5,40729,22373260.46178030,320308.07329412
2017-11-17,5,40652,25020055.76699600,358201.07087781
2017-11-18,5,40663,26360273.75765780,377388.37900916
2017-11-19,5,40784,22220635.83348990,318123.01400388
2017-11-20,5,40927,21711280.70446770,310830.80193322
2017-11-21,5,40912,24248705.99281760,347157.99736490
2017-11-22,5,40997,22681919.94665240,324727.01460454
2017-11-23,5,40796,24926213.74560130,356857.57616821
2017-11-24,5,40600,25024513.38832200,358264.88867052
2017-11-25,5,40309,26236422.26381890,375615.25195716
2017-11-26,5,40096,25884495.87062500,370576.87745927
2017-11-27,5,40007,26089255.72969720,373508.33378677
2017-11-28,5,41732,26094385.16182730,373581.76959759
2017-11-29,5,42424,26579287.90653840,380523.90769850
2017-11-30,5,42499,25756274.77050930,368741.19268709
2017-12-01,5,42290,26147727.75514270,374345.45191016
2017-12-02,5,41786,27659609.82398780,395990.39871382
2017-12-03,5,41313,25875641.05608610,370450.10699642
2017-12-04,5,40696,23372614.51224390,334615.38317367
2017-12-05,5,40295,25458233.55001430,364474.26837080
2017-12-06,5,40882,27226570.05599100,389790.75990911
2017-12-07,5,41038,25144087.82835500,359976.78303512
2017-12-08,5,40975,23362865.38587690,334475.80924397
2017-12-09,5,40781,22701168.18150580,325002.58306854
2017-12-10,5,40734,22551720.20943690,322863.00256025
2017-12-11,5,40575,22588433.13272560,323388.60524313
2017-12-12,5,40414,22208027.87758300,317942.51147626
2017-12-13,5,40456,24303462.26177900,347941.91864637
2017-12-14,5,40161,29214536.08700910,418251.59020505
2017-12-15,5,40093,26498583.22361690,379368.49445256
2017-12-16,5,40931,25851014.97426390,370097.54627623
2017-12-17,5,41716,28010228.68330450,401010.05382758
2017-12-18,5,41816,28336668.76760040,405683.55211476
2017-12-19,5,41684,24240557.58058470,347041.34015138
2017-12-20,5,41436,29504072.02259410,422396.74811957
2017-12-21,5,41196,30214317.79042510,432565.02260276
2017-12-22,5,40985,25856904.71997360,370181.86716025
2017-12-23,5,40784,27384814.50158990,392056.27563785
2017-12-24,5,40644,28985785.11889060,414976.66378173
2017-12-25,5,40450,30510135.47661080,436800.11356191
2017-12-26,5,40692,29248480.50422730,418737.55741116
2017-12-27,5,40617,29687744.38003700,425026.30401422
2017-12-28,5,40504,27576667.09680610,394802.94437820
2017-12-29,5,40650,28162444.58034710,403189.26149334
2017-12-30,5,40699,30162642.34240920,431825.20807197
2017-12-31,5,40845,29029641.58510140,415604.53740870
2018-01-01,5,41424,29666037.45312730,424715.53554364
2018-01-02,5,41567,28275775.43448850,404811.76920056
2018-01-03,5,41597,30918823.18174430,442651.11465466
2018-01-04,5,41486,33545922.99861900,480262.14064401
2018-01-05,5,41525,31480992.96828850,450699.45081469
2018-01-06,5,41262,30394317.80508930,435142.00319029
2018-01-07,5,40923,30859574.55917420,441802.87833376
2018-01-08,5,40820,33771652.25087160,483493.80649793
2018-01-09,5,40821,33051751.79988440,473187.31018671
2018-01-10,5,41031,30634353.97119340,438578.49480121
2018-01-11,5,40814,33878116.46122960,485018.00750354
2018-01-12,5,40700,32146109.37577950,460221.62820871
2018-01-13,5,40824,29473016.63648270,421952.14189386
2018-01-14,5,40984,34312983.25389220,491243.80301221
2018-01-15,5,40910,37331688.83053630,534461.27543868
2018-01-16,5,40959,40040789.28821040,573246.26832963
2018-01-17,5,40964,33033559.55893220,472926.85992028
2018-01-18,5,40776,33363109.39292880,477644.87911833
2018-01-19,5,40728,36414092.26365910,521324.45128647
2018-01-20,5,40703,39400541.14115060,564080.11881982
2018-01-21,5,40499,44468911.38443010,636641.73361617
2018-01-22,5,40327,45225952.83313870,647479.96116257
2018-01-23,5,40582,44977845.84497100,643927.92316227
2018-01-24,5,40620,46294111.98435490,662772.32323388
2018-01-25,5,40860,53544231.13155180,766569.07199827
2018-01-26,5,40909,52170025.41280060,746895.17659823
2018-01-27,5,41064,49447195.13171910,707913.61989888
2018-01-28,5,41052,59840273.78995270,856706.72970512
2018-01-29,5,41026,58089754.36505990,831645.31743535
2018-01-30,5,41111,53043914.91327230,759406.26601437
2018-01-31,5,41083,62642224.28808640,896821.01555342
2018-02-01,5,41136,69894604.52458690,1000650.13533318
2018-02-02,5,41114,72168304.52485150,1033201.69247335
2018-02-03,5,41341,76801340.04910530,1099530.81266627
2018-02-04,5,41309,83518625.29468910,1195699.21415855
2018-02-05,5,41121,87448331.99777980,1251959.08673406
2018-02-06,5,41050,77583682.66176780,1110731.26578513
2018-02-07,5,40995,80319435.71731690,1149897.83213017
2018-02-08,5,40822,93013739.87781670,1331636.56951291
2018-02-09,5,40678,91368365.42136830,1308080.47124584
2018-02-10,5,40689,85834631.91343640,1228856.45644135
2018-02-11,5,40821,95285399.75663930,1364158.91913683
2018-02-12,5,40692,95061274.42410740,1360950.21589209
2018-02-13,5,40761,89474870.97522160,1280972.14884132
2018-02-14,5,40816,97505933.93813830,1395949.32476747
2018-02-15,5,40852,110760809.05275500,1585713.50853361
2018-02-16,5,40810,104116186.29930100,1490585.38379915
2018-02-17,5,40931,102041277.38713900,1460879.83073276
2018-02-18,5,41005,104514221.53149000,1496283.87814881
2018-02-19,5,41126,104295719.34500900,1493155.67899870
2018-02-20,5,41153,103187464.86071800,1477289.28977978
2018-02-21,5,41112,95649253.83873890,1369368.05708061
2018-02-22,5,41019,100426430.74014500,1437760.78560977
2018-02-23,5,40922,108085850.40019500,1547417.30876394
2018-02-24,5,40878,109164359.21225100,1562857.84235140
2018-02-25,5,40858,106275288.48919900,1521496.29478025
2018-02-26,5,40997,97207888.81349050,1391682.34455715
2018-02-27,5,41106,95042936.29224480,1360687.67697001
2018-02-28,5,41049,106607279.85240400,1526249.26827199
2018-03-01,5,40973,102433285.73408200,1466492.04083236
2018-03-02,5,41093,96987221.61249500,1388523.14985191
2018-03-03,5,41075,105450333.51411400,1509685.77931804
2018-03-04,5,40873,105096794.72967200,1504624.32092789
2018-03-05,5,40706,99104289.58310270,1418832.27550913
2018-03-06,5,40882,97168150.68871990,1391113.43140284
2018-03-07,5,40934,100084396.00009800,1432864.02553445
2018-03-08,5,40853,95434765.85560200,1366297.32750408
2018-03-09,5,40709,95996557.81571490,1374340.25449024
2018-03-10,5,40792,95467126.77223650,1366760.62443279
2018-03-11,5,41030,104148468.70434400,1491047.55671212
2018-03-12,5,41065,108064533.18810700,1547112.11966811
2018-03-13,5,41081,149127284.05794300,2134989.35990056
2018-03-14,5,41045,177090958.19492600,2535332.91288169
2018-03-15,5,41013,151256442.97510800,2165471.58629127
2018-03-16,5,41152,154045205.96065400,2205397.07235530
2018-03-17,5,41065,166810526.53163000,2388152.52027299
2018-03-18,5,40957,166243802.25036100,2380038.97942665
2018-03-19,5,40798,157629883.84780000,2256717.31999526
2018-03-20,5,40980,157857394.86854600,2259974.49464055
2018-03-21,5,40841,160178897.08956200,2293210.41503006
2018-03-22,5,40723,165610781.90341800,2370976.30713391
2018-03-23,5,40986,165632659.22699100,2371289.51509814
2018-03-24,5,40920,158800358.69766000,2273474.49066508
2018-03-25,5,40840,151387746.83672300,2167351.40559619
2018-03-26,5,41145,145003513.68458500,2075951.16360129
2018-03-27,5,41162,157972919.00464300,2261628.40259532
2018-03-28,5,41123,162883905.61292700,2331936.82550759
2018-03-29,5,41084,150549901.49216500,2155356.34441621
2018-03-30,5,40990,150245401.75888200,2150996.95642926
2018-03-31,5,40780,165847031.51060200,2374358.58825571
2018-04-01,5,40700,179907159.42286600,2575651.22012489
2018-04-02,5,40530,162105565.41481500,2320793.67318738
2018-04-03,5,40521,163574991.69648700,2341830.79926625
2018-04-04,5,41219,174720712.55538800,2501399.15453067
2018-04-05,5,41369,189444220.52238600,2712189.10519955
2018-04-06,5,41247,209547834.53692300,3000003.65427900
2018-04-07,5,41135,173170687.00639400,2479208.12439439
2018-04-08,5,41001,189359417.31789800,2710975.01523328
2018-04-09,5,40711,218178595.99001500,3123566.44821437
2018-04-10,5,40826,220333845.77233700,3154422.20598033
2018-04-11,5,40883,200571378.78724300,2871491.70801615
2018-04-12,5,40818,221460229.47075200,3170548.14313847
2018-04-13,5,40782,210581632.83518700,3014804.08721804
2018-04-14,5,40959,221719971.65870600,3174266.75714726
2018-04-15,5,40817,237264233.32361400,3396807.07545144
2018-04-16,5,40953,230852200.40407000,3305008.83648373
2018-04-17,5,41080,204438634.10321300,2926857.49170735
2018-04-18,5,40985,214923059.03650500,3076958.36572689
2018-04-19,5,40948,183094478.92289100,2621282.66350660
2018-04-20,5,40948,171282644.29634900,2452177.85208406
2018-04-21,5,40984,185975143.08832200,2662523.85811088
2018-04-22,5,40993,230499937.59401800,3299965.64565450
2018-04-23,5,40868,239274332.89108400,3425584.78179808
2018-04-24,5,41160,220591194.80594600,3158106.55825702
2018-04-25,5,41091,221858181.17747000,3176245.44169090
2018-04-26,5,41037,241551344.02555900,3458183.74298207
2018-04-27,5,41063,212163837.92403400,3037455.81759190
2018-04-28,5,40873,264723335.84432700,3789926.89979802
2018-04-29,5,40810,295428642.52099600,4229521.19309786
2018-04-30,5,40807,299648109.60007100,4289929.43680178
2018-05-01,5,40786,270656683.32386400,3874872.01106607
2018-05-02,5,40859,276812964.53064700,3963008.76589312
2018-05-03,5,40876,307578593.06852700,4403466.66059670
2018-05-04,5,40860,322743407.37782800,4620574.59895791
2018-05-05,5,41029,317586180.54425900,4546740.86366384
2018-05-06,5,40976,335539155.70191800,4803765.66755732
2018-05-07,5,40953,347454239.13523700,4974348.64647472
2018-05-08,5,40967,383974366.73003300,5497191.15869267
2018-05-09,5,41311,368664087.47531400,5278000.66305391
2018-05-10,5,41641,387448172.81483900,5546924.10378225
2018-05-11,5,41437,470078482.19748000,6729905.69197170
2018-05-12,5,41171,466031378.91399900,6671965.10448471
2018-05-13,5,40985,440608449.56900700,6307996.27080050
2018-05-14,5,40693,489828980.87626000,7012664.84498844
2018-05-15,5,40682,529054277.06405300,7574236.05933015
2018-05-16,5,40801,540655296.40267800,7740322.72152898
2018-05-17,5,40828,588455433.24296800,8424656.13644020
2018-05-18,5,40736,613700525.98047800,8786078.96208055
2018-05-19,5,40711,632211653.01770100,9051094.57953704
2018-05-20,5,40853,661608069.36835300,9471950.06902253
2018-05-21,5,40854,692152474.80256700,9909240.81040834
2018-05-22,5,40952,650270488.66794800,9309634.94127586
2018-05-23,5,41151,626336970.75185800,8966989.35218309
2018-05-24,5,41017,729278632.58890400,10440759.58880300
2018-05-25,5,41034,811490822.47043200,11617755.14504880
2018-05-26,5,40989,919710410.75848000,13167087.11999470
2018-05-27,5,40817,907261376.41393000,12988859.80207260
2018-05-28,5,40695,933297831.70021100,13361612.21526700
2018-05-29,5,40837,1055821631.83105000,15115731.26374550
2018-05-30,5,40911,1121007317.65047000,16048965.89295150
2018-05-31,5,40955,1112385314.70848000,15925528.49074520
2018-06-01,5,40938,1113075892.81291000,15935415.19199160
2018-06-02,5,41246,1290485778.03206000,18475314.04200290
2018-06-03,5,41128,1455960735.48094000,20844345.81050220
2018-06-04,5,40985,1466141804.51707000,20990103.67233100
2018-06-05,5,41023,1480183160.20736000,21191127.55060180
2018-06-06,5,40893,1425515839.51111000,20408479.70210070
2018-06-07,5,40828,1420935102.79405000,20342899.32079650
2018-06-08,5,40919,1519904102.63191000,21759794.71286750
2018-06-09,5,40997,1692559230.86736000,24231621.81039420
2018-06-10,5,41066,1726556361.72299000,24718343.69433650
2018-06-11,5,40960,1682666292.78754000,24089988.99201360
2018-06-12,5,41014,1784332184.82456000,25545494.59673910
2018-06-13,5,41045,1990015546.81221000,28490172.30696670
2018-06-14,5,40968,2030134668.73496000,29064540.02897470
2018-06-15,5,40874,1996145817.31586000,28577936.67806280
2018-06-16,5,40889,1923045330.19813000,27531389.33975500
2018-06-17,5,40885,2143240944.22229000,30683832.54294330
2018-06-18,5,40817,2368529652.97155000,33909191.33039670
2018-06-19,5,41022,2153410685.82380000,30829428.23490060
2018-06-20,5,41196,2226596305.26939000,31877194.37508840
2018-06-21,5,41107,2251778687.75228000,32237719.40575290
2018-06-22,5,41013,2184941120.62508000,31280835.52256750
2018-06-23,5,40842,2498871420.67729000,35775236.76239350
2018-06-24,5,40759,2523496338.15493000,36127780.81317070
2018-06-25,5,40883,2385589671.62658000,34153432.07103840
2018-06-26,5,40927,2310134326.55316000,33073171.27304250
2018-06-27,5,40916,2559596682.03764000,36644613.46767250
2018-06-28,5,41216,2925650680.53966000,41885246.64145980
2018-06-29,5,41107,2827099975.97193000,40474339.79773920
2018-06-30,5,40915,3119676050.44830000,44663022.03596620
2018-07-01,5,40620,2826429591.71151000,40464742.20282500
2018-07-02,5,40507,2728260913.49509000,39059304.66138860
2018-07-03,5,40343,2846798560.96690000,40756355.72550900
2018-07-04,5,40312,2879226246.12121000,41220608.54958460
2018-07-05,5,40676,3156577021.08167000,45191316.90950300
2018-07-06,5,40671,3114350634.32931000,44586780.40907070
2018-07-07,5,41682,3104589646.32875000,44447036.66160710
2018-07-08,5,41782,3198803742.58415000,45795858.20240440
2018-07-09,5,41592,3028251831.10895000,43354141.92888330
2018-07-10,5,41533,3120584597.63600000,44676029.30415990
2018-07-11,5,41288,3223337838.57269000,46147102.00209690
2018-07-12,5,41021,3094735926.05974000,44305965.30727670
2018-07-13,5,40880,3165752244.08531000,45322674.51861640
2018-07-14,5,40655,3344117816.94880000,47876255.52588710
2018-07-15,5,40459,3687810935.52150000,52796757.87298670
2018-07-16,5,40553,3544483273.81231000,50744799.14080960
2018-07-17,5,40839,3373144258.08560000,48291814.24389290
2018-07-18,5,40912,3693317872.41697000,52875598.25254360
2018-07-19,5,40975,3488830429.78072000,49948041.99065970
2018-07-20,5,41080,3592471971.16310000,51431832.09314100
2018-07-21,5,40988,3781545093.77256000,54138708.35367460
2018-07-22,5,40931,3441353953.61328000,49268342.28243100
2018-07-23,5,40877,3494466384.79305000,50028729.46552500
2018-07-24,5,40768,3991565460.63274000,57145477.04420310
2018-07-25,5,40756,3623218901.66825000,51872022.29638100
2018-07-26,5,40890,3379139567.37046000,48377646.43491920
2018-07-27,5,40837,3643086502.70474000,52156457.95205310
2018-07-28,5,40881,3942836847.18505000,56447851.04041230
2018-07-29,5,40823,3910270859.66860000,55981618.20259440
2018-07-30,5,41003,3600391960.32199000,51545219.07454790
2018-07-31,5,41068,3365978136.52531000,48189220.05142430
2018-08-01,5,41043,3662358727.93594000,52432369.87568360
2018-08-02,5,41042,3792449712.50973000,54294824.95651300
2018-08-03,5,41108,3933176445.56402000,56309547.34365030
2018-08-04,5,41306,4269788296.72970000,61128670.31765870
2018-08-05,5,41336,4453590259.42654000,63760081.71340350
2018-08-06,5,41363,4391158696.82338000,62866276.64800810
2018-08-07,5,41195,3992667833.63360000,57161259.23082500
2018-08-08,5,41047,4275161867.29485000,61205601.35045910
2018-08-09,5,40872,4090860808.11912000,58567044.61119850
2018-08-10,5,40792,4359862231.94094000,62418219.00417300
2018-08-11,5,40602,4720774123.60403000,67585234.90894150
2018-08-12,5,40609,4188419875.30209000,59963754.62112940
2018-08-13,5,40832,3903593162.36787000,55886016.56419670
2018-08-14,5,40952,4079779444.55757000,58408397.63089260
2018-08-15,5,40844,4340998930.03079000,62148161.45484400
2018-08-16,5,40949,4268654801.07226000,61112442.56172920
2018-08-17,5,40973,3964401649.86085000,56756584.78120220
2018-08-18,5,41031,4535921395.13140000,64938780.16438630
2018-08-19,5,40921,4868567503.53514000,69701127.35350590
2018-08-20,5,40822,4851503548.77670000,69456830.26141290
2018-08-21,5,40932,4888559242.57021000,69987340.23799200
2018-08-22,5,40900,4673713428.85931000,66911487.75942170
2018-08-23,5,40945,4826991559.45833000,69105902.95313800
2018-08-24,5,40858,5399224292.25812000,77298305.86339170
2018-08-25,5,40824,5314933422.21963000,76091550.76283610
2018-08-26,5,40776,4979826126.67845000,71293967.84616770
2018-08-27,5,40748,5097999415.05162000,72985802.54224650
2018-08-28,5,40973,5252214167.44039000,75193626.93581490
2018-08-29,5,40946,5338329898.81131000,76426507.76884580
2018-08-30,5,40948,5449977022.31607000,78024910.24933000
2018-08-31,5,41085,5611918663.94417000,80343357.09817440
2018-09-01,5,41229,5632680997.39648000,80640602.24206160
2018-09-02,5,41100,5239000716.72038000,75004455.80678200
2018-09-03,5,41094,5198961817.34953000,74431236.59556300
2018-09-04,5,41226,5257153439.93682000,75264340.31527470
2018-09-05,5,41127,5630986795.12995000,80616347.09763640
2018-09-06,5,41230,5254059774.07311000,75220049.66957690
2018-09-07,5,41144,5318846059.77692000,76147566.26400060
2018-09-08,5,40898,5468076058.87943000,78284026.14975850
2018-09-09,5,40661,5591361824.37370000,80049053.91929320
2018-09-10,5,40558,5445943458.43231000,77967163.49944020
2018-09-11,5,40800,5348896236.69945000,76577781.35440490
2018-09-12,5,40879,5656837724.76048000,80986443.42208450
2018-09-13,5,40864,5457425099.58396000,78131541.07694190
2018-09-14,5,41049,5920236528.10914000,84757407.57604450
2018-09-15,5,41000,5762547812.11370000,82499847.98221570
2018-09-16,5,40941,5622833034.39909000,80499613.31204160
2018-09-17,5,40809,5709446753.65578000,81739623.61734930
2018-09-18,5,40904,5922058076.22670000,84783485.87468770
2018-09-19,5,41014,5479180564.63618000,78443004.44663780
2018-09-20,5,40966,5233929391.60759000,74931851.88842600
2018-09-21,5,40908,5416409085.35804000,77544332.94456690
2018-09-22,5,40812,5125105394.57505000,73373866.86084370
2018-09-23,5,41041,5199209026.99529000,74434775.78670900
2018-09-24,5,41004,5413365609.58013000,77500760.84812550
2018-09-25,5,40950,5511930444.16714000,78911869.98508150
2018-09-26,5,41042,5753334444.47134000,82367944.27318260
2018-09-27,5,40919,6270793074.40937000,89776170.58190490
2018-09-28,5,40886,6086573902.74634000,87138786.18994220
2018-09-29,5,40958,6858075180.43831000,98184028.71163970
2018-09-30,5,40831,6785745983.51353000,97148523.59384640
2018-10-01,5,40773,5640214368.38867000,80748454.18219550
2018-10-02,5,40848,5679485099.09484000,81310675.86243960
2018-10-03,5,40919,6487364593.10951000,92876729.21544530
2018-10-04,5,41028,6965602117.15003000,99723444.30035950
2018-10-05,5,41252,6797096564.90152000,97311024.84668700
2018-10-06,5,41176,7130905527.80224000,102090020.10925400
2018-10-07,5,40995,7567095524.19812000,108334759.34046400
2018-10-08,5,40861,7190755963.62464000,102946872.32428300
2018-10-09,5,40798,7215741630.79970000,103304581.06890200
2018-10-10,5,40831,7454347590.14103000,106720597.04224100
2018-10-11,5,40867,7833505652.57675000,112148835.30282700
2018-10-12,5,40949,7996704055.22165000,114485274.64322600
2018-10-13,5,40881,8482287674.56487000,121437160.52506600
2018-10-14,5,40942,8709253922.19190000,124686535.89458000
2018-10-15,5,40977,9212612829.81254000,131892902.71585000
2018-10-16,5,41051,9205502979.16628000,131791114.12916600
2018-10-17,5,41027,8794192807.19941000,125902568.33880000
2018-10-18,5,41073,9591387486.40611000,137315651.92459300
2018-10-19,5,40965,10486181416.10600000,150126020.80699300
2018-10-20,5,41022,9586842064.69043000,137250577.13254100
2018-10-21,5,41162,9614051107.63375000,137640116.96453200
2018-10-22,5,40952,9718604826.44057000,139136966.30770000
2018-10-23,5,40872,9550600968.96451000,136731729.39616100
2018-10-24,5,40795,9641955440.06695000,138039610.94859000
2018-10-25,5,40830,10285656164.75120000,147255189.48502200
2018-10-26,5,40929,10734327818.22640000,153678623.07941700
2018-10-27,5,41010,10709900096.72790000,153328902.19624500
2018-10-28,5,41015,10438300081.92680000,149440524.92569800
2018-10-29,5,40880,10854643528.75960000,155401129.88586800
2018-10-30,5,40899,10987484745.21020000,157302958.81992300
2018-10-31,5,41025,11290815017.21310000,161645604.14705300
2018-11-01,5,41010,11317996704.31650000,162034752.33758400
2018-11-02,5,40985,10487320503.76190000,150142328.62109100
2018-11-03,5,40913,10725510968.32190000,153552396.13944000
2018-11-04,5,40781,11676235092.01800000,167163492.86874900
2018-11-05,5,40661,10910424333.66540000,156199718.99525100
2018-11-06,5,40806,10059457980.03760000,144016810.13249200
2018-11-07,5,40789,10099601474.41790000,144591526.78419400
2018-11-08,5,41561,12574224146.26430000,180019604.93592900
2018-11-09,5,41591,12934802577.38310000,185181846.83358900
2018-11-10,5,41551,10689961335.57740000,153043447.77269700
2018-11-11,5,41489,9510533501.45995000,136158101.18760900
2018-11-12,5,41155,11176218375.76050000,160004974.72281900
2018-11-13,5,40892,11006153263.06290000,157570227.73206200
2018-11-14,5,40782,11527744218.40140000,165037614.71562200
2018-11-15,5,40793,11148018556.73610000,159601250.38794200
2018-11-16,5,40681,12220983436.15040000,174962413.94408200
2018-11-17,5,40662,13371529194.45480000,191434268.62564100
2018-11-18,5,40660,12156054203.52600000,174032850.84182500
2018-11-19,5,40667,12578459768.12950000,180080244.46056100
2018-11-20,5,40888,11332246584.18840000,162238761.56432400
2018-11-21,5,40984,11986675458.58720000,171607930.27465800
2018-11-22,5,41298,11864883444.57980000,169864287.88440900
2018-11-23,5,41261,11414241745.01490000,163412650.01158900
2018-11-24,5,41125,11057373856.61330000,158303530.31266500
2018-11-25,5,41018,11073747978.96740000,158537951.37937000
2018-11-26,5,40776,11786638919.41630000,168744095.62884500
2018-11-27,5,40818,11648620293.10540000,166768144.00803200
2018-11-28,5,40930,9861739759.98864000,141186165.83604700
2018-11-29,5,40860,9058263203.31222000,129683147.38928700
2018-11-30,5,40754,11042195982.80190000,158086235.40718800
2018-12-01,5,40788,12397363400.88520000,177487567.87809800
2018-12-02,5,40944,12530242459.05790000,179389938.57534600
2018-12-03,5,40894,12814150380.82740000,183454522.70559900
2018-12-04,5,40957,11984475258.63500000,171576430.98519500
2018-12-05,5,41192,10906470292.59270000,156143110.73827000
2018-12-06,5,41112,10837192281.07940000,155151288.09233300
2018-12-07,5,40971,11094422548.05240000,158833940.03963200
2018-12-08,5,40901,11684602585.11990000,167283286.56615700
2018-12-09,5,40735,12896439311.52190000,184632616.92611800
2018-12-10,5,40745,11893019350.28600000,170267097.20057700
2018-12-11,5,40899,11202108008.62970000,160375625.14441300
2018-12-12,5,41036,10846430417.37960000,155283546.40328300
2018-12-13,5,40991,10598004602.89110000,151726943.90758200
2018-12-14,5,41004,9768096804.89822000,139845521.07066700
2018-12-15,5,40975,9882731929.80489000,141486701.44549000
2018-12-16,5,40924,9943591002.70671000,142357993.87141800
2018-12-17,5,40894,9267324360.89818000,132676183.50493800
2018-12-18,5,40955,9460980454.98428000,135448672.14084200
2018-12-19,5,41018,10616882914.05490000,151997216.33775600
2018-12-20,5,41176,11332323294.12380000,162239859.78653600
2018-12-21,5,41213,10862217424.27350000,155509561.99765200
2018-12-22,5,41203,10030436688.93570000,143601325.14525800
2018-12-23,5,41022,9738433789.59598000,139420848.80192000
2018-12-24,5,40835,10539433141.27140000,150888402.20046500
2018-12-25,5,40832,10429850461.51230000,149319555.44788600
2018-12-26,5,40848,9786695992.73136000,140111797.41558500
2018-12-27,5,40828,9996700051.56071000,143118332.63124900
2018-12-28,5,40802,10804531134.88570000,154683692.90982600
2018-12-29,5,40900,10444639159.60970000,149531278.69681600
2018-12-30,5,40882,9002358244.15493000,128882780.81840600
2018-12-31,5,40815,10744085237.85450000,153818315.74007000
2019-01-01,5,40843,12482256050.93770000,178702938.39691700
2019-01-02,5,40876,13510939659.70430000,193430146.58886500
2019-01-03,5,41130,11619067384.20810000,166345048.08397900
2019-01-04,5,41275,12013932165.04480000,171998152.48409900
2019-01-05,5,41268,12420314179.25660000,177816144.01984000
2019-01-06,5,41159,13219513551.75800000,189257927.91276400
2019-01-07,5,41119,14067747792.44060000,201401722.32303000
2019-01-08,5,41050,12964057589.11450000,185600677.89569100
2019-01-09,5,40993,14217350356.20070000,203543516.05218700
2019-01-10,5,40932,15973468968.19140000,228685089.40684200
2019-01-11,5,41068,13012621362.76550000,186295943.96102900
2019-01-12,5,41032,11927181156.42310000,170756176.66768200
2019-01-13,5,40929,12249814857.77060000,175375180.65393300
2019-01-14,5,40797,13503337583.66990000,193321311.02903200
2019-01-15,5,40692,14299957490.56040000,204726165.85382300
2019-01-16,5,40798,14375418431.12810000,205806506.76003500
2019-01-17,5,40910,13912340865.86350000,199176830.09895900
2019-01-18,5,41147,14687041283.92440000,210267873.29819200
2019-01-19,5,41252,13035213348.84290000,186619383.43221100
2019-01-20,5,41163,15192805781.87840000,217508679.89215800
2019-01-21,5,40946,17193044607.74290000,246145214.36308200
2019-01-22,5,40979,16948577634.94720000,242645288.85271600
2019-01-23,5,40990,16758855567.86440000,239929121.94122000
2019-01-24,5,41079,17079628767.79990000,244521489.95174000
2019-01-25,5,40967,17365944406.00790000,248620544.29319200
2019-01-26,5,40889,18645441538.61790000,266938538.75947700
2019-01-27,5,40903,16381057700.82410000,234520356.99642700
2019-01-28,5,40970,15996708817.86910000,229017804.05461000
2019-01-29,5,40946,15148937656.69920000,216880639.34888800
2019-01-30,5,40961,15330530610.40130000,219480425.34000200
2019-01-31,5,40820,17448659811.59130000,249804744.16604800
2019-02-01,5,40888,16688702355.87430000,238924769.43719400
2019-02-02,5,40951,15265438703.00290000,218548533.29496800
2019-02-03,5,40782,16789341629.46480000,240365577.39974200
2019-02-04,5,40766,18822072741.83280000,269467289.56368500
2019-02-05,5,40931,18981337611.77250000,271747414.25632600
2019-02-06,5,41094,17811883057.50800000,255004850.70724400
2019-02-07,5,41013,17811644574.40870000,255001436.45020400
2019-02-08,5,40908,18356349295.56030000,262799732.99461300
2019-02-09,5,40920,19704347400.04130000,282098425.57400100
2019-02-10,5,40955,20065254132.69070000,287265367.61944900
2019-02-11,5,40986,21730082060.78560000,311099972.63490100
2019-02-12,5,41105,24619352417.51470000,352464378.27308100
2019-02-13,5,41613,22589486400.65260000,323403684.41413300
2019-02-14,5,41470,21243576146.90700000,304134882.67017000
2019-02-15,5,41137,22899179111.91990000,327837417.96981000
2019-02-16,5,40815,23070910017.69200000,330296013.38315400
2019-02-17,5,40419,25014347492.39050000,358119348.03532100
2019-02-18,5,40160,24309352702.63890000,348026249.48254600
2019-02-19,5,40034,22941893028.85710000,328448934.22423900
2019-02-20,5,40089,22568839165.47190000,323108087.08128700
2019-02-21,5,41922,22433718461.37580000,321173623.73093600
2019-02-22,5,42093,21094617426.53200000,302002306.56195700
2019-02-23,5,41882,26209513480.31880000,375230010.80680000
2019-02-24,5,41534,26138107273.70100000,374207719.73295200
2019-02-25,5,41315,23894208690.77080000,342082816.30219500
2019-02-26,5,41162,22488946377.54900000,321964297.37690400
2019-02-27,5,40811,18705536728.00930000,267798895.00308900
2019-02-28,5,40443,16305105608.55870000,233432984.48861900
2019-03-01,5,40859,19639588039.39960000,281171294.45377800
2019-03-02,5,40725,22440616423.36630000,321272378.80146300
2019-03-03,5,40621,21500511390.01120000,307813310.89124500
2019-03-04,5,40534,21349279930.91800000,305648196.98813800
2019-03-05,5,40616,20639860683.62310000,295491755.43385600
2019-03-06,5,40680,21674772214.71110000,310308126.03477700
2019-03-07,5,40673,20651132470.10750000,295653128.61491900
2019-03-08,5,41074,20779648135.97800000,297493030.55471200
2019-03-09,5,41135,22951005999.65370000,328579400.59604200
2019-03-10,5,41152,23749630424.79770000,340012953.22197400
2019-03-11,5,41074,20018212213.14670000,286591889.26617800
2019-03-12,5,41259,17944483675.14400000,256903235.09449800
2019-03-13,5,41004,20389970695.03320000,291914191.00521900
2019-03-14,5,40830,21172821718.65800000,303121922.81891400
2019-03-15,5,40548,24337987965.26500000,348436207.87085200
2019-03-16,5,40443,22970253837.21730000,328854963.37222200
2019-03-17,5,41062,20895874772.23900000,299156995.89359300
2019-03-18,5,41000,22291654155.72440000,319139751.90859600
2019-03-19,5,41026,23238516259.36600000,332695557.80513900
2019-03-20,5,41166,22973982474.99560000,328908344.62994200
2019-03-21,5,41369,23745965063.07810000,339960477.85960000
2019-03-22,5,41313,29983870244.61850000,429265807.02714700
2019-03-23,5,41193,29436683161.56490000,421431971.60545200
2019-03-24,5,40832,28132877559.36560000,402765963.53282900
2019-03-25,5,40433,27456985571.55820000,393089516.92195800
2019-03-26,5,40309,29427760140.18810000,421304224.65546400
2019-03-27,5,41203,30312631710.18480000,433972539.50312100
2019-03-28,5,41259,31188105117.42240000,446506305.01179800
2019-03-29,5,41274,33483814674.85120000,479372963.24603500
2019-03-30,5,41306,30023020464.45770000,429826303.40661700
2019-03-31,5,41103,28312454324.16590000,405336884.63928700
2019-04-01,5,40999,28097008721.01100000,402252445.24056100
2019-04-02,5,41142,25957939315.39260000,371628334.77054700
2019-04-03,5,41088,28305364327.74470000,405235380.29676100
2019-04-04,5,40973,29179269132.38140000,417746688.81586500
2019-04-05,5,40789,26331188777.24170000,376971982.21018300
2019-04-06,5,40496,25140317776.20190000,359922808.86611300
2019-04-07,5,40065,29964769598.61110000,428992351.52736600
2019-04-08,5,40035,28311032110.18880000,405316523.43089500
2019-04-09,5,41257,24953445224.22830000,357247437.20196000
2019-04-10,5,41557,29413764387.04400000,421103853.64867900
2019-04-11,5,41482,32176437001.98700000,460655815.41779800
2019-04-12,5,41256,30624812177.93110000,438441889.16785600
2019-04-13,5,40909,32696773775.22290000,468105246.83097400
2019-04-14,5,40690,33064328344.25200000,473367363.00922800
2019-04-15,5,40453,31425853164.54690000,449910038.63542600
2019-04-16,5,40230,31264391867.87010000,447598468.67276600
2019-04-17,5,41620,31786007875.77040000,455066214.32277300
2019-04-18,5,41719,24176711300.59210000,346127281.20292200
2019-04-19,5,41546,23341039133.40120000,334163332.44204700
2019-04-20,5,41528,30186755099.53070000,432170419.74948500
2019-04-21,5,41311,34215979526.67000000,489855043.55884200
2019-04-22,5,41051,33211364586.14790000,475472415.84346300
2019-04-23,5,40863,31282727697.08170000,447860974.62879800
2019-04-24,5,40714,29895334368.12580000,427998278.04694700
2019-04-25,5,40563,32296235510.63800000,462370917.67368200
2019-04-26,5,40446,35908772546.35450000,514090012.42031900
2019-04-27,5,40445,35955675468.42560000,514761500.80825700
2019-04-28,5,40771,35404594350.90300000,506871916.21758400
2019-04-29,5,41056,32954896966.60090000,471800682.38200300
2019-04-30,5,41060,34649795275.41750000,496065791.73671000
2019-05-01,5,41034,37272295384.42980000,533610965.74325600
2019-05-02,5,41006,34079628778.06760000,487902970.20540300
2019-05-03,5,40997,31855017081.07430000,456054188.58912200
2019-05-04,5,40959,35046995075.80480000,501752325.57884700
2019-05-05,5,40913,35628077119.73650000,510071420.16210900
2019-05-06,5,40973,35167606739.79600000,503479069.42004500
2019-05-07,5,40993,35277414086.98630000,505051132.63685200
2019-05-08,5,41014,32367865883.69760000,463396418.03932000
2019-05-09,5,40889,32079887576.81040000,459273560.00585600
2019-05-10,5,40673,37407780994.31560000,535550653.28838600
2019-05-11,5,40678,35050650361.20720000,501804656.68304700
2019-05-12,5,40527,33063492271.66530000,473355393.32783500
2019-05-13,5,40440,33962343180.14590000,486223844.18085200
2019-05-14,5,40593,33284887047.63160000,476525004.40210700
2019-05-15,5,40890,29956290160.91710000,428870955.16875000
2019-05-16,5,41067,28102406173.48300000,402329718.18005500
2019-05-17,5,41010,30258224706.50550000,433193618.49820100
2019-05-18,5,41016,32543450701.61910000,465910188.20813900
2019-05-19,5,41036,31005857273.06990000,443897143.24093000
2019-05-20,5,41000,28311936074.82880000,405329465.09277200
2019-05-21,5,41189,28085469095.16340000,402087237.52181800
2019-05-22,5,41257,30297651613.35700000,433758076.08323600
2019-05-23,5,41179,31652692306.13110000,453157594.28394400
2019-05-24,5,41111,31479052915.99950000,450671675.94423600
2019-05-25,5,41061,31631630820.61020000,452856066.31222100
2019-05-26,5,40873,34398872179.18000000,492473436.76287100
2019-05-27,5,40568,36637227629.75170000,524518981.61963500
2019-05-28,5,40733,32780740595.00780000,469307362.64739200
2019-05-29,5,40871,31318153715.08630000,448368153.25799100
2019-05-30,5,41201,34849177034.49890000,498920252.18562300
2019-05-31,5,41322,32995374091.56260000,472380175.47516100
2019-06-01,5,41643,32443822379.55740000,464483853.59144100
2019-06-02,5,41384,35536908569.41790000,508766200.35530700
2019-06-03,5,41141,36264817526.33710000,519187350.90341600
2019-06-04,5,40972,34438025099.28400000,493033971.80084100
2019-06-05,5,40812,32598345450.98100000,466696092.05224300
2019-06-06,5,40679,31956255980.32180000,457503581.12695600
2019-06-07,5,40604,34838909763.67490000,498773260.21093100
2019-06-08,5,40717,34546968747.97840000,494593669.82833800
2019-06-09,5,40727,31497387746.74170000,450934167.60562100
2019-06-10,5,40702,32422290148.46230000,464175586.16356300
2019-06-11,5,40820,32807299143.89070000,469687589.64366200
2019-06-12,5,41117,29950414231.06390000,428786832.08024000
2019-06-13,5,41075,32182915409.13640000,460748563.90725500
2019-06-14,5,41070,30991026151.79320000,443684812.63810900
2019-06-15,5,40950,30483710595.34930000,436421800.22584800
2019-06-16,5,40906,34068781664.45310000,487747676.87796700
2019-06-17,5,40909,33539864262.44320000,480175400.39824100
2019-06-18,5,40940,33667910508.47710000,482008581.86188100
2019-06-19,5,41045,33030986555.54470000,472890023.36893500
2019-06-20,5,41053,34511215552.72190000,494081807.14715600
2019-06-21,5,41046,32078831753.06360000,459258444.24431700
2019-06-22,5,40973,28221686985.64740000,404037408.80434500
2019-06-23,5,40802,29271198404.83350000,419062799.54495900
2019-06-24,5,40716,32378092872.94020000,463542833.32042600
2019-06-25,5,40812,34288769202.03350000,490897141.14275100
2019-06-26,5,40884,31332203102.56460000,448569292.12381500
2019-06-27,5,40991,30486724894.94290000,436464954.61975900
2019-06-28,5,40978,34732230123.21850000,497245974.98789400
2019-06-29,5,40949,33418437892.56260000,478436992.77321500
2019-06-30,5,40833,34404905740.69440000,492559816.59415000
2019-07-01,5,41031,35177606496.76010000,503622231.51713500
2019-07-02,5,41182,35589706226.63000000,509522081.05874800
2019-07-03,5,41356,34131433517.48350000,488644635.74396400
2019-07-04,5,41487,33389882330.44790000,478028175.42187300
2019-07-05,5,41291,36104728502.06980000,516895427.15783400
2019-07-06,5,41154,30614974788.56250000,438301051.61580500
2019-07-07,5,40943,31132748967.17920000,445713795.49537500
2019-07-08,5,40768,33538745689.51220000,480159386.28438700
2019-07-09,5,40836,35551788632.61710000,508979231.63798500
2019-07-10,5,41066,33103830313.29400000,473932895.22643700
2019-07-11,5,41104,33641670747.95230000,481632918.81751600
2019-07-12,5,41045,37212733996.73930000,532758251.70247700
2019-07-13,5,40963,35339403994.98510000,505938614.72864300
2019-07-14,5,40744,36328159818.90780000,520094194.48690400
2019-07-15,5,40680,36293272867.71550000,519594733.43880600
2019-07-16,5,40868,36001008787.95340000,515410517.89089500
2019-07-17,5,41122,34331840900.61910000,491513779.59877900
2019-07-18,5,41109,34412782074.02800000,492672578.57441700
2019-07-19,5,41048,36516314807.54800000,522787926.22952800
2019-07-20,5,41111,36413747226.62650000,521319511.54390600
2019-07-21,5,40996,36194560739.33900000,518181515.56182000
2019-07-22,5,40797,36160008487.26390000,517686846.25293600
2019-07-23,5,40782,38718390142.01280000,554314064.71238100
2019-07-24,5,40884,41546287574.31970000,594799821.33971500
2019-07-25,5,40895,40373604080.97260000,578011030.49809900
2019-07-26,5,40879,34882486888.10210000,499397134.62515700
2019-07-27,5,40936,31867375424.78390000,456231117.52934200
2019-07-28,5,40747,35782098491.31580000,512276476.00817500
2019-07-29,5,40616,38520357262.02020000,551478915.56870900
2019-07-30,5,40686,36717984022.02770000,525675135.16553200
2019-07-31,5,40814,34587374377.27610000,495172139.34969400
2019-08-01,5,40928,34433585675.40750000,492970414.53296400
2019-08-02,5,41152,32216746043.55580000,461232902.13536700
2019-08-03,5,41289,35975661415.76920000,515047630.77565800
2019-08-04,5,41190,37877882072.13830000,542280882.47192500
2019-08-05,5,41051,34057856933.53410000,487591272.33791600
2019-08-06,5,41121,36249102458.18190000,518962365.22414700
2019-08-07,5,41132,34889086312.06280000,499491615.65876800
2019-08-08,5,41168,31006427085.90830000,443905300.99928100
2019-08-09,5,41035,31482828768.29660000,450725733.15133600
2019-08-10,5,41088,30424095366.79250000,435568315.36919400
2019-08-11,5,40803,31206695112.86420000,446772449.75331800
2019-08-12,5,40678,30702557585.54260000,439554935.77820900
2019-08-13,5,40692,30400759044.42240000,435234219.56456800
2019-08-14,5,41028,30734396100.98240000,440010753.72009500
2019-08-15,5,41271,31325574626.47000000,448474395.16365600
2019-08-16,5,41243,36396041077.62560000,521066020.44091200
2019-08-17,5,41312,38260394543.17720000,547757144.31668000
2019-08-18,5,41222,36830337870.46240000,527283655.51421900
2019-08-19,5,40918,35700329179.86900000,511105820.94657200
2019-08-20,5,40747,35059786184.60910000,501935450.22549700
2019-08-21,5,40781,37175656236.39230000,532227425.80880800
2019-08-22,5,40933,33968046995.11330000,486305503.17667500
2019-08-23,5,40807,32775726882.27430000,469235583.53998600
2019-08-24,5,40836,37313074197.63930000,534194777.97360400
2019-08-25,5,40816,39497493394.71010000,565468141.34751900
2019-08-26,5,40880,40275894612.43680000,576612167.25852700
2019-08-27,5,41058,37044129501.25360000,530344415.72224700
2019-08-28,5,41163,33493440221.24130000,479510767.93587200
2019-08-29,5,41144,36712358594.08630000,525594598.40208200
2019-08-30,5,41037,36724377059.77810000,525766661.45906100
2019-08-31,5,41207,35573182308.97400000,509285515.43896700
2019-09-01,5,41113,39669351692.50760000,567928560.57614200
2019-09-02,5,40889,38894374919.46200000,556833560.92483400
2019-09-03,5,40752,38073622906.33300000,545083217.40979200
2019-09-04,5,40763,36981141536.99770000,529442644.90050500
2019-09-05,5,40767,39766484205.53940000,569319163.79897300
2019-09-06,5,40987,35277824112.04230000,505057002.78420600
2019-09-07,5,41051,37150217209.22470000,531863226.50972000
2019-09-08,5,40952,38923869550.70330000,557255822.51347100
2019-09-09,5,40895,35472219445.61800000,507840074.78488100
2019-09-10,5,40998,37172549610.79620000,532182949.62435400
2019-09-11,5,40990,39226461056.64750000,561587891.25373400
2019-09-12,5,40972,37813387449.60670000,541357541.49012900
2019-09-13,5,40999,35243890275.30420000,504571187.05414500
2019-09-14,5,41102,34107494527.13650000,488301911.80850100
2019-09-15,5,40826,37083048962.76930000,530901608.43686900
2019-09-16,5,40544,37593201304.34910000,538205233.84708200
2019-09-17,5,40713,39340783205.55240000,563224590.88958000
2019-09-18,5,40888,41686150500.53830000,596802176.98648400
2019-09-19,5,40864,38403810194.09270000,549810362.75140000
2019-09-20,5,40961,37629525711.99480000,538725274.32335800
2019-09-21,5,41296,33111725363.06280000,474045925.16163200
2019-09-22,5,41135,37160056321.57290000,532004088.72891400
2019-09-23,5,40938,39562259395.52220000,566395367.53212300
2019-09-24,5,40889,35422822776.00040000,507132884.51641700
2019-09-25,5,40776,37275435939.01980000,533655927.67411000
2019-09-26,5,40660,34282481914.76520000,490807128.83208900
2019-09-27,5,40819,34551339244.19750000,494656240.28943200
2019-09-28,5,40848,34845719136.35880000,498870746.98754300
2019-09-29,5,40807,36053804464.18330000,516166370.23348300
2019-09-30,5,40659,37045394144.46040000,530362521.05962200
2019-10-01,5,40734,34069217284.00520000,487753913.45040400
2019-10-02,5,40934,36185128377.28030000,518046476.60660200
2019-10-03,5,41162,34546628296.87250000,494588795.74045500
2019-10-04,5,41226,38484997220.08580000,550972681.48973000
2019-10-05,5,41204,38195405255.90600000,546826721.43860800
2019-10-06,5,41139,37720265054.44050000,540024349.35091300
2019-10-07,5,40988,36348628742.35360000,520387239.00951300
2019-10-08,5,40942,39422467206.37620000,564394024.59672900
2019-10-09,5,41317,37325105825.68930000,534367029.47024400
2019-10-10,5,41401,32885163975.60830000,470802345.99611600
2019-10-11,5,41338,32423565715.15740000,464193847.88769000
2019-10-12,5,41432,32846755237.72480000,470252465.08581800
2019-10-13,5,41245,33475992461.60690000,479260976.07914800
2019-10-14,5,41240,34871640052.69880000,499241845.28075200
2019-10-15,5,41098,33459882464.62020000,479030336.37849300
2019-10-16,5,40933,34476740967.53960000,493588249.76081900
2019-10-17,5,40746,36468099277.98110000,522097645.82070200
2019-10-18,5,40685,31044233933.16820000,444446564.90777200
2019-10-19,5,40691,29115290701.84680000,416830737.92655200
2019-10-20,5,40545,32284596739.21440000,462204290.53158300
2019-10-21,5,40436,31818314576.78880000,455528735.07049400
2019-10-22,5,40753,27563768093.17010000,394618275.04898100
2019-10-23,5,40928,29368479906.10070000,420455535.76645400
2019-10-24,5,40919,31402375005.65480000,449573912.22004800
2019-10-25,5,41156,29709965720.70310000,425344437.11900400
2019-10-26,5,41237,26987633884.52060000,386370016.43478800
2019-10-27,5,41160,26742133124.92110000,382855290.65604800
2019-10-28,5,40960,27343573435.47330000,391465845.53710800
2019-10-29,5,40889,30008354475.15960000,429616336.92528400
2019-10-30,5,40675,31237760850.95220000,447217204.18369800
2019-10-31,5,40501,30287607452.52920000,433614278.27566500
2019-11-01,5,40640,31355231291.90880000,448898976.52421100
2019-11-02,5,40714,30254317549.56680000,433137681.46063000
2019-11-03,5,40759,29059894492.28050000,416037654.89851800
2019-11-04,5,41023,30320233309.89180000,434081368.24358400
2019-11-05,5,41310,29960799344.03110000,428935511.14877400
2019-11-06,5,41391,29943655604.08610000,428690071.80745800
2019-11-07,5,41258,28570664216.83970000,409033561.45441400
2019-11-08,5,41212,27810199160.76470000,398146319.63576800
2019-11-09,5,41385,28808071209.54710000,412432412.35281700
2019-11-10,5,41199,30324804940.15750000,434146818.25185100
2019-11-11,5,41050,29242028895.20080000,418645192.57858100
2019-11-12,5,40862,28853658126.91470000,413085060.08354300
2019-11-13,5,40694,28035647913.48350000,401373969.70194400
2019-11-14,5,40501,27984941506.60420000,400648028.50446200
2019-11-15,5,40306,29534544251.13770000,422833005.53633800
2019-11-16,5,40428,27801328127.79260000,398019316.98077800
2019-11-17,5,40604,29971999250.52300000,429095855.25577300
2019-11-18,5,41038,27069520820.95110000,387542355.48125200
2019-11-19,5,41420,27543952699.25990000,394334586.81963900
2019-11-20,5,41344,29885659266.85570000,427859763.90181700
2019-11-21,5,41289,28387038101.51930000,406404667.58777200
2019-11-22,5,41298,31594110576.03020000,452318905.56752200
2019-11-23,5,41388,31797368672.76750000,455228861.82797200
2019-11-24,5,41376,31561746068.25410000,451855557.22602300
2019-11-25,5,41559,32759395400.96620000,469001772.94627600
2019-11-26,5,41399,31276394334.29940000,447770302.67538300
2019-11-27,5,41094,30970738677.52670000,443394365.84312800
2019-11-28,5,40842,30750797639.83130000,440245567.29662900
2019-11-29,5,40533,30333414794.57370000,434270081.72899000
2019-11-30,5,40272,30720315516.21010000,439809168.21641700
2019-12-01,5,40267,28869116525.64780000,413306371.14023300
2019-12-02,5,40384,29112600882.05650000,416792228.96644600
2019-12-03,5,40171,29696222765.16720000,425147685.30374400
2019-12-04,5,40402,27551070541.52250000,394436489.81876300
2019-12-05,5,40705,27927917092.84570000,399831635.19723700
2019-12-06,5,41016,29141348804.33160000,417203800.25311000
2019-12-07,5,41337,30042232070.57420000,430101347.47319500
2019-12-08,5,42057,31838107353.55570000,455812099.50019400
2019-12-09,5,42168,34119254761.97930000,488470277.88864600
2019-12-10,5,42052,30559429660.78430000,437505836.59160200
2019-12-11,5,41707,28843455470.92630000,412938993.17086900
2019-12-12,5,41284,31048246753.95030000,444504014.68784800
2019-12-13,5,40942,29712569043.32330000,425381707.73738500
2019-12-14,5,40593,29253342672.26530000,418807166.92020300
2019-12-15,5,40172,30565068158.40860000,437586560.46791900
2019-12-16,5,39854,28779362509.88230000,412021402.59891000
2019-12-17,5,39752,25728167778.89570000,368338797.32119500
2019-12-18,5,40803,24345035318.62210000,348537101.71149100
2019-12-19,5,41207,26032809735.86340000,372700221.46174800
2019-12-20,5,41220,27081086079.26530000,387707930.16868600
2019-12-21,5,41212,22999048021.23190000,329267196.96775100
2019-12-22,5,41046,23320317589.57250000,333866671.26515900
2019-12-23,5,40594,21965659398.21640000,314472629.16804700
2019-12-24,5,40768,24848356071.88620000,355742922.29371700
2019-12-25,5,40868,25568805150.04270000,366057273.05743400
2019-12-26,5,40925,25766226558.01680000,368883668.02669800
2019-12-27,5,40843,26453289117.38020000,378720038.76926900
2019-12-28,5,40900,26664950217.27030000,381750297.10881500
2019-12-29,5,41124,26459960816.61640000,378815554.53602700
2019-12-30,5,41153,25016941873.36610000,358156490.64013500
2019-12-31,5,41064,26313420559.39770000,376717602.49502600
2020-01-01,5,40940,29353428765.62060000,420240055.24602100
2020-01-02,5,40832,28698209523.31510000,410859571.18798200
2020-01-03,5,40810,28426005210.31350000,406962542.44740600
2020-01-04,5,40927,27167308762.89110000,388942342.18984000
2020-01-05,5,41187,27255597813.08820000,390206337.46714100
2020-01-06,5,41248,28014748407.09770000,401074760.71384100
2020-01-07,5,41323,27644784985.98560000,395778158.06586300
2020-01-08,5,41265,29867305991.23590000,427597008.17327500
2020-01-09,5,41272,29612651132.65350000,423951227.20867800
2020-01-10,5,41249,29005949413.61870000,415265347.06973900
2020-01-11,5,41082,27280826625.26970000,390567527.21126400
2020-01-12,5,40934,28863185083.08830000,413221453.30086600
2020-01-13,5,40613,33132094567.65860000,474337542.05357300
2020-01-14,5,40438,32452417113.56920000,464606900.59643400
2020-01-15,5,40671,29379467099.90370000,420612834.55998000
2020-01-16,5,40636,27752563836.31030000,397321180.19035300
2020-01-17,5,40571,26889948246.86510000,384971494.37139500
2020-01-18,5,40805,26016206527.85760000,372462520.67710400
2020-01-19,5,40940,26120285055.06620000,373952566.91235900
2020-01-20,5,41117,28898391584.37410000,413725489.20629600
2020-01-21,5,41094,27533683804.55880000,394187571.59661400
2020-01-22,5,41035,28241209769.18130000,404316907.86036300
2020-01-23,5,40834,32072328780.76430000,459165344.06647000
2020-01-24,5,40693,28938868739.36230000,414304982.72932500
2020-01-25,5,40664,28812770369.90960000,412499688.15306300
2020-01-26,5,40626,27106295336.13840000,388068839.94810200
2020-01-27,5,40730,29582595836.80520000,423520938.83287600
2020-01-28,5,40622,31584272329.21190000,452178055.73974300
2020-01-29,5,40743,27757679080.42470000,397394412.87762500
2020-01-30,5,41026,25712964469.45080000,368121138.26500500
2020-01-31,5,41218,27064599016.94700000,387471892.19047100
2020-02-01,5,41236,28777515346.24730000,411994957.57422900
2020-02-02,5,41107,30532522389.14630000,437120617.08590500
2020-02-03,5,41055,25481485084.11270000,364807150.29925100
2020-02-04,5,41040,26011513699.52140000,372395335.52967200
2020-02-05,5,41030,28617035699.07140000,409697441.45325300
2020-02-06,5,41002,29427302990.85640000,421297679.85070500
2020-02-07,5,40886,27182371936.15620000,389157994.97832900
2020-02-08,5,40918,22327823377.67820000,319657570.65997300
2020-02-09,5,40876,27171423512.84610000,389001251.24479600
2020-02-10,5,40801,32453898040.63480000,464628102.37415200
2020-02-11,5,40838,30227138273.44770000,432748567.78709300
2020-02-12,5,40893,25640082175.58580000,367077714.70297800
2020-02-13,5,40910,25493553922.98760000,364979934.52681200
2020-02-14,5,40853,26064870682.85750000,373159223.85780800
2020-02-15,5,40765,22456873903.74810000,321505129.95664800
2020-02-16,5,40742,22166274251.98520000,317344743.28814600
2020-02-17,5,40533,24126579273.61880000,345409563.14847900
2020-02-18,5,40519,24971800150.15580000,357510216.55722300
2020-02-19,5,40699,23583785337.10780000,337638622.46254100
2020-02-20,5,41134,23245633656.69500000,332797454.43433800
2020-02-21,5,40845,22004961476.11730000,315035299.63220900
2020-02-22,5,40582,23734115397.33570000,339790831.43682100
2020-02-23,5,40942,24240805698.95960000,347044892.35240600
2020-02-24,5,41277,26220782225.54760000,375391340.44755200
2020-02-25,5,41454,22929328310.42350000,328269050.70838600
2020-02-26,5,42162,21770436845.23560000,311677714.23306800
2020-02-27,5,42129,21689771949.25810000,310522870.59920600
2020-02-28,5,41858,25481180327.72160000,364802787.23680800
2020-02-29,5,41724,26053524607.06310000,372996787.10956000
2020-03-01,5,41549,25289623763.09690000,362060356.63548500
2020-03-02,5,41241,25435895673.55270000,364154466.87458600
2020-03-03,5,41502,23057228601.19710000,330100142.59512200
2020-03-04,5,41322,21174697100.08170000,303148771.82519300
2020-03-05,5,40974,23333477968.19420000,334055082.58443600
2020-03-06,5,40662,22265942022.82600000,318771642.67556800
2020-03-07,5,40259,23121249989.76740000,331016708.49563600
2020-03-08,5,39841,28217752109.65500000,403981074.92534800
2020-03-09,5,39712,29824541406.38240000,426984766.52870100
2020-03-10,5,40175,30404753615.12510000,435291408.06633400
2020-03-11,5,41141,29312986286.65510000,419661058.16426800
2020-03-12,5,41189,28892441334.34290000,413640302.10867100
2020-03-13,5,41446,27601140572.09060000,395153320.29808900
2020-03-14,5,41295,25970302116.86120000,371805327.53052900
2020-03-15,5,41037,29759705500.29640000,426056539.54121300
2020-03-16,5,40808,29410635379.12670000,421059057.02643300
2020-03-17,5,40598,26494264723.10950000,379306668.39107200
2020-03-18,5,40434,27459843986.12270000,393130439.57886300
2020-03-19,5,40467,30252236715.47100000,433107891.07933400
2020-03-20,5,40728,30922893127.12740000,442709382.26239000
2020-03-21,5,41023,27096253811.83390000,387925079.88647000
2020-03-22,5,41047,28331658807.76420000,405611826.73592400
2020-03-23,5,41042,30316027649.56360000,434021157.66502700
2020-03-24,5,41216,28607709821.81160000,409563926.99379700
2020-03-25,5,41006,30498097496.11110000,436627771.12005500
2020-03-26,5,41085,29168842504.66140000,417597415.39898300
2020-03-27,5,41220,25241150734.39340000,361366389.72542000
2020-03-28,5,41368,26535202334.97850000,379892754.07158500
2020-03-29,5,41265,26957538266.47760000,385939150.78396800
2020-03-30,5,41090,25078924082.15200000,359043862.50570000
2020-03-31,5,40888,22054197885.50490000,315740195.52585400
2020-04-01,5,40783,22770214554.71120000,325991089.45129300
2020-04-02,5,40798,23803296317.58370000,340781264.07006500
2020-04-03,5,40688,23520105290.61140000,336726943.40550900
2020-04-04,5,40565,20160468646.84910000,288628511.70083700
2020-04-05,5,40618,24000770590.94850000,343608415.88973800
2020-04-06,5,40626,25048867377.83190000,358613553.96543300
2020-04-07,5,40918,26338734614.58500000,377080012.62555600
2020-04-08,5,41137,24241853881.18870000,347059898.71371800
2020-04-09,5,41239,22349769035.67750000,319971756.93796000
2020-04-10,5,41279,24641344614.73320000,352779230.83248400
2020-04-11,5,41194,27445395631.41260000,392923588.87566000
2020-04-12,5,41053,27410825579.58870000,392428664.73564400
2020-04-13,5,40763,24862647391.07020000,355947524.78875300
2020-04-14,5,40796,24005207278.21040000,343671933.97871800
2020-04-15,5,40766,26648246836.04900000,381511162.18855600
2020-04-16,5,40870,25435717965.12770000,364151922.70167600
2020-04-17,5,40958,21583877389.48980000,309006825.02910800
