token,day,no,yes
012b4e335f25704e28ef196d650316dca421f730225d39e37b31b3c646eb8497,2020-01-15,594,215
012b4e335f25704e28ef196d650316dca421f730225d39e37b31b3c646eb8497,2020-01-16,2053,895
012b4e335f25704e28ef196d650316dca421f730225d39e37b31b3c646eb8497,2020-01-17,1182,519
012b4e335f25704e28ef196d650316dca421f730225d39e37b31b3c646eb8497,2020-01-18,2306,447
012b4e335f25704e28ef196d650316dca421f730225d39e37b31b3c646eb8497,2020-01-19,1913,129
012b4e335f25704e28ef196d650316dca421f730225d39e37b31b3c646eb8497,2020-01-20,2256,164
012b4e335f25704e28ef196d650316dca421f730225d39e37b31b3c646eb8497,2020-01-21,1167,32
012b4e335f25704e28ef196d650316dca421f730225d39e37b31b3c646eb8497,2020-01-22,126,24
063e38270b475ad680e98c12d1a48e322f4e8defe40b265272ea60c6d2202b13,2020-01-22,133,147
063e38270b475ad680e98c12d1a48e322f4e8defe40b265272ea60c6d2202b13,2020-01-23,710,1711
063e38270b475ad680e98c12d1a48e322f4e8defe40b265272ea60c6d2202b13,2020-01-24,220,1572
063e38270b475ad680e98c12d1a48e322f4e8defe40b265272ea60c6d2202b13,2020-01-25,137,1055
063e38270b475ad680e98c12d1a48e322f4e8defe40b265272ea60c6d2202b13,2020-01-26,84,1329
063e38270b475ad680e98c12d1a48e322f4e8defe40b265272ea60c6d2202b13,2020-01-27,217,267
063e38270b475ad680e98c12d1a48e322f4e8defe40b265272ea60c6d2202b13,2020-01-28,473,284
063e38270b475ad680e98c12d1a48e322f4e8defe40b265272ea60c6d2202b13,2020-01-29,54,160
063e38270b475ad680e98c12d1a48e322f4e8defe40b265272ea60c6d2202b13,2020-01-30,1,1
073694ed82d34b2bfff51e35220e8052ad4060899b23bc25791a9383375cae70,2019-06-24,12,1274
073694ed82d34b2bfff51e35220e8052ad4060899b23bc25791a9383375cae70,2019-06-25,109,1101
073694ed82d34b2bfff51e35220e8052ad4060899b23bc25791a9383375cae70,2019-06-26,97,454
073694ed82d34b2bfff51e35220e8052ad4060899b23bc25791a9383375cae70,2019-06-27,86,604
073694ed82d34b2bfff51e35220e8052ad4060899b23bc25791a9383375cae70,2019-06-28,204,800
073694ed82d34b2bfff51e35220e8052ad4060899b23bc25791a9383375cae70,2019-06-29,94,995
073694ed82d34b2bfff51e35220e8052ad4060899b23bc25791a9383375cae70,2019-06-30,150,6307
073694ed82d34b2bfff51e35220e8052ad4060899b23bc25791a9383375cae70,2019-07-01,78,485
0a1ff846ec271184ea4e3a921a3ccd8d478f69948b984445ee1852f272d54c58,2019-06-03,11,1041
0a1ff846ec271184ea4e3a921a3ccd8d478f69948b984445ee1852f272d54c58,2019-06-04,80,3249
0a1ff846ec271184ea4e3a921a3ccd8d478f69948b984445ee1852f272d54c58,2019-06-05,1,1452
0a1ff846ec271184ea4e3a921a3ccd8d478f69948b984445ee1852f272d54c58,2019-06-06,10,1412
0a1ff846ec271184ea4e3a921a3ccd8d478f69948b984445ee1852f272d54c58,2019-06-07,0,4893
0a1ff846ec271184ea4e3a921a3ccd8d478f69948b984445ee1852f272d54c58,2019-06-08,14,981
0a1ff846ec271184ea4e3a921a3ccd8d478f69948b984445ee1852f272d54c58,2019-06-09,0,653
0a1ff846ec271184ea4e3a921a3ccd8d478f69948b984445ee1852f272d54c58,2019-06-10,0,77
1b4b72fa08792b6500ef770546c24ee751c2b0fee2975db769722524a2754829,2019-10-21,860,91
1b4b72fa08792b6500ef770546c24ee751c2b0fee2975db769722524a2754829,2019-10-22,1536,117
1b4b72fa08792b6500ef770546c24ee751c2b0fee2975db769722524a2754829,2019-10-23,2092,25
1b4b72fa08792b6500ef770546c24ee751c2b0fee2975db769722524a2754829,2019-10-24,2073,10
1b4b72fa08792b6500ef770546c24ee751c2b0fee2975db769722524a2754829,2019-10-25,1515,46
1b4b72fa08792b6500ef770546c24ee751c2b0fee2975db769722524a2754829,2019-10-26,1298,20
1b4b72fa08792b6500ef770546c24ee751c2b0fee2975db769722524a2754829,2019-10-27,378,8
1b4b72fa08792b6500ef770546c24ee751c2b0fee2975db769722524a2754829,2019-10-28,9,0
20e967dad9e7398901decf3cfe0acf4e0853f6558a62607265c63fe791b8b124,2019-08-06,44,1701
20e967dad9e7398901decf3cfe0acf4e0853f6558a62607265c63fe791b8b124,2019-08-07,170,1821
20e967dad9e7398901decf3cfe0acf4e0853f6558a62607265c63fe791b8b124,2019-08-08,227,1154
20e967dad9e7398901decf3cfe0acf4e0853f6558a62607265c63fe791b8b124,2019-08-09,205,568
20e967dad9e7398901decf3cfe0acf4e0853f6558a62607265c63fe791b8b124,2019-08-10,129,923
20e967dad9e7398901decf3cfe0acf4e0853f6558a62607265c63fe791b8b124,2019-08-11,0,746
20e967dad9e7398901decf3cfe0acf4e0853f6558a62607265c63fe791b8b124,2019-08-12,6,1025
20e967dad9e7398901decf3cfe0acf4e0853f6558a62607265c63fe791b8b124,2019-08-13,5,4899
27f87171d98b7923a1bd2bee6affed929fa2d2a6e178b5c80a9971a92a5c7f50,2018-10-29,401,2219
27f87171d98b7923a1bd2bee6affed929fa2d2a6e178b5c80a9971a92a5c7f50,2018-10-30,1526,1269
27f87171d98b7923a1bd2bee6affed929fa2d2a6e178b5c80a9971a92a5c7f50,2018-10-31,203,5568
27f87171d98b7923a1bd2bee6affed929fa2d2a6e178b5c80a9971a92a5c7f50,2018-11-01,589,313
27f87171d98b7923a1bd2bee6affed929fa2d2a6e178b5c80a9971a92a5c7f50,2018-11-02,216,62
27f87171d98b7923a1bd2bee6affed929fa2d2a6e178b5c80a9971a92a5c7f50,2018-11-03,1514,215
27f87171d98b7923a1bd2bee6affed929fa2d2a6e178b5c80a9971a92a5c7f50,2018-11-04,2778,58
27f87171d98b7923a1bd2bee6affed929fa2d2a6e178b5c80a9971a92a5c7f50,2018-11-05,1161,5083
2ababdea7da2b3d8312a773d477272135a883ed772ba99cdf31eddb5f261d571,2019-03-27,19,357
2ababdea7da2b3d8312a773d477272135a883ed772ba99cdf31eddb5f261d571,2019-03-28,2178,1117
2ababdea7da2b3d8312a773d477272135a883ed772ba99cdf31eddb5f261d571,2019-03-29,244,1972
2ababdea7da2b3d8312a773d477272135a883ed772ba99cdf31eddb5f261d571,2019-03-30,235,1093
2ababdea7da2b3d8312a773d477272135a883ed772ba99cdf31eddb5f261d571,2019-03-31,121,544
2ababdea7da2b3d8312a773d477272135a883ed772ba99cdf31eddb5f261d571,2019-04-01,108,500
2ababdea7da2b3d8312a773d477272135a883ed772ba99cdf31eddb5f261d571,2019-04-02,82,328
2ababdea7da2b3d8312a773d477272135a883ed772ba99cdf31eddb5f261d571,2019-04-03,88,328
2eb7ddb29f151691ba14ac8c54d53f6692c1f5e8fe06244edf7d3c33fb440bd9,2019-09-04,372,485
2eb7ddb29f151691ba14ac8c54d53f6692c1f5e8fe06244edf7d3c33fb440bd9,2019-09-05,1032,2189
2eb7ddb29f151691ba14ac8c54d53f6692c1f5e8fe06244edf7d3c33fb440bd9,2019-09-06,928,952
2eb7ddb29f151691ba14ac8c54d53f6692c1f5e8fe06244edf7d3c33fb440bd9,2019-09-07,1381,1414
2eb7ddb29f151691ba14ac8c54d53f6692c1f5e8fe06244edf7d3c33fb440bd9,2019-09-08,532,864
2eb7ddb29f151691ba14ac8c54d53f6692c1f5e8fe06244edf7d3c33fb440bd9,2019-09-09,216,1405
2eb7ddb29f151691ba14ac8c54d53f6692c1f5e8fe06244edf7d3c33fb440bd9,2019-09-10,186,2531
2eb7ddb29f151691ba14ac8c54d53f6692c1f5e8fe06244edf7d3c33fb440bd9,2019-09-11,633,1561
2ef74fa5f0b558442cb85b1235c8c551a51ff5d8b8de44dead48b8b59c8fc1de,2019-10-17,383,252
2ef74fa5f0b558442cb85b1235c8c551a51ff5d8b8de44dead48b8b59c8fc1de,2019-10-18,565,69
2ef74fa5f0b558442cb85b1235c8c551a51ff5d8b8de44dead48b8b59c8fc1de,2019-10-19,283,405
2ef74fa5f0b558442cb85b1235c8c551a51ff5d8b8de44dead48b8b59c8fc1de,2019-10-20,89,181
2ef74fa5f0b558442cb85b1235c8c551a51ff5d8b8de44dead48b8b59c8fc1de,2019-10-21,250,837
2ef74fa5f0b558442cb85b1235c8c551a51ff5d8b8de44dead48b8b59c8fc1de,2019-10-22,392,1544
2ef74fa5f0b558442cb85b1235c8c551a51ff5d8b8de44dead48b8b59c8fc1de,2019-10-23,1343,3200
2ef74fa5f0b558442cb85b1235c8c551a51ff5d8b8de44dead48b8b59c8fc1de,2019-10-24,632,852
30822c16533890abc6e243eb6d12264b207c3923c14af42cd9b883e71c7003cd,2019-08-15,123,1498
30822c16533890abc6e243eb6d12264b207c3923c14af42cd9b883e71c7003cd,2019-08-16,322,3572
30822c16533890abc6e243eb6d12264b207c3923c14af42cd9b883e71c7003cd,2019-08-17,85,1638
30822c16533890abc6e243eb6d12264b207c3923c14af42cd9b883e71c7003cd,2019-08-18,165,1232
30822c16533890abc6e243eb6d12264b207c3923c14af42cd9b883e71c7003cd,2019-08-19,972,1136
30822c16533890abc6e243eb6d12264b207c3923c14af42cd9b883e71c7003cd,2019-08-20,252,391
30822c16533890abc6e243eb6d12264b207c3923c14af42cd9b883e71c7003cd,2019-08-21,83,4475
30822c16533890abc6e243eb6d12264b207c3923c14af42cd9b883e71c7003cd,2019-08-22,91,132
34707d34b09c3ebcf0d4aa604e8a08244e8f0f082c0af3f33d85778c93c81434,2018-11-16,533,0
34707d34b09c3ebcf0d4aa604e8a08244e8f0f082c0af3f33d85778c93c81434,2018-11-17,1778,195
34707d34b09c3ebcf0d4aa604e8a08244e8f0f082c0af3f33d85778c93c81434,2018-11-18,1478,14
34707d34b09c3ebcf0d4aa604e8a08244e8f0f082c0af3f33d85778c93c81434,2018-11-19,409,205
34707d34b09c3ebcf0d4aa604e8a08244e8f0f082c0af3f33d85778c93c81434,2018-11-20,1451,11
34707d34b09c3ebcf0d4aa604e8a08244e8f0f082c0af3f33d85778c93c81434,2018-11-21,487,3
34707d34b09c3ebcf0d4aa604e8a08244e8f0f082c0af3f33d85778c93c81434,2018-11-22,1153,13
34707d34b09c3ebcf0d4aa604e8a08244e8f0f082c0af3f33d85778c93c81434,2018-11-23,1023,3
417607aaedff2942ff3701cdb4eff76637eca4ed7f7ba816e5c0bd2e971602e1,2019-08-12,0,168
417607aaedff2942ff3701cdb4eff76637eca4ed7f7ba816e5c0bd2e971602e1,2019-08-13,140,3857
417607aaedff2942ff3701cdb4eff76637eca4ed7f7ba816e5c0bd2e971602e1,2019-08-14,204,1974
417607aaedff2942ff3701cdb4eff76637eca4ed7f7ba816e5c0bd2e971602e1,2019-08-15,22,1098
417607aaedff2942ff3701cdb4eff76637eca4ed7f7ba816e5c0bd2e971602e1,2019-08-16,84,448
417607aaedff2942ff3701cdb4eff76637eca4ed7f7ba816e5c0bd2e971602e1,2019-08-17,390,1119
417607aaedff2942ff3701cdb4eff76637eca4ed7f7ba816e5c0bd2e971602e1,2019-08-18,849,5082
417607aaedff2942ff3701cdb4eff76637eca4ed7f7ba816e5c0bd2e971602e1,2019-08-19,4,1168
4acb95564d36488a7ee64683a84dd7954982b2f4743e2f7a15477231f863442f,2020-01-15,774,195
4acb95564d36488a7ee64683a84dd7954982b2f4743e2f7a15477231f863442f,2020-01-16,2551,166
4acb95564d36488a7ee64683a84dd7954982b2f4743e2f7a15477231f863442f,2020-01-17,1315,31
4acb95564d36488a7ee64683a84dd7954982b2f4743e2f7a15477231f863442f,2020-01-18,1992,10
4acb95564d36488a7ee64683a84dd7954982b2f4743e2f7a15477231f863442f,2020-01-19,969,0
4acb95564d36488a7ee64683a84dd7954982b2f4743e2f7a15477231f863442f,2020-01-20,385,12
4acb95564d36488a7ee64683a84dd7954982b2f4743e2f7a15477231f863442f,2020-01-21,41,7
4acb95564d36488a7ee64683a84dd7954982b2f4743e2f7a15477231f863442f,2020-01-22,55,0
4becbe00bd5ae93312426a8cf5eeef78050f5b8b8430b45f3ea54ca89213f82b,2019-09-04,816,105
4becbe00bd5ae93312426a8cf5eeef78050f5b8b8430b45f3ea54ca89213f82b,2019-09-05,2131,310
4becbe00bd5ae93312426a8cf5eeef78050f5b8b8430b45f3ea54ca89213f82b,2019-09-06,301,501
4becbe00bd5ae93312426a8cf5eeef78050f5b8b8430b45f3ea54ca89213f82b,2019-09-07,973,1283
4becbe00bd5ae93312426a8cf5eeef78050f5b8b8430b45f3ea54ca89213f82b,2019-09-08,284,1605
4becbe00bd5ae93312426a8cf5eeef78050f5b8b8430b45f3ea54ca89213f82b,2019-09-09,298,1770
4becbe00bd5ae93312426a8cf5eeef78050f5b8b8430b45f3ea54ca89213f82b,2019-09-10,599,101
4becbe00bd5ae93312426a8cf5eeef78050f5b8b8430b45f3ea54ca89213f82b,2019-09-11,1657,611
522652954ea7998f3fca95b9c4ca8907820eb785877dcf7fba92307131818c75,2018-10-29,62,2513
522652954ea7998f3fca95b9c4ca8907820eb785877dcf7fba92307131818c75,2018-10-30,594,4494
522652954ea7998f3fca95b9c4ca8907820eb785877dcf7fba92307131818c75,2018-10-31,32,5220
522652954ea7998f3fca95b9c4ca8907820eb785877dcf7fba92307131818c75,2018-11-01,51,404
522652954ea7998f3fca95b9c4ca8907820eb785877dcf7fba92307131818c75,2018-11-02,0,204
522652954ea7998f3fca95b9c4ca8907820eb785877dcf7fba92307131818c75,2018-11-03,0,417
522652954ea7998f3fca95b9c4ca8907820eb785877dcf7fba92307131818c75,2018-11-04,0,891
522652954ea7998f3fca95b9c4ca8907820eb785877dcf7fba92307131818c75,2018-11-05,46,865
52ea110ea061c72d3b31ed2f5635720b212ce5e3eaddf868d60f53a3d18b8c04,2019-06-03,249,847
52ea110ea061c72d3b31ed2f5635720b212ce5e3eaddf868d60f53a3d18b8c04,2019-06-04,413,2478
52ea110ea061c72d3b31ed2f5635720b212ce5e3eaddf868d60f53a3d18b8c04,2019-06-05,178,537
52ea110ea061c72d3b31ed2f5635720b212ce5e3eaddf868d60f53a3d18b8c04,2019-06-06,111,704
52ea110ea061c72d3b31ed2f5635720b212ce5e3eaddf868d60f53a3d18b8c04,2019-06-07,467,4285
52ea110ea061c72d3b31ed2f5635720b212ce5e3eaddf868d60f53a3d18b8c04,2019-06-08,954,29
52ea110ea061c72d3b31ed2f5635720b212ce5e3eaddf868d60f53a3d18b8c04,2019-06-09,465,231
52ea110ea061c72d3b31ed2f5635720b212ce5e3eaddf868d60f53a3d18b8c04,2019-06-10,96,50
5431da8ff4eda8cdbf8f4f2e08566ffa573464b97ef6d6bae78e749f27800d3a,2019-03-05,150,1155
5431da8ff4eda8cdbf8f4f2e08566ffa573464b97ef6d6bae78e749f27800d3a,2019-03-06,207,2698
5431da8ff4eda8cdbf8f4f2e08566ffa573464b97ef6d6bae78e749f27800d3a,2019-03-07,109,2777
5431da8ff4eda8cdbf8f4f2e08566ffa573464b97ef6d6bae78e749f27800d3a,2019-03-08,167,344
5431da8ff4eda8cdbf8f4f2e08566ffa573464b97ef6d6bae78e749f27800d3a,2019-03-09,77,987
5431da8ff4eda8cdbf8f4f2e08566ffa573464b97ef6d6bae78e749f27800d3a,2019-03-10,175,1302
5431da8ff4eda8cdbf8f4f2e08566ffa573464b97ef6d6bae78e749f27800d3a,2019-03-11,152,827
5431da8ff4eda8cdbf8f4f2e08566ffa573464b97ef6d6bae78e749f27800d3a,2019-03-12,219,4321
5a1bd4116565d107c1672799ed16cae9e92ec633c6e39d9b463b8218e66ff759,2019-10-29,264,61
5a1bd4116565d107c1672799ed16cae9e92ec633c6e39d9b463b8218e66ff759,2019-10-30,1450,66
5a1bd4116565d107c1672799ed16cae9e92ec633c6e39d9b463b8218e66ff759,2019-10-31,490,20
5a1bd4116565d107c1672799ed16cae9e92ec633c6e39d9b463b8218e66ff759,2019-11-01,40,82
5a1bd4116565d107c1672799ed16cae9e92ec633c6e39d9b463b8218e66ff759,2019-11-02,805,24
5a1bd4116565d107c1672799ed16cae9e92ec633c6e39d9b463b8218e66ff759,2019-11-03,2679,163
5a1bd4116565d107c1672799ed16cae9e92ec633c6e39d9b463b8218e66ff759,2019-11-04,3655,55
5a1bd4116565d107c1672799ed16cae9e92ec633c6e39d9b463b8218e66ff759,2019-11-05,1736,75
5af0ce1cd325be6be39109c2750f34095c4e8feeea962ede058a1e4f4a61473e,2019-11-21,93,63
5af0ce1cd325be6be39109c2750f34095c4e8feeea962ede058a1e4f4a61473e,2019-11-22,491,646
5af0ce1cd325be6be39109c2750f34095c4e8feeea962ede058a1e4f4a61473e,2019-11-23,218,1081
5af0ce1cd325be6be39109c2750f34095c4e8feeea962ede058a1e4f4a61473e,2019-11-24,68,1558
5af0ce1cd325be6be39109c2750f34095c4e8feeea962ede058a1e4f4a61473e,2019-11-25,7,2429
5af0ce1cd325be6be39109c2750f34095c4e8feeea962ede058a1e4f4a61473e,2019-11-26,246,1530
5af0ce1cd325be6be39109c2750f34095c4e8feeea962ede058a1e4f4a61473e,2019-11-27,1536,1163
5af0ce1cd325be6be39109c2750f34095c4e8feeea962ede058a1e4f4a61473e,2019-11-28,316,553
60adb9c0946482492889e85e9bce05c309665b3438dd85cb1a837df31fbf57fb,2019-02-27,800,93
60adb9c0946482492889e85e9bce05c309665b3438dd85cb1a837df31fbf57fb,2019-02-28,3315,148
60adb9c0946482492889e85e9bce05c309665b3438dd85cb1a837df31fbf57fb,2019-03-01,764,1246
60adb9c0946482492889e85e9bce05c309665b3438dd85cb1a837df31fbf57fb,2019-03-02,664,772
60adb9c0946482492889e85e9bce05c309665b3438dd85cb1a837df31fbf57fb,2019-03-03,446,86
60adb9c0946482492889e85e9bce05c309665b3438dd85cb1a837df31fbf57fb,2019-03-04,895,24
60adb9c0946482492889e85e9bce05c309665b3438dd85cb1a837df31fbf57fb,2019-03-05,304,9
60adb9c0946482492889e85e9bce05c309665b3438dd85cb1a837df31fbf57fb,2019-03-06,67,3
65bde4146b845e7e839d6916d4d8f642bc39c250df5379c2f1e26c4ab778ec1a,2019-10-29,111,93
65bde4146b845e7e839d6916d4d8f642bc39c250df5379c2f1e26c4ab778ec1a,2019-10-30,163,1392
65bde4146b845e7e839d6916d4d8f642bc39c250df5379c2f1e26c4ab778ec1a,2019-10-31,276,386
65bde4146b845e7e839d6916d4d8f642bc39c250df5379c2f1e26c4ab778ec1a,2019-11-01,76,113
65bde4146b845e7e839d6916d4d8f642bc39c250df5379c2f1e26c4ab778ec1a,2019-11-02,32,821
65bde4146b845e7e839d6916d4d8f642bc39c250df5379c2f1e26c4ab778ec1a,2019-11-03,215,3837
65bde4146b845e7e839d6916d4d8f642bc39c250df5379c2f1e26c4ab778ec1a,2019-11-04,807,2323
65bde4146b845e7e839d6916d4d8f642bc39c250df5379c2f1e26c4ab778ec1a,2019-11-05,657,644
67de0e901143400ae2f247391c4d5028719ffea8308fbc5854745ad859fb993f,2019-06-03,147,497
67de0e901143400ae2f247391c4d5028719ffea8308fbc5854745ad859fb993f,2019-06-04,192,2964
67de0e901143400ae2f247391c4d5028719ffea8308fbc5854745ad859fb993f,2019-06-05,0,719
67de0e901143400ae2f247391c4d5028719ffea8308fbc5854745ad859fb993f,2019-06-06,54,1496
67de0e901143400ae2f247391c4d5028719ffea8308fbc5854745ad859fb993f,2019-06-07,314,4614
67de0e901143400ae2f247391c4d5028719ffea8308fbc5854745ad859fb993f,2019-06-08,360,757
67de0e901143400ae2f247391c4d5028719ffea8308fbc5854745ad859fb993f,2019-06-09,229,846
67de0e901143400ae2f247391c4d5028719ffea8308fbc5854745ad859fb993f,2019-06-10,16,196
6ceb278ecd96589f5c9dabcd7ce986bc58ebfe2d4dbb793dd5b21818711b453b,2020-02-25,181,653
6ceb278ecd96589f5c9dabcd7ce986bc58ebfe2d4dbb793dd5b21818711b453b,2020-02-26,729,671
6ceb278ecd96589f5c9dabcd7ce986bc58ebfe2d4dbb793dd5b21818711b453b,2020-02-27,1380,262
6ceb278ecd96589f5c9dabcd7ce986bc58ebfe2d4dbb793dd5b21818711b453b,2020-02-28,356,216
6ceb278ecd96589f5c9dabcd7ce986bc58ebfe2d4dbb793dd5b21818711b453b,2020-02-29,1012,476
6ceb278ecd96589f5c9dabcd7ce986bc58ebfe2d4dbb793dd5b21818711b453b,2020-03-01,1210,376
6ceb278ecd96589f5c9dabcd7ce986bc58ebfe2d4dbb793dd5b21818711b453b,2020-03-02,1497,1150
6ceb278ecd96589f5c9dabcd7ce986bc58ebfe2d4dbb793dd5b21818711b453b,2020-03-03,28,53
78b50f218106f5de40f9bd7f604b048da168f2afbec32c8662722b70d62e4d36,2019-07-30,95,1157
78b50f218106f5de40f9bd7f604b048da168f2afbec32c8662722b70d62e4d36,2019-07-31,118,739
78b50f218106f5de40f9bd7f604b048da168f2afbec32c8662722b70d62e4d36,2019-08-01,74,584
78b50f218106f5de40f9bd7f604b048da168f2afbec32c8662722b70d62e4d36,2019-08-02,73,1055
78b50f218106f5de40f9bd7f604b048da168f2afbec32c8662722b70d62e4d36,2019-08-03,25,931
78b50f218106f5de40f9bd7f604b048da168f2afbec32c8662722b70d62e4d36,2019-08-04,215,5224
78b50f218106f5de40f9bd7f604b048da168f2afbec32c8662722b70d62e4d36,2019-08-05,280,728
78b50f218106f5de40f9bd7f604b048da168f2afbec32c8662722b70d62e4d36,2019-08-06,9,212
7fe5d07a4ffff7dc6a83383018823d880b1c1db0a29305e74934817cf2b4e2ce,2018-12-04,301,481
7fe5d07a4ffff7dc6a83383018823d880b1c1db0a29305e74934817cf2b4e2ce,2018-12-05,1153,531
7fe5d07a4ffff7dc6a83383018823d880b1c1db0a29305e74934817cf2b4e2ce,2018-12-06,936,791
7fe5d07a4ffff7dc6a83383018823d880b1c1db0a29305e74934817cf2b4e2ce,2018-12-07,517,38
7fe5d07a4ffff7dc6a83383018823d880b1c1db0a29305e74934817cf2b4e2ce,2018-12-08,854,62
7fe5d07a4ffff7dc6a83383018823d880b1c1db0a29305e74934817cf2b4e2ce,2018-12-09,970,11
7fe5d07a4ffff7dc6a83383018823d880b1c1db0a29305e74934817cf2b4e2ce,2018-12-10,744,2
7fe5d07a4ffff7dc6a83383018823d880b1c1db0a29305e74934817cf2b4e2ce,2018-12-11,1442,1174
82ce113827140caaaf8b5779ab30402d3ed39f1911fdd2e8fa64cf0dc9e09ecb,2019-09-04,349,443
82ce113827140caaaf8b5779ab30402d3ed39f1911fdd2e8fa64cf0dc9e09ecb,2019-09-05,952,1425
82ce113827140caaaf8b5779ab30402d3ed39f1911fdd2e8fa64cf0dc9e09ecb,2019-09-06,1282,1014
82ce113827140caaaf8b5779ab30402d3ed39f1911fdd2e8fa64cf0dc9e09ecb,2019-09-07,1245,1673
82ce113827140caaaf8b5779ab30402d3ed39f1911fdd2e8fa64cf0dc9e09ecb,2019-09-08,1124,640
82ce113827140caaaf8b5779ab30402d3ed39f1911fdd2e8fa64cf0dc9e09ecb,2019-09-09,746,408
82ce113827140caaaf8b5779ab30402d3ed39f1911fdd2e8fa64cf0dc9e09ecb,2019-09-10,1056,555
82ce113827140caaaf8b5779ab30402d3ed39f1911fdd2e8fa64cf0dc9e09ecb,2019-09-11,702,1032
92e3f2176b332c1aea5887acd2324c2cd730ec450e563df52ddae9d5927d5d36,2020-02-13,967,122
92e3f2176b332c1aea5887acd2324c2cd730ec450e563df52ddae9d5927d5d36,2020-02-14,1708,206
92e3f2176b332c1aea5887acd2324c2cd730ec450e563df52ddae9d5927d5d36,2020-02-15,1151,1047
92e3f2176b332c1aea5887acd2324c2cd730ec450e563df52ddae9d5927d5d36,2020-02-16,994,200
92e3f2176b332c1aea5887acd2324c2cd730ec450e563df52ddae9d5927d5d36,2020-02-17,270,83
92e3f2176b332c1aea5887acd2324c2cd730ec450e563df52ddae9d5927d5d36,2020-02-18,317,88
92e3f2176b332c1aea5887acd2324c2cd730ec450e563df52ddae9d5927d5d36,2020-02-19,332,20
92e3f2176b332c1aea5887acd2324c2cd730ec450e563df52ddae9d5927d5d36,2020-02-20,739,0
950e8149e594b01c010c1199233ab11e82c9da39174ba375d286dc72bb0a54d7,2019-04-19,85,1
950e8149e594b01c010c1199233ab11e82c9da39174ba375d286dc72bb0a54d7,2019-04-20,899,545
950e8149e594b01c010c1199233ab11e82c9da39174ba375d286dc72bb0a54d7,2019-04-21,265,1089
950e8149e594b01c010c1199233ab11e82c9da39174ba375d286dc72bb0a54d7,2019-04-22,554,495
950e8149e594b01c010c1199233ab11e82c9da39174ba375d286dc72bb0a54d7,2019-04-23,898,464
950e8149e594b01c010c1199233ab11e82c9da39174ba375d286dc72bb0a54d7,2019-04-24,308,853
950e8149e594b01c010c1199233ab11e82c9da39174ba375d286dc72bb0a54d7,2019-04-25,197,1425
950e8149e594b01c010c1199233ab11e82c9da39174ba375d286dc72bb0a54d7,2019-04-26,186,736
95cfb73254a032b2c199c37bb499d6f172d044b1f38016279c5bbca6572251f0,2020-02-07,38,387
95cfb73254a032b2c199c37bb499d6f172d044b1f38016279c5bbca6572251f0,2020-02-08,83,1611
95cfb73254a032b2c199c37bb499d6f172d044b1f38016279c5bbca6572251f0,2020-02-09,234,270
95cfb73254a032b2c199c37bb499d6f172d044b1f38016279c5bbca6572251f0,2020-02-10,32,482
95cfb73254a032b2c199c37bb499d6f172d044b1f38016279c5bbca6572251f0,2020-02-11,16,830
95cfb73254a032b2c199c37bb499d6f172d044b1f38016279c5bbca6572251f0,2020-02-12,104,2489
95cfb73254a032b2c199c37bb499d6f172d044b1f38016279c5bbca6572251f0,2020-02-13,187,2243
95cfb73254a032b2c199c37bb499d6f172d044b1f38016279c5bbca6572251f0,2020-02-14,71,1097
a3def199af812b796887f4eae22e11e45f112b50c2e17252c60ed190933ec14f,2019-02-22,483,513
a3def199af812b796887f4eae22e11e45f112b50c2e17252c60ed190933ec14f,2019-02-23,206,1617
a3def199af812b796887f4eae22e11e45f112b50c2e17252c60ed190933ec14f,2019-02-24,68,1395
a3def199af812b796887f4eae22e11e45f112b50c2e17252c60ed190933ec14f,2019-02-25,81,422
a3def199af812b796887f4eae22e11e45f112b50c2e17252c60ed190933ec14f,2019-02-26,26,233
a3def199af812b796887f4eae22e11e45f112b50c2e17252c60ed190933ec14f,2019-02-27,5,543
a3def199af812b796887f4eae22e11e45f112b50c2e17252c60ed190933ec14f,2019-02-28,66,1276
a3def199af812b796887f4eae22e11e45f112b50c2e17252c60ed190933ec14f,2019-03-01,54,1775
a3def199af812b796887f4eae22e11e45f112b50c2e17252c60ed190933ec14f,2019-03-02,115,16
a3def199af812b796887f4eae22e11e45f112b50c2e17252c60ed190933ec14f,2019-03-03,287,10
a3def199af812b796887f4eae22e11e45f112b50c2e17252c60ed190933ec14f,2019-03-04,56,7
a3def199af812b796887f4eae22e11e45f112b50c2e17252c60ed190933ec14f,2019-03-05,323,8
a3def199af812b796887f4eae22e11e45f112b50c2e17252c60ed190933ec14f,2019-03-06,227,6
a4f2a91c8589b2e5a955798d6c0f4f77f2eec13b62063c5f4102c21913dcaf32,2019-06-04,15,2681
a4f2a91c8589b2e5a955798d6c0f4f77f2eec13b62063c5f4102c21913dcaf32,2019-06-05,122,1217
a4f2a91c8589b2e5a955798d6c0f4f77f2eec13b62063c5f4102c21913dcaf32,2019-06-06,29,1942
a4f2a91c8589b2e5a955798d6c0f4f77f2eec13b62063c5f4102c21913dcaf32,2019-06-07,17,913
a4f2a91c8589b2e5a955798d6c0f4f77f2eec13b62063c5f4102c21913dcaf32,2019-06-08,13,786
a4f2a91c8589b2e5a955798d6c0f4f77f2eec13b62063c5f4102c21913dcaf32,2019-06-09,0,558
a4f2a91c8589b2e5a955798d6c0f4f77f2eec13b62063c5f4102c21913dcaf32,2019-06-10,2,4062
a4f2a91c8589b2e5a955798d6c0f4f77f2eec13b62063c5f4102c21913dcaf32,2019-06-11,0,12
a677e236cb2e0fdd485980cd5d789e668d00fdc5235d01e7345d2195b8679066,2020-02-13,39,1202
a677e236cb2e0fdd485980cd5d789e668d00fdc5235d01e7345d2195b8679066,2020-02-14,113,1957
a677e236cb2e0fdd485980cd5d789e668d00fdc5235d01e7345d2195b8679066,2020-02-15,414,2004
a677e236cb2e0fdd485980cd5d789e668d00fdc5235d01e7345d2195b8679066,2020-02-16,25,1161
a677e236cb2e0fdd485980cd5d789e668d00fdc5235d01e7345d2195b8679066,2020-02-17,50,394
a677e236cb2e0fdd485980cd5d789e668d00fdc5235d01e7345d2195b8679066,2020-02-18,637,222
a677e236cb2e0fdd485980cd5d789e668d00fdc5235d01e7345d2195b8679066,2020-02-19,396,119
a677e236cb2e0fdd485980cd5d789e668d00fdc5235d01e7345d2195b8679066,2020-02-20,0,66
ad0f9688b3467734e2581604914b2cc32c6eb7991dff460eff41d21f66d88451,2019-12-03,33,1134
ad0f9688b3467734e2581604914b2cc32c6eb7991dff460eff41d21f66d88451,2019-12-04,19,1853
ad0f9688b3467734e2581604914b2cc32c6eb7991dff460eff41d21f66d88451,2019-12-05,9,1340
ad0f9688b3467734e2581604914b2cc32c6eb7991dff460eff41d21f66d88451,2019-12-06,167,514
ad0f9688b3467734e2581604914b2cc32c6eb7991dff460eff41d21f66d88451,2019-12-07,295,1069
ad0f9688b3467734e2581604914b2cc32c6eb7991dff460eff41d21f66d88451,2019-12-08,1310,2959
ad0f9688b3467734e2581604914b2cc32c6eb7991dff460eff41d21f66d88451,2019-12-09,96,2134
ad0f9688b3467734e2581604914b2cc32c6eb7991dff460eff41d21f66d88451,2019-12-10,33,209
aea224a561cfed183f514a9ac700d68ba8a6c71dfbee71208fb9bff5fffab51d,2019-03-26,179,28
aea224a561cfed183f514a9ac700d68ba8a6c71dfbee71208fb9bff5fffab51d,2019-03-27,3057,1877
aea224a561cfed183f514a9ac700d68ba8a6c71dfbee71208fb9bff5fffab51d,2019-03-28,1059,1151
aea224a561cfed183f514a9ac700d68ba8a6c71dfbee71208fb9bff5fffab51d,2019-03-29,320,897
aea224a561cfed183f514a9ac700d68ba8a6c71dfbee71208fb9bff5fffab51d,2019-03-30,231,357
aea224a561cfed183f514a9ac700d68ba8a6c71dfbee71208fb9bff5fffab51d,2019-03-31,543,507
aea224a561cfed183f514a9ac700d68ba8a6c71dfbee71208fb9bff5fffab51d,2019-04-01,573,707
aea224a561cfed183f514a9ac700d68ba8a6c71dfbee71208fb9bff5fffab51d,2019-04-02,89,1172
b9f342a0f917abb7a2ab25d5ed0aca63c06fe6dcc9d09565a9cde3b6fe7e6737,2019-05-22,561,429
b9f342a0f917abb7a2ab25d5ed0aca63c06fe6dcc9d09565a9cde3b6fe7e6737,2019-05-23,384,629
b9f342a0f917abb7a2ab25d5ed0aca63c06fe6dcc9d09565a9cde3b6fe7e6737,2019-05-24,398,1047
b9f342a0f917abb7a2ab25d5ed0aca63c06fe6dcc9d09565a9cde3b6fe7e6737,2019-05-25,720,651
b9f342a0f917abb7a2ab25d5ed0aca63c06fe6dcc9d09565a9cde3b6fe7e6737,2019-05-26,158,346
b9f342a0f917abb7a2ab25d5ed0aca63c06fe6dcc9d09565a9cde3b6fe7e6737,2019-05-27,5135,1293
b9f342a0f917abb7a2ab25d5ed0aca63c06fe6dcc9d09565a9cde3b6fe7e6737,2019-05-28,1364,4265
b9f342a0f917abb7a2ab25d5ed0aca63c06fe6dcc9d09565a9cde3b6fe7e6737,2019-05-29,564,127
bb7e19283d5c65fed598d5a2f4afcc2b5d2eab187b9cb84fc4304430f80b5ad1,2018-12-04,982,9
bb7e19283d5c65fed598d5a2f4afcc2b5d2eab187b9cb84fc4304430f80b5ad1,2018-12-05,2032,250
bb7e19283d5c65fed598d5a2f4afcc2b5d2eab187b9cb84fc4304430f80b5ad1,2018-12-06,1008,486
bb7e19283d5c65fed598d5a2f4afcc2b5d2eab187b9cb84fc4304430f80b5ad1,2018-12-07,559,139
bb7e19283d5c65fed598d5a2f4afcc2b5d2eab187b9cb84fc4304430f80b5ad1,2018-12-08,519,176
bb7e19283d5c65fed598d5a2f4afcc2b5d2eab187b9cb84fc4304430f80b5ad1,2018-12-09,272,148
bb7e19283d5c65fed598d5a2f4afcc2b5d2eab187b9cb84fc4304430f80b5ad1,2018-12-10,1591,134
bb7e19283d5c65fed598d5a2f4afcc2b5d2eab187b9cb84fc4304430f80b5ad1,2018-12-11,4425,106
bc20f986c3ea2fed2ea074c377a89f1a4b956ea0d527a8b6c099a5a8f175beb5,2020-03-20,828,386
bc20f986c3ea2fed2ea074c377a89f1a4b956ea0d527a8b6c099a5a8f175beb5,2020-03-21,862,442
bc8776180b5ea8f5d19e7d08e9fcc35f0d1e3d16974963e3e5ded65139e7b092,2018-10-29,2028,769
bc8776180b5ea8f5d19e7d08e9fcc35f0d1e3d16974963e3e5ded65139e7b092,2018-10-30,2225,638
bc8776180b5ea8f5d19e7d08e9fcc35f0d1e3d16974963e3e5ded65139e7b092,2018-10-31,5371,107
bc8776180b5ea8f5d19e7d08e9fcc35f0d1e3d16974963e3e5ded65139e7b092,2018-11-01,328,47
bc8776180b5ea8f5d19e7d08e9fcc35f0d1e3d16974963e3e5ded65139e7b092,2018-11-02,52,177
bc8776180b5ea8f5d19e7d08e9fcc35f0d1e3d16974963e3e5ded65139e7b092,2018-11-03,213,110
bc8776180b5ea8f5d19e7d08e9fcc35f0d1e3d16974963e3e5ded65139e7b092,2018-11-04,613,29
bc8776180b5ea8f5d19e7d08e9fcc35f0d1e3d16974963e3e5ded65139e7b092,2018-11-05,450,2177
bdd02d82547bd78fc95939c1e2b3df21ebec6e8d31444df5bea3c133b0199f05,2020-01-15,259,508
bdd02d82547bd78fc95939c1e2b3df21ebec6e8d31444df5bea3c133b0199f05,2020-01-16,838,1597
bdd02d82547bd78fc95939c1e2b3df21ebec6e8d31444df5bea3c133b0199f05,2020-01-17,221,680
bdd02d82547bd78fc95939c1e2b3df21ebec6e8d31444df5bea3c133b0199f05,2020-01-18,539,892
bdd02d82547bd78fc95939c1e2b3df21ebec6e8d31444df5bea3c133b0199f05,2020-01-19,43,350
bdd02d82547bd78fc95939c1e2b3df21ebec6e8d31444df5bea3c133b0199f05,2020-01-20,109,2233
bdd02d82547bd78fc95939c1e2b3df21ebec6e8d31444df5bea3c133b0199f05,2020-01-21,732,593
bdd02d82547bd78fc95939c1e2b3df21ebec6e8d31444df5bea3c133b0199f05,2020-01-22,30,400
c68bb790ba0843980bb9695de4628995e75e0d1f36c992951db49eca7b3b4bcd,2018-10-29,484,2035
c68bb790ba0843980bb9695de4628995e75e0d1f36c992951db49eca7b3b4bcd,2018-10-30,212,4329
c68bb790ba0843980bb9695de4628995e75e0d1f36c992951db49eca7b3b4bcd,2018-10-31,75,5122
c68bb790ba0843980bb9695de4628995e75e0d1f36c992951db49eca7b3b4bcd,2018-11-01,122,136
c68bb790ba0843980bb9695de4628995e75e0d1f36c992951db49eca7b3b4bcd,2018-11-02,212,8
c68bb790ba0843980bb9695de4628995e75e0d1f36c992951db49eca7b3b4bcd,2018-11-03,250,382
c68bb790ba0843980bb9695de4628995e75e0d1f36c992951db49eca7b3b4bcd,2018-11-04,148,1008
c68bb790ba0843980bb9695de4628995e75e0d1f36c992951db49eca7b3b4bcd,2018-11-05,59,1382
c830ea5afea45a0aabf4092d1bea51fb10b8bfa2d8474aac03224f0f94d3d1af,2020-03-20,780,395
c830ea5afea45a0aabf4092d1bea51fb10b8bfa2d8474aac03224f0f94d3d1af,2020-03-21,735,541
c84a76685e4437a15760033725044a15ad832f68f9d123eb837337060a09f86e,2019-02-22,384,366
c84a76685e4437a15760033725044a15ad832f68f9d123eb837337060a09f86e,2019-02-23,565,1762
c84a76685e4437a15760033725044a15ad832f68f9d123eb837337060a09f86e,2019-02-24,466,1432
c84a76685e4437a15760033725044a15ad832f68f9d123eb837337060a09f86e,2019-02-25,375,616
c84a76685e4437a15760033725044a15ad832f68f9d123eb837337060a09f86e,2019-02-26,237,343
c84a76685e4437a15760033725044a15ad832f68f9d123eb837337060a09f86e,2019-02-27,224,729
c84a76685e4437a15760033725044a15ad832f68f9d123eb837337060a09f86e,2019-02-28,192,1917
c84a76685e4437a15760033725044a15ad832f68f9d123eb837337060a09f86e,2019-03-01,96,5015
c84a76685e4437a15760033725044a15ad832f68f9d123eb837337060a09f86e,2019-03-02,32,36
c96290a2478d0a1916284438ea2c59a1215fe768a87648d04d45f6b7ecb82c3f,2019-05-06,0,374
c96290a2478d0a1916284438ea2c59a1215fe768a87648d04d45f6b7ecb82c3f,2019-05-07,153,3341
c96290a2478d0a1916284438ea2c59a1215fe768a87648d04d45f6b7ecb82c3f,2019-05-08,0,2748
c96290a2478d0a1916284438ea2c59a1215fe768a87648d04d45f6b7ecb82c3f,2019-05-09,0,862
c96290a2478d0a1916284438ea2c59a1215fe768a87648d04d45f6b7ecb82c3f,2019-05-10,8,767
c96290a2478d0a1916284438ea2c59a1215fe768a87648d04d45f6b7ecb82c3f,2019-05-11,69,420
c96290a2478d0a1916284438ea2c59a1215fe768a87648d04d45f6b7ecb82c3f,2019-05-12,0,182
c96290a2478d0a1916284438ea2c59a1215fe768a87648d04d45f6b7ecb82c3f,2019-05-13,1,264
d33a2667469b56942adf42453def6cc2292325251e4cf791e806939ea9efc9e1,2018-12-20,0,58
d33a2667469b56942adf42453def6cc2292325251e4cf791e806939ea9efc9e1,2018-12-21,7,2268
d33a2667469b56942adf42453def6cc2292325251e4cf791e806939ea9efc9e1,2018-12-22,1107,950
d33a2667469b56942adf42453def6cc2292325251e4cf791e806939ea9efc9e1,2018-12-23,33,557
d33a2667469b56942adf42453def6cc2292325251e4cf791e806939ea9efc9e1,2018-12-24,0,948
d33a2667469b56942adf42453def6cc2292325251e4cf791e806939ea9efc9e1,2018-12-25,36,128
d33a2667469b56942adf42453def6cc2292325251e4cf791e806939ea9efc9e1,2018-12-26,3,1615
d33a2667469b56942adf42453def6cc2292325251e4cf791e806939ea9efc9e1,2018-12-27,0,4541
d3e7f159b9680c059a3d4b398de2c8f6627108f28b7d61a3f10397acb4b5e509,2019-02-22,282,468
d3e7f159b9680c059a3d4b398de2c8f6627108f28b7d61a3f10397acb4b5e509,2019-02-23,230,2036
d3e7f159b9680c059a3d4b398de2c8f6627108f28b7d61a3f10397acb4b5e509,2019-02-24,226,1576
d3e7f159b9680c059a3d4b398de2c8f6627108f28b7d61a3f10397acb4b5e509,2019-02-25,228,661
d3e7f159b9680c059a3d4b398de2c8f6627108f28b7d61a3f10397acb4b5e509,2019-02-26,168,285
d3e7f159b9680c059a3d4b398de2c8f6627108f28b7d61a3f10397acb4b5e509,2019-02-27,127,548
d3e7f159b9680c059a3d4b398de2c8f6627108f28b7d61a3f10397acb4b5e509,2019-02-28,109,1634
d3e7f159b9680c059a3d4b398de2c8f6627108f28b7d61a3f10397acb4b5e509,2019-03-01,96,5340
d3e7f159b9680c059a3d4b398de2c8f6627108f28b7d61a3f10397acb4b5e509,2019-03-02,22,23
d5203291271ad7399dbdf57050e53bbd074a40e746d5778cb5f78596570dc162,2020-02-19,959,11
d5203291271ad7399dbdf57050e53bbd074a40e746d5778cb5f78596570dc162,2020-02-20,2364,56
d5203291271ad7399dbdf57050e53bbd074a40e746d5778cb5f78596570dc162,2020-02-21,1389,10
d5203291271ad7399dbdf57050e53bbd074a40e746d5778cb5f78596570dc162,2020-02-22,543,32
d5203291271ad7399dbdf57050e53bbd074a40e746d5778cb5f78596570dc162,2020-02-23,762,71
d5203291271ad7399dbdf57050e53bbd074a40e746d5778cb5f78596570dc162,2020-02-24,117,0
d5203291271ad7399dbdf57050e53bbd074a40e746d5778cb5f78596570dc162,2020-02-25,14,9
d5203291271ad7399dbdf57050e53bbd074a40e746d5778cb5f78596570dc162,2020-02-26,10,0
dac06f18bfeb5f7667e56554774de3bb99151018ce16a64f5353bab45819763b,2019-04-05,552,30
dac06f18bfeb5f7667e56554774de3bb99151018ce16a64f5353bab45819763b,2019-04-06,2185,147
dac06f18bfeb5f7667e56554774de3bb99151018ce16a64f5353bab45819763b,2019-04-07,2240,139
dac06f18bfeb5f7667e56554774de3bb99151018ce16a64f5353bab45819763b,2019-04-08,2023,34
dac06f18bfeb5f7667e56554774de3bb99151018ce16a64f5353bab45819763b,2019-04-09,1013,64
dac06f18bfeb5f7667e56554774de3bb99151018ce16a64f5353bab45819763b,2019-04-10,735,67
dac06f18bfeb5f7667e56554774de3bb99151018ce16a64f5353bab45819763b,2019-04-11,18,17
dac06f18bfeb5f7667e56554774de3bb99151018ce16a64f5353bab45819763b,2019-04-12,67,5
e3675649075a2f92269d8cdc2e1dfd71b16796477df31de7d2868cccfcffb13f,2020-01-20,347,690
e3675649075a2f92269d8cdc2e1dfd71b16796477df31de7d2868cccfcffb13f,2020-01-21,619,2901
e3675649075a2f92269d8cdc2e1dfd71b16796477df31de7d2868cccfcffb13f,2020-01-22,101,1789
e3675649075a2f92269d8cdc2e1dfd71b16796477df31de7d2868cccfcffb13f,2020-01-23,97,1481
e3675649075a2f92269d8cdc2e1dfd71b16796477df31de7d2868cccfcffb13f,2020-01-24,92,1311
e3675649075a2f92269d8cdc2e1dfd71b16796477df31de7d2868cccfcffb13f,2020-01-25,548,863
e3675649075a2f92269d8cdc2e1dfd71b16796477df31de7d2868cccfcffb13f,2020-01-26,399,716
e3675649075a2f92269d8cdc2e1dfd71b16796477df31de7d2868cccfcffb13f,2020-01-27,0,31
e559188b0febcab29c49c1f7dd5c66645e31be00894a150ef7d0b8ceb6486605,2019-12-03,177,956
e559188b0febcab29c49c1f7dd5c66645e31be00894a150ef7d0b8ceb6486605,2019-12-04,410,1392
e559188b0febcab29c49c1f7dd5c66645e31be00894a150ef7d0b8ceb6486605,2019-12-05,465,750
e559188b0febcab29c49c1f7dd5c66645e31be00894a150ef7d0b8ceb6486605,2019-12-06,229,165
e559188b0febcab29c49c1f7dd5c66645e31be00894a150ef7d0b8ceb6486605,2019-12-07,661,262
e559188b0febcab29c49c1f7dd5c66645e31be00894a150ef7d0b8ceb6486605,2019-12-08,3229,931
e559188b0febcab29c49c1f7dd5c66645e31be00894a150ef7d0b8ceb6486605,2019-12-09,2181,290
e559188b0febcab29c49c1f7dd5c66645e31be00894a150ef7d0b8ceb6486605,2019-12-10,174,77
e78bc28631d0e682912e3ece25944481bf978b906ea44b1ed36470c0f48b27fc,2018-12-04,997,2
e78bc28631d0e682912e3ece25944481bf978b906ea44b1ed36470c0f48b27fc,2018-12-05,2298,0
e78bc28631d0e682912e3ece25944481bf978b906ea44b1ed36470c0f48b27fc,2018-12-06,1297,444
e78bc28631d0e682912e3ece25944481bf978b906ea44b1ed36470c0f48b27fc,2018-12-07,675,1
e78bc28631d0e682912e3ece25944481bf978b906ea44b1ed36470c0f48b27fc,2018-12-08,497,0
e78bc28631d0e682912e3ece25944481bf978b906ea44b1ed36470c0f48b27fc,2018-12-09,424,7
e78bc28631d0e682912e3ece25944481bf978b906ea44b1ed36470c0f48b27fc,2018-12-10,1745,2
e78bc28631d0e682912e3ece25944481bf978b906ea44b1ed36470c0f48b27fc,2018-12-11,3075,0
f0d1bd7447182328b44c691de88cb660b63df17f1f3a94990af19acea57c09bb,2019-09-25,357,397
f0d1bd7447182328b44c691de88cb660b63df17f1f3a94990af19acea57c09bb,2019-09-26,182,321
f0d1bd7447182328b44c691de88cb660b63df17f1f3a94990af19acea57c09bb,2019-09-27,120,372
f0d1bd7447182328b44c691de88cb660b63df17f1f3a94990af19acea57c09bb,2019-09-28,470,636
f0d1bd7447182328b44c691de88cb660b63df17f1f3a94990af19acea57c09bb,2019-09-29,159,835
f0d1bd7447182328b44c691de88cb660b63df17f1f3a94990af19acea57c09bb,2019-09-30,49,2372
f0d1bd7447182328b44c691de88cb660b63df17f1f3a94990af19acea57c09bb,2019-10-01,439,3451
f0d1bd7447182328b44c691de88cb660b63df17f1f3a94990af19acea57c09bb,2019-10-02,81,666
f545b359fcf1b40b356e9cb556cb422cc7ff01b628b577f804cdc45ce414f5dd,2019-01-16,1260,10
f545b359fcf1b40b356e9cb556cb422cc7ff01b628b577f804cdc45ce414f5dd,2019-01-17,1008,238
f545b359fcf1b40b356e9cb556cb422cc7ff01b628b577f804cdc45ce414f5dd,2019-01-18,922,0
f545b359fcf1b40b356e9cb556cb422cc7ff01b628b577f804cdc45ce414f5dd,2019-01-19,878,1
f545b359fcf1b40b356e9cb556cb422cc7ff01b628b577f804cdc45ce414f5dd,2019-01-20,558,1
f545b359fcf1b40b356e9cb556cb422cc7ff01b628b577f804cdc45ce414f5dd,2019-01-21,453,0
f545b359fcf1b40b356e9cb556cb422cc7ff01b628b577f804cdc45ce414f5dd,2019-01-22,6034,4
f545b359fcf1b40b356e9cb556cb422cc7ff01b628b577f804cdc45ce414f5dd,2019-01-23,346,100
fa38a3593d9a3f6cb2478a24c25114f5097c572f6dadf24c78bb521ed10992a4,2018-11-14,123,659
fa38a3593d9a3f6cb2478a24c25114f5097c572f6dadf24c78bb521ed10992a4,2018-11-15,68,2127
fa38a3593d9a3f6cb2478a24c25114f5097c572f6dadf24c78bb521ed10992a4,2018-11-16,33,1118
fa38a3593d9a3f6cb2478a24c25114f5097c572f6dadf24c78bb521ed10992a4,2018-11-17,40,1244
fa38a3593d9a3f6cb2478a24c25114f5097c572f6dadf24c78bb521ed10992a4,2018-11-18,58,648
fa38a3593d9a3f6cb2478a24c25114f5097c572f6dadf24c78bb521ed10992a4,2018-11-19,114,473
fa38a3593d9a3f6cb2478a24c25114f5097c572f6dadf24c78bb521ed10992a4,2018-11-20,52,5895
fa38a3593d9a3f6cb2478a24c25114f5097c572f6dadf24c78bb521ed10992a4,2018-11-21,80,496
fb8e6ca361c807168ea0bd6ddbfb7e05896b78f2576daf92f07315e6f8b5cd83,2019-02-26,1429,683
fb8e6ca361c807168ea0bd6ddbfb7e05896b78f2576daf92f07315e6f8b5cd83,2019-02-27,446,563
fb8e6ca361c807168ea0bd6ddbfb7e05896b78f2576daf92f07315e6f8b5cd83,2019-02-28,859,1019
fb8e6ca361c807168ea0bd6ddbfb7e05896b78f2576daf92f07315e6f8b5cd83,2019-03-01,156,615
fb8e6ca361c807168ea0bd6ddbfb7e05896b78f2576daf92f07315e6f8b5cd83,2019-03-02,253,1194
fb8e6ca361c807168ea0bd6ddbfb7e05896b78f2576daf92f07315e6f8b5cd83,2019-03-03,200,323
fb8e6ca361c807168ea0bd6ddbfb7e05896b78f2576daf92f07315e6f8b5cd83,2019-03-04,353,1084
fb8e6ca361c807168ea0bd6ddbfb7e05896b78f2576daf92f07315e6f8b5cd83,2019-03-05,68,4431
fd56bb79e0383f40fc2d92f4473634c59f1aa0abda7aabe29079216202c83114,2019-04-29,93,895
fd56bb79e0383f40fc2d92f4473634c59f1aa0abda7aabe29079216202c83114,2019-04-30,9,3120
fd56bb79e0383f40fc2d92f4473634c59f1aa0abda7aabe29079216202c83114,2019-05-01,0,466
fd56bb79e0383f40fc2d92f4473634c59f1aa0abda7aabe29079216202c83114,2019-05-02,0,618
fd56bb79e0383f40fc2d92f4473634c59f1aa0abda7aabe29079216202c83114,2019-05-03,0,4877
fd56bb79e0383f40fc2d92f4473634c59f1aa0abda7aabe29079216202c83114,2019-05-04,0,524
fd56bb79e0383f40fc2d92f4473634c59f1aa0abda7aabe29079216202c83114,2019-05-05,0,1228
fd56bb79e0383f40fc2d92f4473634c59f1aa0abda7aabe29079216202c83114,2019-05-06,0,280
fdd68c87961549750adf29e178128210cb310294080211cf6a35792aa1bb7f63,2019-09-25,913,51
fdd68c87961549750adf29e178128210cb310294080211cf6a35792aa1bb7f63,2019-09-26,566,62
fdd68c87961549750adf29e178128210cb310294080211cf6a35792aa1bb7f63,2019-09-27,378,9
fdd68c87961549750adf29e178128210cb310294080211cf6a35792aa1bb7f63,2019-09-28,625,129
fdd68c87961549750adf29e178128210cb310294080211cf6a35792aa1bb7f63,2019-09-29,829,20
fdd68c87961549750adf29e178128210cb310294080211cf6a35792aa1bb7f63,2019-09-30,2077,38
fdd68c87961549750adf29e178128210cb310294080211cf6a35792aa1bb7f63,2019-10-01,3306,3
fdd68c87961549750adf29e178128210cb310294080211cf6a35792aa1bb7f63,2019-10-02,991,81
